pcd,pcd2,pcds,dointr,doterm,oscty,ced,oslaua,osward,parish,usertype,oseast1m,osnrth1m,osgrdind,oshlthau,nhser,ctry,rgn,streg,pcon,eer,teclec,ttwa,pct,itl,statsward,oa01,casward,npark,lsoa01,msoa01,ur01ind,oac01,oa11,lsoa11,msoa11,wz11,sicbl,bua11,buasd11,ru11ind,oac11,lat,long,lep1,lep2,pfa,imd,calncv,icb,oa21,lsoa21,msoa21
"AB1 0AA","AB1  0AA","AB1 0AA","198001","199606","S99999999","S99999999","S12000033","S13002843","S99999999","0","385386","0801193","1","S08000020","S99999999","S92000003","S99999999","0","S14000002","S15000001","S09000001","S22000047","S03000012","S30000026","99ZZ00","S00001364","01C30","S99999999","S01000011","S02000007","6","3C2","S00090303","S01006514","S02001237","S34002990","S03000012","S99999999","S99999999","3","1C3",57.101474,-2.242851,"S99999999","","S23000009",6715,"S99999999","S99999999","","",""
"AB1 0AB","AB1  0AB","AB1 0AB","198001","199606","S99999999","S99999999","S12000033","S13002843","S99999999","0","385177","0801314","1","S08000020","S99999999","S92000003","S99999999","0","S14000002","S15000001","S09000001","S22000047","S03000012","S30000026","99ZZ00","S00001270","01C31","S99999999","S01000011","S02000007","6","4B3","S00090303","S01006514","S02001237","S34002990","S03000012","S99999999","S99999999","3","1C3",57.102554,-2.246308,"S99999999","","S23000009",6715,"S99999999","S99999999","","",""
"AB1 0AD","AB1  0AD","AB1 0AD","198001","199606","S99999999","S99999999","S12000033","S13002843","S99999999","0","385053","0801092","1","S08000020","S99999999","S92000003","S99999999","0","S14000002","S15000001","S09000001","S22000047","S03000012","S30000026","99ZZ00","S00001364","01C30","S99999999","S01000011","S02000007","6","3C2","S00090399","S01006514","S02001237","S34003015","S03000012","S99999999","S99999999","3","6A1",57.100556,-2.248342,"S99999999","","S23000009",6715,"S99999999","S99999999","","",""
"AB1 0AE","AB1  0AE","AB1 0AE","199402","199606","S99999999","S99999999","S12000034","S13002864","S99999999","0","384600","0799300","8","S08000020","S99999999","S92000003","S99999999","0","S14000058","S15000001","S09000001","S22000047","S03000013","S30000027","99ZZ00","S00002142","02C58","S99999999","S01000333","S02000061","6","3B1","S00091322","S01006853","S02001296","S34003292","S03000013","S99999999","S99999999","6","1A2",57.084444,-2.255708,"S99999999","","S23000009",5069,"S99999999","S99999999","","",""
"AB1 0AF","AB1  0AF","AB1 0AF","199012","199207","S99999999","S99999999","S12000033","S13002843","S99999999","1","384460","0800660","8","S08000020","S99999999","S92000003","S99999999","0","S14000002","S15000001","S09000001","S22000047","S03000012","S30000026","99ZZ00","S00001266","01C30","S99999999","S01000007","S02000003","3","4D2","S00090299","S01006511","S02001236","S34003015","S03000012","S99999999","S99999999","3","6A4",57.096656,-2.258102,"S99999999","","S23000009",6253,"S99999999","S99999999","","",""
"AB1 0AG","AB1  0AG","AB1 0AG","199012","199207","S99999999","S99999999","S12000033","S13002843","S99999999","1","383890","0800710","8","S08000020","S99999999","S92000003","S99999999","0","S14000002","S15000001","S09000001","S22000047","S03000012","S30000026","99ZZ00","S00001258","01C30","S99999999","S01000001","S02000003","3","5B4","S00090291","S01006506","S02001236","S34003124","S03000012","S99999999","S99999999","3","7C3",57.097085,-2.267513,"S99999999","","S23000009",4691,"S99999999","S99999999","","",""
"AB1 0AJ","AB1  0AJ","AB1 0AJ","198001","199606","S99999999","S99999999","S12000033","S13002843","S99999999","0","384779","0800921","1","S08000020","S99999999","S92000003","S99999999","0","S14000002","S15000001","S09000001","S22000047","S03000012","S30000026","99ZZ00","S00001364","01C30","S99999999","S01000011","S02000007","6","3C2","S00090399","S01006514","S02001237","S34003015","S03000012","S99999999","S99999999","3","6A1",57.099011,-2.252854,"S99999999","","S23000009",6715,"S99999999","S99999999","","",""
"AB1 0AL","AB1  0AL","AB1 0AL","198001","199606","S99999999","S99999999","S12000033","S13002843","S99999999","0","384669","0801228","1","S08000020","S99999999","S92000003","S99999999","0","S14000002","S15000001","S09000001","S22000047","S03000012","S30000026","99ZZ00","S00001364","01C30","S99999999","S01000011","S02000007","6","3C2","S00090381","S01006511","S02001236","S34002990","S03000012","S99999999","S99999999","3","6B3",57.101765,-2.254688,"S99999999","","S23000009",6253,"S99999999","S99999999","","",""
"AB1 0AN","AB1  0AN","AB1 0AN","198001","199606","S99999999","S99999999","S12000033","S13002843","S99999999","1","385225","0800757","1","S08000020","S99999999","S92000003","S99999999","0","S14000002","S15000001","S09000001","S22000047","S03000012","S30000026","99ZZ00","S00001364","01C30","S99999999","S01000011","S02000007","6","3C2","S00090399","S01006514","S02001237","S34003015","S03000012","S99999999","S99999999","3","6A1",57.097553,-2.245483,"S99999999","","S23000009",6715,"S99999999","S99999999","","",""
"AB1 0AP","AB1  0AP","AB1 0AP","198001","199606","S99999999","S99999999","S12000033","S13002843","S99999999","0","385208","0800834","1","S08000020","S99999999","S92000003","S99999999","0","S14000002","S15000001","S09000001","S22000047","S03000012","S30000026","99ZZ00","S00001364","01C30","S99999999","S01000011","S02000007","6","3C2","S00090399","S01006514","S02001237","S34003015","S03000012","S99999999","S99999999","3","6A1",57.098244,-2.245768,"S99999999","","S23000009",6715,"S99999999","S99999999","","",""
"AB1 0AQ","AB1  0AQ","AB1 0AQ","198001","199606","S99999999","S99999999","S12000033","S13002843","S99999999","0","384800","0800870","8","S08000020","S99999999","S92000003","S99999999","0","S14000002","S15000001","S09000001","S22000047","S03000012","S30000026","99ZZ00","S00001269","01C30","S99999999","S01000007","S02000003","3","4B2","S00090399","S01006514","S02001237","S34003015","S03000012","S99999999","S99999999","3","6A1",57.098554,-2.252504,"S99999999","","S23000009",6715,"S99999999","S99999999","","",""
"AB1 0AR","AB1  0AR","AB1 0AR","198001","199606","S99999999","S99999999","S12000034","S13002864","S99999999","0","386474","0800063","1","S08000020","S99999999","S92000003","S99999999","0","S14000058","S15000001","S09000001","S22000047","S03000013","S30000027","99ZZ00","S00003113","02C58","S99999999","S01000333","S02000061","6","3B2","S00092401","S01006853","S02001296","S34003200","S03000013","S99999999","S99999999","6","1A1",57.091357,-2.224831,"S99999999","","S23000009",5069,"S99999999","S99999999","","",""
"AB1 0AS","AB1  0AS","AB1 0AS","198001","199606","S99999999","S99999999","S12000034","S13002864","S99999999","0","385889","0799228","1","S08000020","S99999999","S92000003","S99999999","0","S14000058","S15000001","S09000001","S22000047","S03000013","S30000027","99ZZ00","S00003113","02C58","S99999999","S01000333","S02000061","6","3B2","S00092401","S01006853","S02001296","S34003200","S03000013","S99999999","S99999999","6","1A1",57.083838,-2.234437,"S99999999","","S23000009",5069,"S99999999","S99999999","","",""
"AB1 0AT","AB1  0AT","AB1 0AT","198001","199606","S99999999","S99999999","S12000034","S13002864","S99999999","0","385568","0799837","1","S08000020","S99999999","S92000003","S99999999","0","S14000058","S15000001","S09000001","S22000047","S03000013","S30000027","99ZZ00","S00003113","02C58","S99999999","S01000333","S02000061","6","3B2","S00092401","S01006853","S02001296","S34003200","S03000013","S99999999","S99999999","6","1A1",57.089299,-2.239768,"S99999999","","S23000009",5069,"S99999999","S99999999","","",""
"AB1 0AX","AB1  0AX","AB1 0AX","198001","199606","S99999999","S99999999","S12000034","S13002864","S99999999","0","385079","0800549","1","S08000020","S99999999","S92000003","S99999999","0","S14000058","S15000001","S09000001","S22000047","S03000013","S30000027","99ZZ00","S00003113","02C58","S99999999","S01000333","S02000061","6","3B2","S00092401","S01006853","S02001296","S34003200","S03000013","S99999999","S99999999","6","1A1",57.095679,-2.247880,"S99999999","","S23000009",5069,"S99999999","S99999999","","",""
"AB1 0BA","AB1  0BA","AB1 0BA","198001","199606","S99999999","S99999999","S12000034","S13002864","S99999999","0","384593","0799996","1","S08000020","S99999999","S92000003","S99999999","0","S14000058","S15000001","S09000001","S22000047","S03000013","S30000027","99ZZ00","S00002142","02C58","S99999999","S01000333","S02000061","6","3B1","S00091322","S01006853","S02001296","S34003292","S03000013","S99999999","S99999999","6","1A2",57.090696,-2.255866,"S99999999","","S23000009",5069,"S99999999","S99999999","","",""
"AB1 0BB","AB1  0BB","AB1 0BB","198001","199606","S99999999","S99999999","S12000034","S13002864","S99999999","0","384426","0799509","1","S08000020","S99999999","S92000003","S99999999","0","S14000058","S15000001","S09000001","S22000047","S03000013","S30000027","99ZZ00","S00002142","02C58","S99999999","S01000333","S02000061","6","3B1","S00091322","S01006853","S02001296","S34003292","S03000013","S99999999","S99999999","6","1A2",57.086315,-2.258591,"S99999999","","S23000009",5069,"S99999999","S99999999","","",""
"AB1 0BD","AB1  0BD","AB1 0BD","198001","199606","S99999999","S99999999","S12000034","S13002864","S99999999","0","383801","0798711","1","S08000020","S99999999","S92000003","S99999999","0","S14000058","S15000001","S09000001","S22000047","S03000013","S30000027","99ZZ00","S00002142","02C58","S99999999","S01000333","S02000061","6","3B1","S00091322","S01006853","S02001296","S34003292","S03000013","S99999999","S99999999","6","1A2",57.079125,-2.268851,"S99999999","","S23000009",5069,"S99999999","S99999999","","",""
"AB1 0BE","AB1  0BE","AB1 0BE","199103","199606","S99999999","S99999999","S12000034","S13002864","S99999999","0","384495","0799987","1","S08000020","S99999999","S92000003","S99999999","0","S14000058","S15000001","S09000001","S22000047","S03000013","S30000027","99ZZ00","S00002142","02C58","S99999999","S01000333","S02000061","6","3B1","S00091322","S01006853","S02001296","S34003292","S03000013","S99999999","S99999999","6","1A2",57.090611,-2.257483,"S99999999","","S23000009",5069,"S99999999","S99999999","","",""
"AB1 0BJ","AB1  0BJ","AB1 0BJ","198001","199606","S99999999","S99999999","S12000034","S13002864","S99999999","0","384198","0798965","1","S08000020","S99999999","S92000003","S99999999","0","S14000058","S15000001","S09000001","S22000047","S03000013","S30000027","99ZZ00","S00002142","02C58","S99999999","S01000333","S02000061","6","3B1","S00091322","S01006853","S02001296","S34003292","S03000013","S99999999","S99999999","6","1A2",57.081421,-2.262319,"S99999999","","S23000009",5069,"S99999999","S99999999","","",""
"AB1 0BL","AB1  0BL","AB1 0BL","198001","199606","S99999999","S99999999","S12000034","S13002864","S99999999","0","385153","0799019","1","S08000020","S99999999","S92000003","S99999999","0","S14000058","S15000001","S09000001","S22000047","S03000013","S30000027","99ZZ00","S00002142","02C58","S99999999","S01000333","S02000061","6","3B1","S00091322","S01006853","S02001296","S34003292","S03000013","S99999999","S99999999","6","1A2",57.081938,-2.246567,"S99999999","","S23000009",5069,"S99999999","S99999999","","",""
"AB1 0BN","AB1  0BN","AB1 0BN","198001","199606","S99999999","S99999999","S12000034","S13002864","S99999999","0","384454","0797616","1","S08000020","S99999999","S92000003","S99999999","0","S14000058","S15000001","S09000001","S22000047","S03000013","S30000027","99ZZ00","S00002141","02C58","S99999999","S01000333","S02000061","6","3B1","S00091320","S01006853","S02001296","S34003292","S03000013","S99999999","S99999999","6","6A1",57.069311,-2.258011,"S99999999","","S23000009",5069,"S99999999","S99999999","","",""
"AB1 0BP","AB1  0BP","AB1 0BP","198001","199606","S99999999","S99999999","S12000034","S13002864","S99999999","0","383592","0797390","1","S08000020","S99999999","S92000003","S99999999","0","S14000058","S15000001","S09000001","S22000047","S03000013","S30000027","99ZZ00","S00002141","02C58","S99999999","S01000333","S02000061","6","3B1","S00091320","S01006853","S02001296","S34003292","S03000013","S99999999","S99999999","6","6A1",57.067251,-2.272212,"S99999999","","S23000009",5069,"S99999999","S99999999","","",""
"AB1 0BQ","AB1  0BQ","AB1 0BQ","198001","199606","S99999999","S99999999","S12000034","S13002864","S99999999","0","382833","0797458","1","S08000020","S99999999","S92000003","S99999999","0","S14000058","S15000001","S09000001","S22000047","S03000013","S30000027","99ZZ00","S00002141","02C58","S99999999","S01000333","S02000061","6","3B1","S00091320","S01006853","S02001296","S34003292","S03000013","S99999999","S99999999","6","6A1",57.067834,-2.284733,"S99999999","","S23000009",5069,"S99999999","S99999999","","",""
"AB1 0BR","AB1  0BR","AB1 0BR","198001","199606","S99999999","S99999999","S12000034","S13002864","S99999999","0","383218","0796825","1","S08000020","S99999999","S92000003","S99999999","0","S14000058","S15000001","S09000001","S22000047","S03000013","S30000027","99ZZ00","S00002141","02C58","S99999999","S01000333","S02000061","6","3B1","S00091320","S01006853","S02001296","S34003292","S03000013","S99999999","S99999999","6","6A1",57.062162,-2.278341,"S99999999","","S23000009",5069,"S99999999","S99999999","","",""
"AB1 0BS","AB1  0BS","AB1 0BS","198001","199606","S99999999","S99999999","S12000034","S13002864","S99999999","0","384007","0795624","1","S08000020","S99999999","S92000003","S99999999","0","S14000058","S15000001","S09000001","S22000047","S03000013","S30000027","99ZZ00","S00002141","02C58","S99999999","S01000333","S02000061","6","3B1","S00091321","S01006853","S02001296","S34003292","S03000013","S99999999","S99999999","6","6A3",57.051402,-2.265255,"S99999999","","S23000009",5069,"S99999999","S99999999","","",""
"AB1 0BT","AB1  0BT","AB1 0BT","198001","199606","S99999999","S99999999","S12000034","S13002864","S99999999","0","384932","0796254","1","S08000020","S99999999","S92000003","S99999999","0","S14000058","S15000001","S09000001","S22000047","S03000013","S30000027","99ZZ00","S00002141","02C58","S99999999","S01000333","S02000061","6","3B1","S00091321","S01006853","S02001296","S34003292","S03000013","S99999999","S99999999","6","6A3",57.057092,-2.250046,"S99999999","","S23000009",5069,"S99999999","S99999999","","",""
"AB1 0BX","AB1  0BX","AB1 0BX","198001","199606","S99999999","S99999999","S12000034","S13002864","S99999999","0","385814","0797610","1","S08000020","S99999999","S92000003","S99999999","0","S14000058","S15000001","S09000001","S22000047","S03000013","S30000027","99ZZ00","S00002141","02C58","S99999999","S01000333","S02000061","6","3B1","S00091321","S01006853","S02001296","S34003292","S03000013","S99999999","S99999999","6","6A3",57.069302,-2.235582,"S99999999","","S23000009",5069,"S99999999","S99999999","","",""
"AB1 0BY","AB1  0BY","AB1 0BY","198605","199606","S99999999","S99999999","S12000034","S13002864","S99999999","0","385753","0799055","1","S08000020","S99999999","S92000003","S99999999","0","S14000058","S15000001","S09000001","S22000047","S03000013","S30000027","99ZZ00","S00002142","02C58","S99999999","S01000333","S02000061","6","3B1","S00092401","S01006853","S02001296","S34003200","S03000013","S99999999","S99999999","6","1A1",57.082280,-2.236671,"S99999999","","S23000009",5069,"S99999999","S99999999","","",""
"AB1 0BZ","AB1  0BZ","AB1 0BZ","198605","199606","S99999999","S99999999","S12000034","S13002864","S99999999","0","385637","0799105","1","S08000020","S99999999","S92000003","S99999999","0","S14000058","S15000001","S09000001","S22000047","S03000013","S30000027","99ZZ00","S00002142","02C58","S99999999","S01000333","S02000061","6","3B1","S00092401","S01006853","S02001296","S34003200","S03000013","S99999999","S99999999","6","1A1",57.082726,-2.238588,"S99999999","","S23000009",5069,"S99999999","S99999999","","",""
"AB1 0DA","AB1  0DA","AB1 0DA","198001","199606","S99999999","S99999999","S12000034","S13002864","S99999999","0","386246","0797040","1","S08000020","S99999999","S92000003","S99999999","0","S14000058","S15000001","S09000001","S22000047","S03000013","S30000027","99ZZ00","S00002141","02C58","S99999999","S01000333","S02000061","6","3B1","S00091321","S01006853","S02001296","S34003292","S03000013","S99999999","S99999999","6","6A3",57.064194,-2.228427,"S99999999","","S23000009",5069,"S99999999","S99999999","","",""
"AB1 0DB","AB1  0DB","AB1 0DB","198001","199606","S99999999","S99999999","S12000034","S13002864","S99999999","0","385249","0797716","1","S08000020","S99999999","S92000003","S99999999","0","S14000058","S15000001","S09000001","S22000047","S03000013","S30000027","99ZZ00","S00002141","02C58","S99999999","S01000333","S02000061","6","3B1","S00091321","S01006853","S02001296","S34003292","S03000013","S99999999","S99999999","6","6A3",57.070236,-2.244906,"S99999999","","S23000009",5069,"S99999999","S99999999","","",""
"AB1 0DD","AB1  0DD","AB1 0DD","198001","199606","S99999999","S99999999","S12000034","S13002864","S99999999","0","386284","0800782","1","S08000020","S99999999","S92000003","S99999999","0","S14000058","S15000001","S09000001","S22000047","S03000013","S30000027","99ZZ00","S00003113","02C58","S99999999","S01000333","S02000061","6","3B2","S00092401","S01006853","S02001296","S34003200","S03000013","S99999999","S99999999","6","1A1",57.097810,-2.228006,"S99999999","","S23000009",5069,"S99999999","S99999999","","",""
"AB1 0DJ","AB1  0DJ","AB1 0DJ","198001","199606","S99999999","S99999999","S12000033","S13002843","S99999999","0","385350","0801340","8","S08000020","S99999999","S92000003","S99999999","0","S14000002","S15000001","S09000001","S22000047","S03000012","S30000026","99ZZ00","S00001270","01C31","S99999999","S01000011","S02000007","6","4B3","S00090303","S01006514","S02001237","S34002990","S03000012","S99999999","S99999999","3","1C3",57.102794,-2.243454,"S99999999","","S23000009",6715,"S99999999","S99999999","","",""
"AB1 0DL","AB1  0DL","AB1 0DL","198001","199606","S99999999","S99999999","S12000033","S13002843","S99999999","0","385386","0801193","1","S08000020","S99999999","S92000003","S99999999","0","S14000002","S15000001","S09000001","S22000047","S03000012","S30000026","99ZZ00","S00001364","01C30","S99999999","S01000011","S02000007","6","3C2","S00090303","S01006514","S02001237","S34002990","S03000012","S99999999","S99999999","3","1C3",57.101474,-2.242851,"S99999999","","S23000009",6715,"S99999999","S99999999","","",""
"AB1 0DN","AB1  0DN","AB1 0DN","198001","199606","S99999999","S99999999","S12000033","S13002843","S99999999","0","385566","0801239","1","S08000020","S99999999","S92000003","S99999999","0","S14000002","S15000001","S09000001","S22000047","S03000012","S30000026","99ZZ00","S00001270","01C31","S99999999","S01000011","S02000007","6","4B3","S00090303","S01006514","S02001237","S34002990","S03000012","S99999999","S99999999","3","1C3",57.101893,-2.239883,"S99999999","","S23000009",6715,"S99999999","S99999999","","",""
"AB1 0DP","AB1  0DP","AB1 0DP","198001","199606","S99999999","S99999999","S12000033","S13002843","S99999999","0","385622","0801182","1","S08000020","S99999999","S92000003","S99999999","0","S14000002","S15000001","S09000001","S22000047","S03000012","S30000026","99ZZ00","S00001364","01C30","S99999999","S01000011","S02000007","6","3C2","S00090303","S01006514","S02001237","S34002990","S03000012","S99999999","S99999999","3","1C3",57.101383,-2.238955,"S99999999","","S23000009",6715,"S99999999","S99999999","","",""
"AB1 0DQ","AB1  0DQ","AB1 0DQ","198001","199606","S99999999","S99999999","S12000033","S13002843","S99999999","0","385575","0801385","1","S08000020","S99999999","S92000003","S99999999","0","S14000002","S15000001","S09000001","S22000047","S03000012","S30000026","99ZZ00","S00001270","01C31","S99999999","S01000011","S02000007","6","4B3","S00090303","S01006514","S02001237","S34002990","S03000012","S99999999","S99999999","3","1C3",57.103205,-2.239743,"S99999999","","S23000009",6715,"S99999999","S99999999","","",""
"AB1 0DR","AB1  0DR","AB1 0DR","198001","199606","S99999999","S99999999","S12000033","S13002843","S99999999","0","385824","0801537","1","S08000020","S99999999","S92000003","S99999999","0","S14000002","S15000001","S09000001","S22000047","S03000012","S30000026","99ZZ00","S00001348","01C31","S99999999","S01000019","S02000007","6","4B3","S00090311","S01006513","S02001237","S34003134","S03000012","S99999999","S99999999","3","6B2",57.104578,-2.235641,"S99999999","","S23000009",6177,"S99999999","S99999999","","",""
"AB1 0DS","AB1  0DS","AB1 0DS","198001","199606","S99999999","S99999999","S12000033","S13002843","S99999999","0","385866","0801631","1","S08000020","S99999999","S92000003","S99999999","0","S14000002","S15000001","S09000001","S22000047","S03000012","S30000026","99ZZ00","S00001278","01C31","S99999999","S01000019","S02000007","6","4C2","S00090311","S01006513","S02001237","S34003134","S03000012","S99999999","S99999999","3","6B2",57.105424,-2.234953,"S99999999","","S23000009",6177,"S99999999","S99999999","","",""
"AB1 0DT","AB1  0DT","AB1 0DT","198001","199606","S99999999","S99999999","S12000033","S13002843","S99999999","0","385943","0801641","1","S08000020","S99999999","S92000003","S99999999","0","S14000002","S15000001","S09000001","S22000047","S03000012","S30000026","99ZZ00","S00001348","01C31","S99999999","S01000019","S02000007","6","4B3","S00090311","S01006513","S02001237","S34003134","S03000012","S99999999","S99999999","3","6B2",57.105516,-2.233683,"S99999999","","S23000009",6177,"S99999999","S99999999","","",""
"AB1 0DU","AB1  0DU","AB1 0DU","198001","199606","S99999999","S99999999","S12000033","S13002843","S99999999","0","385879","0801765","1","S08000020","S99999999","S92000003","S99999999","0","S14000002","S15000001","S09000001","S22000047","S03000012","S30000026","99ZZ00","S00001273","01C31","S99999999","S01000011","S02000007","6","4D1","S00090306","S01006514","S02001237","S34003134","S03000012","S99999999","S99999999","3","6A2",57.106628,-2.234746,"S99999999","","S23000009",6715,"S99999999","S99999999","","",""
"AB1 0DX","AB1  0DX","AB1 0DX","198001","199606","S99999999","S99999999","S12000033","S13002843","S99999999","0","386048","0801738","1","S08000020","S99999999","S92000003","S99999999","0","S14000002","S15000001","S09000001","S22000047","S03000012","S30000026","99ZZ00","S00001278","01C31","S99999999","S01000019","S02000007","6","4C2","S00090304","S01006516","S02001237","S34003134","S03000012","S99999999","S99999999","3","6B4",57.106391,-2.231955,"S99999999","","S23000009",5947,"S99999999","S99999999","","",""
"AB1 0DY","AB1  0DY","AB1 0DY","199402","199606","S99999999","S99999999","S12000033","S13002843","S99999999","0","385466","0801182","1","S08000020","S99999999","S92000003","S99999999","0","S14000002","S15000001","S09000001","S22000047","S03000012","S30000026","99ZZ00","S00001270","01C31","S99999999","S01000011","S02000007","6","4B3","S00090303","S01006514","S02001237","S34002990","S03000012","S99999999","S99999999","3","1C3",57.101378,-2.241530,"S99999999","","S23000009",6715,"S99999999","S99999999","","",""
"AB1 0EA","AB1  0EA","AB1 0EA","198001","199606","S99999999","S99999999","S12000033","S13002843","S99999999","0","386064","0801706","1","S08000020","S99999999","S92000003","S99999999","0","S14000002","S15000001","S09000001","S22000047","S03000012","S30000026","99ZZ00","S00001271","01C31","S99999999","S01000016","S02000007","6","4B3","S00090304","S01006516","S02001237","S34003134","S03000012","S99999999","S99999999","3","6B4",57.106104,-2.231689,"S99999999","","S23000009",5947,"S99999999","S99999999","","",""
"AB1 0EB","AB1  0EB","AB1 0EB","198001","199606","S99999999","S99999999","S12000033","S13002843","S99999999","0","385985","0801825","1","S08000020","S99999999","S92000003","S99999999","0","S14000002","S15000001","S09000001","S22000047","S03000012","S30000026","99ZZ00","S00001279","01C31","S99999999","S01000019","S02000007","6","4D2","S00090312","S01006513","S02001237","S34003134","S03000012","S99999999","S99999999","3","6B4",57.107170,-2.233000,"S99999999","","S23000009",6177,"S99999999","S99999999","","",""
"AB1 0ED","AB1  0ED","AB1 0ED","198001","199606","S99999999","S99999999","S12000033","S13002843","S99999999","0","386008","0801793","1","S08000020","S99999999","S92000003","S99999999","0","S14000002","S15000001","S09000001","S22000047","S03000012","S30000026","99ZZ00","S00001277","01C31","S99999999","S01000019","S02000007","6","4A1","S00090310","S01006513","S02001237","S34003134","S03000012","S99999999","S99999999","3","6B1",57.106884,-2.232618,"S99999999","","S23000009",6177,"S99999999","S99999999","","",""
"AB1 0EE","AB1  0EE","AB1 0EE","198001","199606","S99999999","S99999999","S12000033","S13002843","S99999999","0","386152","0801879","1","S08000020","S99999999","S92000003","S99999999","0","S14000002","S15000001","S09000001","S22000047","S03000012","S30000026","99ZZ00","S00001277","01C31","S99999999","S01000019","S02000007","6","4A1","S00090310","S01006513","S02001237","S34003134","S03000012","S99999999","S99999999","3","6B1",57.107661,-2.230246,"S99999999","","S23000009",6177,"S99999999","S99999999","","",""
"AB1 0EF","AB1  0EF","AB1 0EF","198001","199606","S99999999","S99999999","S12000033","S13002843","S99999999","0","385610","0802040","8","S08000020","S99999999","S92000003","S99999999","0","S14000002","S15000001","S09000001","S22000047","S03000012","S30000026","99ZZ00","S00001815","01C31","S99999999","S01000011","S02000007","6","4B4","S00090897","S01006514","S02001237","S34003134","S03000012","S99999999","S99999999","3","6A4",57.109090,-2.239203,"S99999999","","S23000009",6715,"S99999999","S99999999","","",""
"AB1 0EH","AB1  0EH","AB1 0EH","198001","199606","S99999999","S99999999","S12000033","S13002843","S99999999","0","385705","0801808","1","S08000020","S99999999","S92000003","S99999999","0","S14000002","S15000001","S09000001","S22000047","S03000012","S30000026","99ZZ00","S00001273","01C31","S99999999","S01000011","S02000007","6","4D1","S00090306","S01006514","S02001237","S34003134","S03000012","S99999999","S99999999","3","6A2",57.107009,-2.237621,"S99999999","","S23000009",6715,"S99999999","S99999999","","",""
"AB1 0EJ","AB1  0EJ","AB1 0EJ","198001","199606","S99999999","S99999999","S12000033","S13002843","S99999999","0","385524","0801947","1","S08000020","S99999999","S92000003","S99999999","0","S14000002","S15000001","S09000001","S22000047","S03000012","S30000026","99ZZ00","S00001272","01C31","S99999999","S01000011","S02000007","6","4B3","S00090305","S01006514","S02001237","S34003099","S03000012","S99999999","S99999999","3","6A2",57.108252,-2.240617,"S99999999","","S23000009",6715,"S99999999","S99999999","","",""
"AB1 0EL","AB1  0EL","AB1 0EL","198001","199606","S99999999","S99999999","S12000033","S13002843","S99999999","0","385296","0802185","1","S08000020","S99999999","S92000003","S99999999","0","S14000002","S15000001","S09000001","S22000047","S03000012","S30000026","99ZZ00","S00001365","01C31","S99999999","S01000023","S02000007","6","3B1","S00090400","S01006515","S02001237","S34003099","S03000012","S99999999","S99999999","6","1A2",57.110383,-2.244395,"S99999999","","S23000009",6363,"S99999999","S99999999","","",""
"AB1 0EN","AB1  0EN","AB1 0EN","198001","199606","S99999999","S99999999","S12000033","S13002843","S99999999","0","385560","0801560","8","S08000020","S99999999","S92000003","S99999999","0","S14000002","S15000001","S09000001","S22000047","S03000012","S30000026","99ZZ00","S00001272","01C31","S99999999","S01000011","S02000007","6","4B3","S00090305","S01006514","S02001237","S34003099","S03000012","S99999999","S99999999","3","6A2",57.104777,-2.240001,"S99999999","","S23000009",6715,"S99999999","S99999999","","",""
"AB1 0EP","AB1  0EP","AB1 0EP","198001","199606","S99999999","S99999999","S12000033","S13002843","S99999999","0","385143","0801535","1","S08000020","S99999999","S92000003","S99999999","0","S14000002","S15000001","S09000001","S22000047","S03000012","S30000026","99ZZ00","S00001365","01C31","S99999999","S01000023","S02000007","6","3B1","S00090400","S01006515","S02001237","S34003099","S03000012","S99999999","S99999999","6","1A2",57.104539,-2.246883,"S99999999","","S23000009",6363,"S99999999","S99999999","","",""
"AB1 0EQ","AB1  0EQ","AB1 0EQ","198001","199606","S99999999","S99999999","S12000033","S13002843","S99999999","0","384432","0801981","1","S08000020","S99999999","S92000003","S99999999","0","S14000002","S15000001","S09000001","S22000047","S03000012","S30000026","99ZZ00","S00001365","01C31","S99999999","S01000023","S02000007","6","3B1","S00090400","S01006515","S02001237","S34003099","S03000012","S99999999","S99999999","6","1A2",57.108521,-2.258647,"S99999999","","S23000009",6363,"S99999999","S99999999","","",""
"AB1 0ER","AB1  0ER","AB1 0ER","198001","199606","S99999999","S99999999","S12000033","S13002843","S99999999","0","384602","0802808","1","S08000020","S99999999","S92000003","S99999999","0","S14000002","S15000001","S09000001","S22000047","S03000012","S30000026","99ZZ00","S00001365","01C31","S99999999","S01000023","S02000007","6","3B1","S00090400","S01006515","S02001237","S34003099","S03000012","S99999999","S99999999","6","1A2",57.115956,-2.255892,"S99999999","","S23000009",6363,"S99999999","S99999999","","",""
"AB1 0ES","AB1  0ES","AB1 0ES","198001","199606","S99999999","S99999999","S12000033","S13002843","S99999999","0","383466","0803696","1","S08000020","S99999999","S92000003","S99999999","0","S14000002","S15000001","S09000001","S22000047","S03000012","S30000026","99ZZ00","S00001365","01C31","S99999999","S01000023","S02000007","6","3B1","S00090400","S01006515","S02001237","S34003099","S03000012","S99999999","S99999999","6","1A2",57.123893,-2.274709,"S99999999","","S23000009",6363,"S99999999","S99999999","","",""
"AB1 0ET","AB1  0ET","AB1 0ET","198001","199606","S99999999","S99999999","S12000033","S13002843","S99999999","0","384991","0802660","1","S08000020","S99999999","S92000003","S99999999","0","S14000002","S15000001","S09000001","S22000047","S03000012","S30000026","99ZZ00","S00001365","01C31","S99999999","S01000023","S02000007","6","3B1","S00090400","S01006515","S02001237","S34003099","S03000012","S99999999","S99999999","6","1A2",57.114640,-2.249460,"S99999999","","S23000009",6363,"S99999999","S99999999","","",""
"AB1 0EU","AB1  0EU","AB1 0EU","198001","199606","S99999999","S99999999","S12000033","S13002843","S99999999","0","385546","0801467","1","S08000020","S99999999","S92000003","S99999999","0","S14000002","S15000001","S09000001","S22000047","S03000012","S30000026","99ZZ00","S00001272","01C31","S99999999","S01000011","S02000007","6","4B3","S00090305","S01006514","S02001237","S34003099","S03000012","S99999999","S99999999","3","6A2",57.103941,-2.240226,"S99999999","","S23000009",6715,"S99999999","S99999999","","",""
"AB1 0EW","AB1  0EW","AB1 0EW","198001","199606","S99999999","S99999999","S12000033","S13002843","S99999999","0","385791","0801781","1","S08000020","S99999999","S92000003","S99999999","0","S14000002","S15000001","S09000001","S22000047","S03000012","S30000026","99ZZ00","S00001814","01C31","S99999999","S01000011","S02000007","6","4B3","S00090896","S01006514","S02001237","S34003134","S03000012","S99999999","S99999999","3","6A1",57.106769,-2.236200,"S99999999","","S23000009",6715,"S99999999","S99999999","","",""
"AB1 0EX","AB1  0EX","AB1 0EX","198001","199606","S99999999","S99999999","S12000033","S13002843","S99999999","0","385413","0803443","1","S08000020","S99999999","S92000003","S99999999","0","S14000002","S15000001","S09000001","S22000047","S03000012","S30000026","99ZZ00","S00001365","01C31","S99999999","S01000023","S02000007","6","3B1","S00090400","S01006515","S02001237","S34003099","S03000012","S99999999","S99999999","6","1A2",57.121687,-2.242538,"S99999999","","S23000009",6363,"S99999999","S99999999","","",""
"AB1 0HA","AB1  0HA","AB1 0HA","198001","199606","S99999999","S99999999","S12000033","S13002843","S99999999","0","385651","0801327","1","S08000020","S99999999","S92000003","S99999999","0","S14000002","S15000001","S09000001","S22000047","S03000012","S30000026","99ZZ00","S00001270","01C31","S99999999","S01000011","S02000007","6","4B3","S00090303","S01006514","S02001237","S34002990","S03000012","S99999999","S99999999","3","1C3",57.102686,-2.238485,"S99999999","","S23000009",6715,"S99999999","S99999999","","",""
"AB1 0HB","AB1  0HB","AB1 0HB","198001","199606","S99999999","S99999999","S12000033","S13002843","S99999999","0","385826","0801336","1","S08000020","S99999999","S92000003","S99999999","0","S14000002","S15000001","S09000001","S22000047","S03000012","S30000026","99ZZ00","S00001270","01C31","S99999999","S01000011","S02000007","6","4B3","S00090303","S01006514","S02001237","S34002990","S03000012","S99999999","S99999999","3","1C3",57.102773,-2.235597,"S99999999","","S23000009",6715,"S99999999","S99999999","","",""
"AB1 0HD","AB1  0HD","AB1 0HD","198001","199606","S99999999","S99999999","S12000033","S13002843","S99999999","0","385941","0801443","1","S08000020","S99999999","S92000003","S99999999","0","S14000002","S15000001","S09000001","S22000047","S03000012","S30000026","99ZZ00","S00001359","01C31","S99999999","S01000016","S02000007","6","4D1","S00090303","S01006514","S02001237","S34002990","S03000012","S99999999","S99999999","3","1C3",57.103737,-2.233705,"S99999999","","S23000009",6715,"S99999999","S99999999","","",""
"AB1 0HJ","AB1  0HJ","AB1 0HJ","198001","199606","S99999999","S99999999","S12000033","S13002843","S99999999","0","385924","0801562","1","S08000020","S99999999","S92000003","S99999999","0","S14000002","S15000001","S09000001","S22000047","S03000012","S30000026","99ZZ00","S00001348","01C31","S99999999","S01000019","S02000007","6","4B3","S00090311","S01006513","S02001237","S34003134","S03000012","S99999999","S99999999","3","6B2",57.104806,-2.233992,"S99999999","","S23000009",6177,"S99999999","S99999999","","",""
"AB1 0HL","AB1  0HL","AB1 0HL","198001","199606","S99999999","S99999999","S12000033","S13002843","S99999999","0","386255","0801738","1","S08000020","S99999999","S92000003","S99999999","0","S14000002","S15000001","S09000001","S22000047","S03000012","S30000026","99ZZ00","S00001271","01C31","S99999999","S01000016","S02000007","6","4B3","S00090304","S01006516","S02001237","S34003134","S03000012","S99999999","S99999999","3","6B4",57.106397,-2.228538,"S99999999","","S23000009",5947,"S99999999","S99999999","","",""
"AB1 0HN","AB1  0HN","AB1 0HN","198001","199606","S99999999","S99999999","S12000033","S13002843","S99999999","0","386452","0801865","1","S08000020","S99999999","S92000003","S99999999","0","S14000002","S15000001","S09000001","S22000047","S03000012","S30000026","99ZZ00","S00001281","01C31","S99999999","S01000019","S02000007","6","4B2","S00090314","S01006513","S02001237","S34003134","S03000012","S99999999","S99999999","3","5B2",57.107544,-2.225293,"S99999999","","S23000009",6177,"S99999999","S99999999","","",""
"AB1 0HP","AB1  0HP","AB1 0HP","198001","199606","S99999999","S99999999","S12000033","S13002843","S99999999","0","386186","0801932","1","S08000020","S99999999","S92000003","S99999999","0","S14000002","S15000001","S09000001","S22000047","S03000012","S30000026","99ZZ00","S00001281","01C31","S99999999","S01000019","S02000007","6","4B2","S00090314","S01006513","S02001237","S34003134","S03000012","S99999999","S99999999","3","5B2",57.108138,-2.229688,"S99999999","","S23000009",6177,"S99999999","S99999999","","",""
"AB1 0HQ","AB1  0HQ","AB1 0HQ","198001","199606","S99999999","S99999999","S12000033","S13002843","S99999999","0","386473","0802138","1","S08000020","S99999999","S92000003","S99999999","0","S14000002","S15000001","S09000001","S22000047","S03000012","S30000026","99ZZ00","S00001281","01C31","S99999999","S01000019","S02000007","6","4B2","S00090314","S01006513","S02001237","S34003134","S03000012","S99999999","S99999999","3","5B2",57.109997,-2.224961,"S99999999","","S23000009",6177,"S99999999","S99999999","","",""
"AB1 0HR","AB1  0HR","AB1 0HR","198001","199606","S99999999","S99999999","S12000033","S13002843","S99999999","1","386465","0801931","1","S08000020","S99999999","S92000003","S99999999","0","S14000002","S15000001","S09000001","S22000047","S03000012","S30000026","99ZZ00","S00001281","01C31","S99999999","S01000019","S02000007","6","4B2","S00090314","S01006513","S02001237","S34003134","S03000012","S99999999","S99999999","3","5B2",57.108137,-2.225082,"S99999999","","S23000009",6177,"S99999999","S99999999","","",""
"AB1 0HS","AB1  0HS","AB1 0HS","198001","199606","S99999999","S99999999","S12000033","S13002843","S99999999","0","386647","0802432","1","S08000020","S99999999","S92000003","S99999999","0","S14000002","S15000001","S09000001","S22000047","S03000012","S30000026","99ZZ00","S00001359","01C31","S99999999","S01000016","S02000007","6","4D1","S00090394","S01006516","S02001237","S34002983","S03000012","S99999999","S99999999","6","6A3",57.112643,-2.222104,"S99999999","","S23000009",5947,"S99999999","S99999999","","",""
"AB1 0HT","AB1  0HT","AB1 0HT","198001","199606","S99999999","S99999999","S12000033","S13002843","S99999999","0","386820","0801800","8","S08000020","S99999999","S92000003","S99999999","0","S14000002","S15000001","S09000001","S22000047","S03000012","S30000026","99ZZ00","S00001359","01C31","S99999999","S01000016","S02000007","6","4D1","S00090395","S01006516","S02001237","S34003015","S03000012","S99999999","S99999999","3","6A2",57.106971,-2.219214,"S99999999","","S23000009",5947,"S99999999","S99999999","","",""
"AB1 0HU","AB1  0HU","AB1 0HU","198001","199606","S99999999","S99999999","S12000033","S13002843","S99999999","0","385966","0801877","1","S08000020","S99999999","S92000003","S99999999","0","S14000002","S15000001","S09000001","S22000047","S03000012","S30000026","99ZZ00","S00001279","01C31","S99999999","S01000019","S02000007","6","4D2","S00090312","S01006513","S02001237","S34003134","S03000012","S99999999","S99999999","3","6B4",57.107637,-2.233317,"S99999999","","S23000009",6177,"S99999999","S99999999","","",""
"AB1 0HX","AB1  0HX","AB1 0HX","198001","199606","S99999999","S99999999","S12000033","S13002843","S99999999","0","386859","0802419","1","S08000020","S99999999","S92000003","S99999999","0","S14000002","S15000001","S09000001","S22000047","S03000012","S30000026","99ZZ00","S00001359","01C31","S99999999","S01000016","S02000007","6","4D1","S00090394","S01006516","S02001237","S34002983","S03000012","S99999999","S99999999","6","6A3",57.112532,-2.218603,"S99999999","","S23000009",5947,"S99999999","S99999999","","",""
"AB1 0JA","AB1  0JA","AB1 0JA","198001","199606","S99999999","S99999999","S12000033","S13002843","S99999999","0","386281","0801996","1","S08000020","S99999999","S92000003","S99999999","0","S14000002","S15000001","S09000001","S22000047","S03000012","S30000026","99ZZ00","S00001280","01C31","S99999999","S01000023","S02000007","6","4D2","S00090313","S01006515","S02001237","S34003134","S03000012","S99999999","S99999999","3","6A4",57.108715,-2.228123,"S99999999","","S23000009",6363,"S99999999","S99999999","","",""
"AB1 0JB","AB1  0JB","AB1 0JB","198001","199606","S99999999","S99999999","S12000033","S13002843","S99999999","0","386022","0801990","1","S08000020","S99999999","S92000003","S99999999","0","S14000002","S15000001","S09000001","S22000047","S03000012","S30000026","99ZZ00","S00001280","01C31","S99999999","S01000023","S02000007","6","4D2","S00090313","S01006515","S02001237","S34003134","S03000012","S99999999","S99999999","3","6A4",57.108654,-2.232398,"S99999999","","S23000009",6363,"S99999999","S99999999","","",""
"AB1 0JD","AB1  0JD","AB1 0JD","198001","199606","S99999999","S99999999","S12000033","S13002843","S99999999","0","386013","0802104","1","S08000020","S99999999","S92000003","S99999999","0","S14000002","S15000001","S09000001","S22000047","S03000012","S30000026","99ZZ00","S00001275","01C31","S99999999","S01000023","S02000007","6","4B3","S00090308","S01006515","S02001237","S34003134","S03000012","S99999999","S99999999","3","6A4",57.109677,-2.232553,"S99999999","","S23000009",6363,"S99999999","S99999999","","",""
"AB1 0JE","AB1  0JE","AB1 0JE","198001","199606","S99999999","S99999999","S12000033","S13002843","S99999999","0","385750","0802016","1","S08000020","S99999999","S92000003","S99999999","0","S14000002","S15000001","S09000001","S22000047","S03000012","S30000026","99ZZ00","S00001274","01C31","S99999999","S01000023","S02000007","6","4A1","S00090307","S01006515","S02001237","S34003134","S03000012","S99999999","S99999999","3","6A1",57.108879,-2.236890,"S99999999","","S23000009",6363,"S99999999","S99999999","","",""
"AB1 0JG","AB1  0JG","AB1 0JG","199006","199606","S99999999","S99999999","S12000033","S13002843","S99999999","0","385739","0802233","1","S08000020","S99999999","S92000003","S99999999","0","S14000002","S15000001","S09000001","S22000047","S03000012","S30000026","99ZZ00","S00001276","01C31","S99999999","S01000023","S02000007","6","4A1","S00090309","S01006515","S02001237","S34003134","S03000012","S99999999","S99999999","3","6A2",57.110828,-2.237084,"S99999999","","S23000009",6363,"S99999999","S99999999","","",""
"AB1 0JH","AB1  0JH","AB1 0JH","198001","199606","S99999999","S99999999","S12000033","S13002843","S99999999","0","386069","0802238","1","S08000020","S99999999","S92000003","S99999999","0","S14000002","S15000001","S09000001","S22000047","S03000012","S30000026","99ZZ00","S00001275","01C31","S99999999","S01000023","S02000007","6","4B3","S00090308","S01006515","S02001237","S34003134","S03000012","S99999999","S99999999","3","6A4",57.110883,-2.231636,"S99999999","","S23000009",6363,"S99999999","S99999999","","",""
"AB1 0JJ","AB1  0JJ","AB1 0JJ","198001","199606","S99999999","S99999999","S12000033","S13002843","S99999999","0","386071","0802185","1","S08000020","S99999999","S92000003","S99999999","0","S14000002","S15000001","S09000001","S22000047","S03000012","S30000026","99ZZ00","S00001275","01C31","S99999999","S01000023","S02000007","6","4B3","S00090308","S01006515","S02001237","S34003134","S03000012","S99999999","S99999999","3","6A4",57.110407,-2.231600,"S99999999","","S23000009",6363,"S99999999","S99999999","","",""
"AB1 0JL","AB1  0JL","AB1 0JL","198001","199606","S99999999","S99999999","S12000033","S13002843","S99999999","0","385750","0802464","1","S08000020","S99999999","S92000003","S99999999","0","S14000002","S15000001","S09000001","S22000047","S03000012","S30000026","99ZZ00","S00001365","01C31","S99999999","S01000023","S02000007","6","3B1","S00090400","S01006515","S02001237","S34003099","S03000012","S99999999","S99999999","6","1A2",57.112903,-2.236916,"S99999999","","S23000009",6363,"S99999999","S99999999","","",""
"AB1 0JN","AB1  0JN","AB1 0JN","198001","199607","S99999999","S99999999","S12000033","S13002843","S99999999","0","385320","0802220","8","S08000020","S99999999","S92000003","S99999999","0","S14000002","S15000001","S09000001","S22000047","S03000012","S30000026","99ZZ00","S00001365","01C31","S99999999","S01000023","S02000007","6","3B1","S00090400","S01006515","S02001237","S34003099","S03000012","S99999999","S99999999","6","1A2",57.110698,-2.244001,"S99999999","","S23000009",6363,"S99999999","S99999999","","",""
"AB1 0JP","AB1  0JP","AB1 0JP","198001","199606","S99999999","S99999999","S12000033","S13002843","S99999999","0","386595","0801770","1","S08000020","S99999999","S92000003","S99999999","0","S14000002","S15000001","S09000001","S22000047","S03000012","S30000026","99ZZ00","S00001349","01C31","S99999999","S01000016","S02000007","6","4D1","S00090382","S01006516","S02001237","S34003015","S03000012","S99999999","S99999999","3","1A3",57.106695,-2.222927,"S99999999","","S23000009",5947,"S99999999","S99999999","","",""
"AB1 0JQ","AB1  0JQ","AB1 0JQ","198001","199606","S99999999","S99999999","S12000033","S13002843","S99999999","0","386803","0801652","1","S08000020","S99999999","S92000003","S99999999","0","S14000002","S15000001","S09000001","S22000047","S03000012","S30000026","99ZZ00","S00001359","01C31","S99999999","S01000016","S02000007","6","4D1","S00090395","S01006516","S02001237","S34003015","S03000012","S99999999","S99999999","3","6A2",57.105641,-2.219487,"S99999999","","S23000009",5947,"S99999999","S99999999","","",""
"AB1 0JR","AB1  0JR","AB1 0JR","198001","199606","S99999999","S99999999","S12000033","S13002843","S99999999","0","386774","0801585","1","S08000020","S99999999","S92000003","S99999999","0","S14000002","S15000001","S09000001","S22000047","S03000012","S30000026","99ZZ00","S00001359","01C31","S99999999","S01000016","S02000007","6","4D1","S00090395","S01006516","S02001237","S34003015","S03000012","S99999999","S99999999","3","6A2",57.105038,-2.219962,"S99999999","","S23000009",5947,"S99999999","S99999999","","",""
"AB1 0JS","AB1  0JS","AB1 0JS","198001","199606","S99999999","S99999999","S12000033","S13002843","S99999999","0","386584","0801718","1","S08000020","S99999999","S92000003","S99999999","0","S14000002","S15000001","S09000001","S22000047","S03000012","S30000026","99ZZ00","S00001349","01C31","S99999999","S01000016","S02000007","6","4D1","S00090382","S01006516","S02001237","S34003015","S03000012","S99999999","S99999999","3","1A3",57.106227,-2.223106,"S99999999","","S23000009",5947,"S99999999","S99999999","","",""
"AB1 0JT","AB1  0JT","AB1 0JT","198511","199606","S99999999","S99999999","S12000033","S13002843","S99999999","0","385866","0802226","1","S08000020","S99999999","S92000003","S99999999","0","S14000002","S15000001","S09000001","S22000047","S03000012","S30000026","99ZZ00","S00001274","01C31","S99999999","S01000023","S02000007","6","4A1","S00090307","S01006515","S02001237","S34003134","S03000012","S99999999","S99999999","3","6A1",57.110769,-2.234987,"S99999999","","S23000009",6363,"S99999999","S99999999","","",""
"AB1 0JU","AB1  0JU","AB1 0JU","198511","199606","S99999999","S99999999","S12000033","S13002843","S99999999","0","385921","0802363","1","S08000020","S99999999","S92000003","S99999999","0","S14000002","S15000001","S09000001","S22000047","S03000012","S30000026","99ZZ00","S00001274","01C31","S99999999","S01000023","S02000007","6","4A1","S00090307","S01006515","S02001237","S34003134","S03000012","S99999999","S99999999","3","6A1",57.112001,-2.234087,"S99999999","","S23000009",6363,"S99999999","S99999999","","",""
"AB1 0JW","AB1  0JW","AB1 0JW","198511","199606","S99999999","S99999999","S12000033","S13002843","S99999999","0","385836","0802294","1","S08000020","S99999999","S92000003","S99999999","0","S14000002","S15000001","S09000001","S22000047","S03000012","S30000026","99ZZ00","S00001274","01C31","S99999999","S01000023","S02000007","6","4A1","S00090307","S01006515","S02001237","S34003134","S03000012","S99999999","S99999999","3","6A1",57.111379,-2.235486,"S99999999","","S23000009",6363,"S99999999","S99999999","","",""
"AB1 0JX","AB1  0JX","AB1 0JX","199009","199606","S99999999","S99999999","S12000033","S13002843","S99999999","0","385822","0802264","1","S08000020","S99999999","S92000003","S99999999","0","S14000002","S15000001","S09000001","S22000047","S03000012","S30000026","99ZZ00","S00001276","01C31","S99999999","S01000023","S02000007","6","4A1","S00090309","S01006515","S02001237","S34003134","S03000012","S99999999","S99999999","3","6A2",57.111109,-2.235716,"S99999999","","S23000009",6363,"S99999999","S99999999","","",""
"AB1 0JY","AB1  0JY","AB1 0JY","199006","199606","S99999999","S99999999","S12000033","S13002843","S99999999","0","385608","0802163","1","S08000020","S99999999","S92000003","S99999999","0","S14000002","S15000001","S09000001","S22000047","S03000012","S30000026","99ZZ00","S00001276","01C31","S99999999","S01000023","S02000007","6","4A1","S00090309","S01006515","S02001237","S34003134","S03000012","S99999999","S99999999","3","6A2",57.110195,-2.239243,"S99999999","","S23000009",6363,"S99999999","S99999999","","",""
"AB1 0JZ","AB1  0JZ","AB1 0JZ","199006","199606","S99999999","S99999999","S12000033","S13002843","S99999999","0","385717","0802212","1","S08000020","S99999999","S92000003","S99999999","0","S14000002","S15000001","S09000001","S22000047","S03000012","S30000026","99ZZ00","S00001276","01C31","S99999999","S01000023","S02000007","6","4A1","S00090309","S01006515","S02001237","S34003134","S03000012","S99999999","S99999999","3","6A2",57.110638,-2.237446,"S99999999","","S23000009",6363,"S99999999","S99999999","","",""
"AB1 0LA","AB1  0LA","AB1 0LA","198001","199606","S99999999","S99999999","S12000033","S13002843","S99999999","0","383616","0801140","1","S08000020","S99999999","S92000003","S99999999","0","S14000002","S15000001","S09000001","S22000047","S03000012","S30000026","99ZZ00","S00001257","01C30","S99999999","S01000005","S02000003","3","5C1","S00090290","S01006508","S02001236","S34002990","S03000012","S99999999","S99999999","3","7A1",57.100938,-2.272063,"S99999999","","S23000009",5686,"S99999999","S99999999","","",""
"AB1 0LB","AB1  0LB","AB1 0LB","198001","199606","S99999999","S99999999","S12000033","S13002843","S99999999","0","383539","0801232","1","S08000020","S99999999","S92000003","S99999999","0","S14000002","S15000001","S09000001","S22000047","S03000012","S30000026","99ZZ00","S00001255","01C30","S99999999","S01000013","S02000003","3","5B1","S00090288","S01006507","S02001236","S34002990","S03000012","S99999999","S99999999","3","7C1",57.101762,-2.273340,"S99999999","","S23000009",4862,"S99999999","S99999999","","",""
"AB1 0LD","AB1  0LD","AB1 0LD","198001","199606","S99999999","S99999999","S12000033","S13002843","S99999999","0","383624","0801298","1","S08000020","S99999999","S92000003","S99999999","0","S14000002","S15000001","S09000001","S22000047","S03000012","S30000026","99ZZ00","S00001809","01C30","S99999999","S01000013","S02000003","3","1A2","S00090891","S01006507","S02001236","S34002990","S03000012","S99999999","S99999999","3","8C3",57.102358,-2.271941,"S99999999","","S23000009",4862,"S99999999","S99999999","","",""
"AB1 0LE","AB1  0LE","AB1 0LE","199201","199606","S99999999","S99999999","S12000033","S13002843","S99999999","0","383543","0800383","1","S08000020","S99999999","S92000003","S99999999","0","S14000002","S15000001","S09000001","S22000047","S03000012","S30000026","99ZZ00","S00001805","01C30","S99999999","S01000001","S02000003","3","5B4","S00090888","S01006506","S02001236","S34002978","S03000012","S99999999","S99999999","3","7A2",57.094135,-2.273218,"S99999999","","S23000009",4691,"S99999999","S99999999","","",""
"AB1 0LJ","AB1  0LJ","AB1 0LJ","198001","199606","S99999999","S99999999","S12000033","S13002843","S99999999","0","384141","0800394","1","S08000020","S99999999","S92000003","S99999999","0","S14000002","S15000001","S09000001","S22000047","S03000012","S30000026","99ZZ00","S00000008","01C30","S99999999","S01000001","S02000003","6","3C2","S00088963","S01006506","S02001236","S34002978","S03000012","S99999999","S99999999","6","1A2",57.094255,-2.263350,"S99999999","","S23000009",4691,"S99999999","S99999999","","",""
"AB1 0LL","AB1  0LL","AB1 0LL","198001","199606","S99999999","S99999999","S12000033","S13002843","S99999999","0","383814","0800304","1","S08000020","S99999999","S92000003","S99999999","0","S14000002","S15000001","S09000001","S22000047","S03000012","S30000026","99ZZ00","S00000008","01C30","S99999999","S01000001","S02000003","6","3C2","S00088963","S01006506","S02001236","S34002978","S03000012","S99999999","S99999999","6","1A2",57.093435,-2.268740,"S99999999","","S23000009",4691,"S99999999","S99999999","","",""
"AB1 0LN","AB1  0LN","AB1 0LN","198001","199606","S99999999","S99999999","S12000033","S13002843","S99999999","0","383823","0799730","1","S08000020","S99999999","S92000003","S99999999","0","S14000002","S15000001","S09000001","S22000047","S03000012","S30000026","99ZZ00","S00000008","01C30","S99999999","S01000001","S02000003","6","3C2","S00088963","S01006506","S02001236","S34002978","S03000012","S99999999","S99999999","6","1A2",57.088280,-2.268555,"S99999999","","S23000009",4691,"S99999999","S99999999","","",""
"AB1 0LP","AB1  0LP","AB1 0LP","198001","199606","S99999999","S99999999","S12000033","S13002843","S99999999","0","383750","0800340","8","S08000020","S99999999","S92000003","S99999999","0","S14000002","S15000001","S09000001","S22000047","S03000012","S30000026","99ZZ00","S00001806","01C30","S99999999","S01000001","S02000003","3","4B3","S00088964","S01006506","S02001236","S34002978","S03000012","S99999999","S99999999","3","6A4",57.093757,-2.269799,"S99999999","","S23000009",4691,"S99999999","S99999999","","",""
"AB1 0LQ","AB1  0LQ","AB1 0LQ","198001","199606","S99999999","S99999999","S12000033","S13002843","S99999999","0","383530","0800385","3","S08000020","S99999999","S92000003","S99999999","0","S14000002","S15000001","S09000001","S22000047","S03000012","S30000026","99ZZ00","S00001805","01C30","S99999999","S01000001","S02000003","3","5B4","S00090888","S01006506","S02001236","S34002978","S03000012","S99999999","S99999999","3","7A2",57.094153,-2.273432,"S99999999","","S23000009",4691,"S99999999","S99999999","","",""
"AB1 0LR","AB1  0LR","AB1 0LR","198001","199606","S99999999","S99999999","S12000033","S13002843","S99999999","0","383583","0800488","1","S08000020","S99999999","S92000003","S99999999","0","S14000002","S15000001","S09000001","S22000047","S03000012","S30000026","99ZZ00","S00001805","01C30","S99999999","S01000001","S02000003","3","5B4","S00090888","S01006506","S02001236","S34002978","S03000012","S99999999","S99999999","3","7A2",57.095080,-2.272565,"S99999999","","S23000009",4691,"S99999999","S99999999","","",""
"AB1 0LS","AB1  0LS","AB1 0LS","198001","199606","S99999999","S99999999","S12000033","S13002843","S99999999","0","383429","0800365","1","S08000020","S99999999","S92000003","S99999999","0","S14000002","S15000001","S09000001","S22000047","S03000012","S30000026","99ZZ00","S00000008","01C30","S99999999","S01000001","S02000003","6","3C2","S00088963","S01006506","S02001236","S34002978","S03000012","S99999999","S99999999","6","1A2",57.093970,-2.275098,"S99999999","","S23000009",4691,"S99999999","S99999999","","",""
"AB1 0LT","AB1  0LT","AB1 0LT","198001","199606","S99999999","S99999999","S12000034","S13002865","S99999999","0","382324","0799779","1","S08000020","S99999999","S92000003","S99999999","0","S14000058","S15000001","S09000001","S22000047","S03000013","S30000027","99ZZ00","S00002197","02C58","S99999999","S01000340","S02000061","6","3B1","S00091391","S01006857","S02001296","S34003353","S03000013","S99999999","S99999999","6","1A2",57.088664,-2.293291,"S99999999","","S23000009",5375,"S99999999","S99999999","","",""
"AB1 0LX","AB1  0LX","AB1 0LX","198001","199606","S99999999","S99999999","S12000033","S13002843","S99999999","0","383588","0800702","1","S08000020","S99999999","S92000003","S99999999","0","S14000002","S15000001","S09000001","S22000047","S03000012","S30000026","99ZZ00","S00001835","01C30","S99999999","S01000005","S02000003","3","2B1","S00090919","S01006508","S02001236","S34002978","S03000012","S99999999","S99999999","3","7C1",57.097003,-2.272496,"S99999999","","S23000009",5686,"S99999999","S99999999","","",""
"AB1 0NA","AB1  0NA","AB1 0NA","198001","199606","S99999999","S99999999","S12000033","S13002843","S99999999","0","383512","0800889","1","S08000020","S99999999","S92000003","S99999999","0","S14000002","S15000001","S09000001","S22000047","S03000012","S30000026","99ZZ00","S00000008","01C30","S99999999","S01000001","S02000003","6","3C2","S00090385","S01006508","S02001236","S34003124","S03000012","S99999999","S99999999","3","5B3",57.098680,-2.273763,"S99999999","","S23000009",5686,"S99999999","S99999999","","",""
"AB1 0NB","AB1  0NB","AB1 0NB","198001","199606","S99999999","S99999999","S12000034","S13002865","S99999999","0","382818","0801303","1","S08000020","S99999999","S92000003","S99999999","0","S14000058","S15000001","S09000001","S22000047","S03000013","S30000027","99ZZ00","S00002197","02C58","S99999999","S01000340","S02000061","6","3B1","S00091391","S01006857","S02001296","S34003353","S03000013","S99999999","S99999999","6","1A2",57.102373,-2.285246,"S99999999","","S23000009",5375,"S99999999","S99999999","","",""
"AB1 0ND","AB1  0ND","AB1 0ND","198001","199606","S99999999","S99999999","S12000034","S13002865","S99999999","0","382257","0801366","1","S08000020","S99999999","S92000003","S99999999","0","S14000058","S15000001","S09000001","S22000047","S03000013","S30000027","99ZZ00","S00002197","02C58","S99999999","S01000340","S02000061","6","3B1","S00091391","S01006857","S02001296","S34003353","S03000013","S99999999","S99999999","6","1A2",57.102918,-2.294510,"S99999999","","S23000009",5375,"S99999999","S99999999","","",""
"AB1 0NE","AB1  0NE","AB1 0NE","198001","199606","S99999999","S99999999","S12000033","S13002843","S99999999","0","384443","0801205","1","S08000020","S99999999","S92000003","S99999999","0","S14000002","S15000001","S09000001","S22000047","S03000012","S30000026","99ZZ00","S00001347","01C30","S99999999","S01000007","S02000003","3","4B3","S00090381","S01006511","S02001236","S34002990","S03000012","S99999999","S99999999","3","6B3",57.101551,-2.258417,"S99999999","","S23000009",6253,"S99999999","S99999999","","",""
"AB1 0NJ","AB1  0NJ","AB1 0NJ","198001","199606","S99999999","S99999999","S12000033","S13002843","S99999999","0","382494","0801425","1","S08000020","S99999999","S92000003","S99999999","0","S14000002","S15000001","S09000001","S22000047","S03000012","S30000026","99ZZ00","S00001466","01C30","S99999999","S01000024","S02000003","6","3B1","S00090510","S01006512","S02001236","S34003099","S03000012","S99999999","S99999999","6","6A2",57.103457,-2.290602,"S99999999","","S23000009",5692,"S99999999","S99999999","","",""
"AB1 0NL","AB1  0NL","AB1 0NL","198001","199606","S99999999","S99999999","S12000033","S13002843","S99999999","0","383174","0801616","1","S08000020","S99999999","S92000003","S99999999","0","S14000002","S15000001","S09000001","S22000047","S03000012","S30000026","99ZZ00","S00001466","01C30","S99999999","S01000024","S02000003","6","3B1","S00090510","S01006512","S02001236","S34003099","S03000012","S99999999","S99999999","6","6A2",57.105198,-2.279391,"S99999999","","S23000009",5692,"S99999999","S99999999","","",""
"AB1 0NN","AB1  0NN","AB1 0NN","198001","199606","S99999999","S99999999","S12000033","S13002843","S99999999","0","383320","0801500","8","S08000020","S99999999","S92000003","S99999999","0","S14000002","S15000001","S09000001","S22000047","S03000012","S30000026","99ZZ00","S00001832","01C30","S99999999","S01000013","S02000003","3","3C1","S00090916","S01006507","S02001236","S34002990","S03000012","S99999999","S99999999","3","6A4",57.104161,-2.276973,"S99999999","","S23000009",4862,"S99999999","S99999999","","",""
"AB1 0NP","AB1  0NP","AB1 0NP","198001","199606","S99999999","S99999999","S12000033","S13002843","S99999999","0","383704","0801567","1","S08000020","S99999999","S92000003","S99999999","0","S14000002","S15000001","S09000001","S22000047","S03000012","S30000026","99ZZ00","S00001366","01C30","S99999999","S01000024","S02000003","6","3B1","S00090890","S01006512","S02001236","S34003099","S03000012","S99999999","S99999999","3","1A2",57.104777,-2.270638,"S99999999","","S23000009",5692,"S99999999","S99999999","","",""
"AB1 0NQ","AB1  0NQ","AB1 0NQ","198001","199606","S99999999","S99999999","S12000033","S13002843","S99999999","0","384430","0801370","8","S08000020","S99999999","S92000003","S99999999","0","S14000002","S15000001","S09000001","S22000047","S03000012","S30000026","99ZZ00","S00001347","01C30","S99999999","S01000007","S02000003","3","4B3","S00090381","S01006511","S02001236","S34002990","S03000012","S99999999","S99999999","3","6B3",57.103033,-2.258642,"S99999999","","S23000009",6253,"S99999999","S99999999","","",""
"AB1 0NR","AB1  0NR","AB1 0NR","198001","199512","S99999999","S99999999","S12000033","S13002843","S99999999","1","384430","0801370","8","S08000020","S99999999","S92000003","S99999999","0","S14000002","S15000001","S09000001","S22000047","S03000012","S30000026","99ZZ00","S00001347","01C30","S99999999","S01000007","S02000003","3","4B3","S00090381","S01006511","S02001236","S34002990","S03000012","S99999999","S99999999","3","6B3",57.103033,-2.258642,"S99999999","","S23000009",6253,"S99999999","S99999999","","",""
"AB1 0NS","AB1  0NS","AB1 0NS","198001","199606","S99999999","S99999999","S12000033","S13002843","S99999999","0","383788","0801883","1","S08000020","S99999999","S92000003","S99999999","0","S14000002","S15000001","S09000001","S22000047","S03000012","S30000026","99ZZ00","S00001366","01C30","S99999999","S01000024","S02000003","6","3B1","S00090401","S01006512","S02001236","S34003099","S03000012","S99999999","S99999999","6","1A2",57.107619,-2.269272,"S99999999","","S23000009",5692,"S99999999","S99999999","","",""
"AB1 0NT","AB1  0NT","AB1 0NT","198001","199606","S99999999","S99999999","S12000033","S13002843","S99999999","0","383365","0801922","1","S08000020","S99999999","S92000003","S99999999","0","S14000002","S15000001","S09000001","S22000047","S03000012","S30000026","99ZZ00","S00001366","01C30","S99999999","S01000024","S02000003","6","3B1","S00090401","S01006512","S02001236","S34003099","S03000012","S99999999","S99999999","6","1A2",57.107954,-2.276258,"S99999999","","S23000009",5692,"S99999999","S99999999","","",""
"AB1 0NX","AB1  0NX","AB1 0NX","198001","199606","S99999999","S99999999","S12000033","S13002843","S99999999","0","382750","0801800","8","S08000020","S99999999","S92000003","S99999999","0","S14000002","S15000001","S09000001","S22000047","S03000012","S30000026","99ZZ00","S00001366","01C30","S99999999","S01000024","S02000003","6","3B1","S00090401","S01006512","S02001236","S34003099","S03000012","S99999999","S99999999","6","1A2",57.106835,-2.286402,"S99999999","","S23000009",5692,"S99999999","S99999999","","",""
"AB1 0PA","AB1  0PA","AB1 0PA","198001","199606","S99999999","S99999999","S12000033","S13002843","S99999999","0","382810","0802260","8","S08000020","S99999999","S92000003","S99999999","0","S14000002","S15000001","S09000001","S22000047","S03000012","S30000026","99ZZ00","S00001366","01C30","S99999999","S01000024","S02000003","6","3B1","S00090401","S01006512","S02001236","S34003099","S03000012","S99999999","S99999999","6","1A2",57.110969,-2.285444,"S99999999","","S23000009",5692,"S99999999","S99999999","","",""
"AB1 0PB","AB1  0PB","AB1 0PB","198001","199606","S99999999","S99999999","S12000033","S13002843","S99999999","0","382130","0803832","1","S08000020","S99999999","S92000003","S99999999","0","S14000002","S15000001","S09000001","S22000047","S03000012","S30000026","99ZZ00","S00001466","01C30","S99999999","S01000024","S02000003","6","3B1","S00090510","S01006512","S02001236","S34003099","S03000012","S99999999","S99999999","6","6A2",57.125065,-2.296784,"S99999999","","S23000009",5692,"S99999999","S99999999","","",""
"AB1 0PD","AB1  0PD","AB1 0PD","198001","199606","S99999999","S99999999","S12000033","S13002843","S99999999","0","382251","0803173","1","S08000020","S99999999","S92000003","S99999999","0","S14000002","S15000001","S09000001","S22000047","S03000012","S30000026","99ZZ00","S00001466","01C30","S99999999","S01000024","S02000003","6","3B1","S00090510","S01006512","S02001236","S34003099","S03000012","S99999999","S99999999","6","6A2",57.119150,-2.294738,"S99999999","","S23000009",5692,"S99999999","S99999999","","",""
"AB1 0PE","AB1  0PE","AB1 0PE","198001","199606","S99999999","S99999999","S12000033","S13002843","S99999999","0","383118","0804032","1","S08000020","S99999999","S92000003","S99999999","0","S14000002","S15000001","S09000001","S22000047","S03000012","S30000026","99ZZ00","S00001366","01C30","S99999999","S01000024","S02000003","6","3B1","S00090401","S01006512","S02001236","S34003099","S03000012","S99999999","S99999999","6","1A2",57.126899,-2.280479,"S99999999","","S23000009",5692,"S99999999","S99999999","","",""
"AB1 0PG","AB1  0PG","AB1 0PG","198001","199606","S99999999","S99999999","S12000033","S13002843","S99999999","0","382740","0802040","8","S08000020","S99999999","S92000003","S99999999","0","S14000002","S15000001","S09000001","S22000047","S03000012","S30000026","99ZZ00","S00001366","01C30","S99999999","S01000024","S02000003","6","3B1","S00090401","S01006512","S02001236","S34003099","S03000012","S99999999","S99999999","6","1A2",57.108991,-2.286584,"S99999999","","S23000009",5692,"S99999999","S99999999","","",""
"AB1 0PJ","AB1  0PJ","AB1 0PJ","198001","199606","S99999999","S99999999","S12000033","S13002843","S99999999","0","382439","0801985","1","S08000020","S99999999","S92000003","S99999999","0","S14000002","S15000001","S09000001","S22000047","S03000012","S30000026","99ZZ00","S00001466","01C30","S99999999","S01000024","S02000003","6","3B1","S00090510","S01006512","S02001236","S34003099","S03000012","S99999999","S99999999","6","6A2",57.108485,-2.291550,"S99999999","","S23000009",5692,"S99999999","S99999999","","",""
"AB1 0PL","AB1  0PL","AB1 0PL","198001","199606","S99999999","S99999999","S12000033","S13002843","S99999999","0","382407","0801940","1","S08000020","S99999999","S92000003","S99999999","0","S14000002","S15000001","S09000001","S22000047","S03000012","S30000026","99ZZ00","S00001466","01C30","S99999999","S01000024","S02000003","6","3B1","S00090510","S01006512","S02001236","S34003099","S03000012","S99999999","S99999999","6","6A2",57.108080,-2.292075,"S99999999","","S23000009",5692,"S99999999","S99999999","","",""
"AB1 0PN","AB1  0PN","AB1 0PN","198001","199606","S99999999","S99999999","S12000033","S13002843","S99999999","0","381585","0801742","1","S08000020","S99999999","S92000003","S99999999","0","S14000002","S15000001","S09000001","S22000047","S03000012","S30000026","99ZZ00","S00001466","01C30","S99999999","S01000024","S02000003","6","3B1","S00090510","S01006512","S02001236","S34003099","S03000012","S99999999","S99999999","6","6A2",57.106269,-2.305630,"S99999999","","S23000009",5692,"S99999999","S99999999","","",""
"AB1 0PP","AB1  0PP","AB1 0PP","198001","199606","S99999999","S99999999","S12000033","S13002843","S99999999","0","380530","0802234","1","S08000020","S99999999","S92000003","S99999999","0","S14000002","S15000001","S09000001","S22000047","S03000012","S30000026","99ZZ00","S00001465","01C30","S99999999","S01000024","S02000003","6","3A1","S00090509","S01006512","S02001236","S34003099","S03000012","S99999999","S99999999","6","1A3",57.110644,-2.323084,"S99999999","","S23000009",5692,"S99999999","S99999999","","",""
"AB1 0PQ","AB1  0PQ","AB1 0PQ","198001","199606","S99999999","S99999999","S12000033","S13002843","S99999999","0","379668","0802104","1","S08000020","S99999999","S92000003","S99999999","0","S14000002","S15000001","S09000001","S22000047","S03000012","S30000026","99ZZ00","S00001465","01C30","S99999999","S01000024","S02000003","6","3A1","S00090509","S01006512","S02001236","S34003099","S03000012","S99999999","S99999999","6","1A3",57.109439,-2.337305,"S99999999","","S23000009",5692,"S99999999","S99999999","","",""
"AB1 0PR","AB1  0PR","AB1 0PR","198001","199606","S99999999","S99999999","S12000033","S13002843","S99999999","0","380103","0803423","1","S08000020","S99999999","S92000003","S99999999","0","S14000002","S15000001","S09000001","S22000047","S03000012","S30000026","99ZZ00","S00001465","01C30","S99999999","S01000024","S02000003","6","3A1","S00090509","S01006512","S02001236","S34003099","S03000012","S99999999","S99999999","6","1A3",57.121307,-2.330229,"S99999999","","S23000009",5692,"S99999999","S99999999","","",""
"AB1 0PS","AB1  0PS","AB1 0PS","198511","199606","S99999999","S99999999","S12000033","S13002843","S99999999","1","384100","0800580","8","S08000020","S99999999","S92000003","S99999999","0","S14000002","S15000001","S09000001","S22000047","S03000012","S30000026","99ZZ00","S00001253","01C30","S99999999","S01000006","S02000003","3","2B1","S00090285","S01006510","S02001236","S34002978","S03000012","S99999999","S99999999","3","5B3",57.095925,-2.264038,"S99999999","","S23000009",3913,"S99999999","S99999999","","",""
"AB1 0PT","AB1  0PT","AB1 0PT","198001","199606","S99999999","S99999999","S12000033","S13002843","S99999999","0","384067","0800469","1","S08000020","S99999999","S92000003","S99999999","0","S14000002","S15000001","S09000001","S22000047","S03000012","S30000026","99ZZ00","S00001807","01C30","S99999999","S01000001","S02000003","3","6D2","S00090889","S01006506","S02001236","S34002978","S03000012","S99999999","S99999999","3","5B3",57.094927,-2.264576,"S99999999","","S23000009",4691,"S99999999","S99999999","","",""
"AB1 0PU","AB1  0PU","AB1 0PU","198511","199606","S99999999","S99999999","S12000033","S13002843","S99999999","0","384092","0800407","1","S08000020","S99999999","S92000003","S99999999","0","S14000002","S15000001","S09000001","S22000047","S03000012","S30000026","99ZZ00","S00001807","01C30","S99999999","S01000001","S02000003","3","6D2","S00090889","S01006506","S02001236","S34002978","S03000012","S99999999","S99999999","3","5B3",57.094370,-2.264159,"S99999999","","S23000009",4691,"S99999999","S99999999","","",""
"AB1 0PX","AB1  0PX","AB1 0PX","198001","199606","S99999999","S99999999","S12000033","S13002843","S99999999","0","384057","0800523","1","S08000020","S99999999","S92000003","S99999999","0","S14000002","S15000001","S09000001","S22000047","S03000012","S30000026","99ZZ00","S00001343","01C30","S99999999","S01000001","S02000003","3","3C2","S00090377","S01006506","S02001236","S34002978","S03000012","S99999999","S99999999","3","5B1",57.095411,-2.264744,"S99999999","","S23000009",4691,"S99999999","S99999999","","",""
"AB1 0QA","AB1  0QA","AB1 0QA","197308","199006","S99999999","S99999999","S12000033","S13002843","S99999999","0","384050","0800510","8","S08000020","S99999999","S92000003","S99999999","0","S14000002","S15000001","S09000001","S22000047","S03000012","S30000026","99ZZ00","S00001343","01C30","S99999999","S01000001","S02000003","3","3C2","S00090377","S01006506","S02001236","S34002978","S03000012","S99999999","S99999999","3","5B1",57.095294,-2.264859,"S99999999","","S23000009",4691,"S99999999","S99999999","","",""
"AB1 0QB","AB1  0QB","AB1 0QB","198001","199606","S99999999","S99999999","S12000033","S13002843","S99999999","0","384255","0800653","1","S08000020","S99999999","S92000003","S99999999","0","S14000002","S15000001","S09000001","S22000047","S03000012","S30000026","99ZZ00","S00001346","01C30","S99999999","S01000006","S02000003","3","4D2","S00090380","S01006510","S02001236","S34003015","S03000012","S99999999","S99999999","3","6A4",57.096586,-2.261485,"S99999999","","S23000009",3913,"S99999999","S99999999","","",""
"AB1 0QD","AB1  0QD","AB1 0QD","198001","199606","S99999999","S99999999","S12000033","S13002843","S99999999","0","384318","0800723","1","S08000020","S99999999","S92000003","S99999999","0","S14000002","S15000001","S09000001","S22000047","S03000012","S30000026","99ZZ00","S00001346","01C30","S99999999","S01000006","S02000003","3","4D2","S00090380","S01006510","S02001236","S34003015","S03000012","S99999999","S99999999","3","6A4",57.097217,-2.260450,"S99999999","","S23000009",3913,"S99999999","S99999999","","",""
"AB1 0QG","AB1  0QG","AB1 0QG","199009","199606","S99999999","S99999999","S12000033","S13002843","S99999999","0","384165","0800695","1","S08000020","S99999999","S92000003","S99999999","0","S14000002","S15000001","S09000001","S22000047","S03000012","S30000026","99ZZ00","S00001259","01C30","S99999999","S01000006","S02000003","3","5B2","S00090380","S01006510","S02001236","S34003015","S03000012","S99999999","S99999999","3","6A4",57.096960,-2.262973,"S99999999","","S23000009",3913,"S99999999","S99999999","","",""
"AB1 0QJ","AB1  0QJ","AB1 0QJ","198001","199606","S99999999","S99999999","S12000033","S13002843","S99999999","0","384279","0800786","1","S08000020","S99999999","S92000003","S99999999","0","S14000002","S15000001","S09000001","S22000047","S03000012","S30000026","99ZZ00","S00001346","01C30","S99999999","S01000006","S02000003","3","4D2","S00090380","S01006510","S02001236","S34003015","S03000012","S99999999","S99999999","3","6A4",57.097781,-2.261097,"S99999999","","S23000009",3913,"S99999999","S99999999","","",""
"AB1 0QL","AB1  0QL","AB1 0QL","198001","199606","S99999999","S99999999","S12000033","S13002843","S99999999","0","384496","0800672","1","S08000020","S99999999","S92000003","S99999999","0","S14000002","S15000001","S09000001","S22000047","S03000012","S30000026","99ZZ00","S00001266","01C30","S99999999","S01000007","S02000003","3","4D2","S00090299","S01006511","S02001236","S34003015","S03000012","S99999999","S99999999","3","6A4",57.096765,-2.257509,"S99999999","","S23000009",6253,"S99999999","S99999999","","",""
"AB1 0QN","AB1  0QN","AB1 0QN","198001","199606","S99999999","S99999999","S12000033","S13002843","S99999999","0","384495","0800738","1","S08000020","S99999999","S92000003","S99999999","0","S14000002","S15000001","S09000001","S22000047","S03000012","S30000026","99ZZ00","S00001266","01C30","S99999999","S01000007","S02000003","3","4D2","S00090299","S01006511","S02001236","S34003015","S03000012","S99999999","S99999999","3","6A4",57.097358,-2.257530,"S99999999","","S23000009",6253,"S99999999","S99999999","","",""
"AB1 0QP","AB1  0QP","AB1 0QP","198001","199606","S99999999","S99999999","S12000033","S13002843","S99999999","0","384652","0800834","1","S08000020","S99999999","S92000003","S99999999","0","S14000002","S15000001","S09000001","S22000047","S03000012","S30000026","99ZZ00","S00001267","01C30","S99999999","S01000007","S02000003","3","4C2","S00090300","S01006511","S02001236","S34003015","S03000012","S99999999","S99999999","3","8C1",57.098225,-2.254944,"S99999999","","S23000009",6253,"S99999999","S99999999","","",""
"AB1 0QQ","AB1  0QQ","AB1 0QQ","198001","199606","S99999999","S99999999","S12000033","S13002843","S99999999","0","384738","0800895","1","S08000020","S99999999","S92000003","S99999999","0","S14000002","S15000001","S09000001","S22000047","S03000012","S30000026","99ZZ00","S00001269","01C30","S99999999","S01000007","S02000003","3","4B2","S00090399","S01006514","S02001237","S34003015","S03000012","S99999999","S99999999","3","6A1",57.098776,-2.253529,"S99999999","","S23000009",6715,"S99999999","S99999999","","",""
"AB1 0QR","AB1  0QR","AB1 0QR","198001","199606","S99999999","S99999999","S12000033","S13002843","S99999999","0","384748","0800764","1","S08000020","S99999999","S92000003","S99999999","0","S14000002","S15000001","S09000001","S22000047","S03000012","S30000026","99ZZ00","S00001267","01C30","S99999999","S01000007","S02000003","3","4C2","S00090300","S01006511","S02001236","S34003015","S03000012","S99999999","S99999999","3","8C1",57.097600,-2.253356,"S99999999","","S23000009",6253,"S99999999","S99999999","","",""
"AB1 0QS","AB1  0QS","AB1 0QS","198001","199606","S99999999","S99999999","S12000033","S13002843","S99999999","0","384806","0800795","1","S08000020","S99999999","S92000003","S99999999","0","S14000002","S15000001","S09000001","S22000047","S03000012","S30000026","99ZZ00","S00001269","01C30","S99999999","S01000007","S02000003","3","4B2","S00090399","S01006514","S02001237","S34003015","S03000012","S99999999","S99999999","3","6A1",57.097880,-2.252400,"S99999999","","S23000009",6715,"S99999999","S99999999","","",""
"AB1 0QT","AB1  0QT","AB1 0QT","198001","199606","S99999999","S99999999","S12000033","S13002843","S99999999","0","384616","0800893","1","S08000020","S99999999","S92000003","S99999999","0","S14000002","S15000001","S09000001","S22000047","S03000012","S30000026","99ZZ00","S00001267","01C30","S99999999","S01000007","S02000003","3","4C2","S00090300","S01006511","S02001236","S34003015","S03000012","S99999999","S99999999","3","8C1",57.098754,-2.255542,"S99999999","","S23000009",6253,"S99999999","S99999999","","",""
"AB1 0QX","AB1  0QX","AB1 0QX","198001","199606","S99999999","S99999999","S12000033","S13002843","S99999999","0","384709","0800909","1","S08000020","S99999999","S92000003","S99999999","0","S14000002","S15000001","S09000001","S22000047","S03000012","S30000026","99ZZ00","S00001269","01C30","S99999999","S01000007","S02000003","3","4B2","S00090399","S01006514","S02001237","S34003015","S03000012","S99999999","S99999999","3","6A1",57.098901,-2.254008,"S99999999","","S23000009",6715,"S99999999","S99999999","","",""
"AB1 0RA","AB1  0RA","AB1 0RA","198001","199606","S99999999","S99999999","S12000033","S13002843","S99999999","0","384625","0800947","1","S08000020","S99999999","S92000003","S99999999","0","S14000002","S15000001","S09000001","S22000047","S03000012","S30000026","99ZZ00","S00001269","01C30","S99999999","S01000007","S02000003","3","4B2","S00090399","S01006514","S02001237","S34003015","S03000012","S99999999","S99999999","3","6A1",57.099239,-2.255397,"S99999999","","S23000009",6715,"S99999999","S99999999","","",""
"AB1 0RB","AB1  0RB","AB1 0RB","198001","199606","S99999999","S99999999","S12000033","S13002843","S99999999","0","384507","0801016","1","S08000020","S99999999","S92000003","S99999999","0","S14000002","S15000001","S09000001","S22000047","S03000012","S30000026","99ZZ00","S00001268","01C30","S99999999","S01000007","S02000003","3","4B4","S00090301","S01006511","S02001236","S34003015","S03000012","S99999999","S99999999","3","6A3",57.099855,-2.257349,"S99999999","","S23000009",6253,"S99999999","S99999999","","",""
"AB1 0RD","AB1  0RD","AB1 0RD","198001","199606","S99999999","S99999999","S12000033","S13002843","S99999999","0","384508","0801111","1","S08000020","S99999999","S92000003","S99999999","0","S14000002","S15000001","S09000001","S22000047","S03000012","S30000026","99ZZ00","S00001268","01C30","S99999999","S01000007","S02000003","3","4B4","S00090302","S01006511","S02001236","S34003015","S03000012","S99999999","S99999999","3","6A3",57.100709,-2.257338,"S99999999","","S23000009",6253,"S99999999","S99999999","","",""
"AB1 0RE","AB1  0RE","AB1 0RE","198001","199606","S99999999","S99999999","S12000033","S13002843","S99999999","0","383944","0801259","1","S08000020","S99999999","S92000003","S99999999","0","S14000002","S15000001","S09000001","S22000047","S03000012","S30000026","99ZZ00","S00001261","01C30","S99999999","S01000013","S02000003","3","1A2","S00090294","S01006507","S02001236","S34002990","S03000012","S99999999","S99999999","3","8B2",57.102019,-2.266657,"S99999999","","S23000009",4862,"S99999999","S99999999","","",""
"AB1 0RF","AB1  0RF","AB1 0RF","199210","199606","S99999999","S99999999","S12000033","S13002843","S99999999","0","383871","0801391","1","S08000020","S99999999","S92000003","S99999999","0","S14000002","S15000001","S09000001","S22000047","S03000012","S30000026","99ZZ00","S00001263","01C30","S99999999","S01000013","S02000003","3","1A2","S00090296","S01006507","S02001236","S34002990","S03000012","S99999999","S99999999","3","8B2",57.103202,-2.267870,"S99999999","","S23000009",4862,"S99999999","S99999999","","",""
"AB1 0RH","AB1  0RH","AB1 0RH","198001","199606","S99999999","S99999999","S12000033","S13002843","S99999999","0","383902","0801270","1","S08000020","S99999999","S92000003","S99999999","0","S14000002","S15000001","S09000001","S22000047","S03000012","S30000026","99ZZ00","S00001261","01C30","S99999999","S01000013","S02000003","3","1A2","S00090294","S01006507","S02001236","S34002990","S03000012","S99999999","S99999999","3","8B2",57.102116,-2.267351,"S99999999","","S23000009",4862,"S99999999","S99999999","","",""
"AB1 0RJ","AB1  0RJ","AB1 0RJ","198001","199606","S99999999","S99999999","S12000033","S13002843","S99999999","0","384609","0801080","1","S08000020","S99999999","S92000003","S99999999","0","S14000002","S15000001","S09000001","S22000047","S03000012","S30000026","99ZZ00","S00001268","01C30","S99999999","S01000007","S02000003","3","4B4","S00090301","S01006511","S02001236","S34003015","S03000012","S99999999","S99999999","3","6A3",57.100434,-2.255669,"S99999999","","S23000009",6253,"S99999999","S99999999","","",""
"AB1 0RL","AB1  0RL","AB1 0RL","198001","199606","S99999999","S99999999","S12000033","S13002843","S99999999","0","384513","0801078","1","S08000020","S99999999","S92000003","S99999999","0","S14000002","S15000001","S09000001","S22000047","S03000012","S30000026","99ZZ00","S00001268","01C30","S99999999","S01000007","S02000003","3","4B4","S00090302","S01006511","S02001236","S34003015","S03000012","S99999999","S99999999","3","6A3",57.100412,-2.257254,"S99999999","","S23000009",6253,"S99999999","S99999999","","",""
"AB1 0RN","AB1  0RN","AB1 0RN","198001","199606","S99999999","S99999999","S12000033","S13002843","S99999999","0","384308","0800972","1","S08000020","S99999999","S92000003","S99999999","0","S14000002","S15000001","S09000001","S22000047","S03000012","S30000026","99ZZ00","S00001813","01C30","S99999999","S01000007","S02000003","3","1C2","S00090895","S01006511","S02001236","S34003015","S03000012","S99999999","S99999999","3","8A2",57.099453,-2.260631,"S99999999","","S23000009",6253,"S99999999","S99999999","","",""
"AB1 0RP","AB1  0RP","AB1 0RP","198001","199606","S99999999","S99999999","S12000033","S13002843","S99999999","0","384453","0800914","1","S08000020","S99999999","S92000003","S99999999","0","S14000002","S15000001","S09000001","S22000047","S03000012","S30000026","99ZZ00","S00001812","01C30","S99999999","S01000007","S02000003","3","6B2","S00090894","S01006511","S02001236","S34003015","S03000012","S99999999","S99999999","3","8C1",57.098937,-2.258234,"S99999999","","S23000009",6253,"S99999999","S99999999","","",""
"AB1 0RQ","AB1  0RQ","AB1 0RQ","198001","199606","S99999999","S99999999","S12000033","S13002843","S99999999","0","384510","0800868","1","S08000020","S99999999","S92000003","S99999999","0","S14000002","S15000001","S09000001","S22000047","S03000012","S30000026","99ZZ00","S00001812","01C30","S99999999","S01000007","S02000003","3","6B2","S00090894","S01006511","S02001236","S34003015","S03000012","S99999999","S99999999","3","8C1",57.098526,-2.257290,"S99999999","","S23000009",6253,"S99999999","S99999999","","",""
"AB1 0RR","AB1  0RR","AB1 0RR","198001","199606","S99999999","S99999999","S12000033","S13002843","S99999999","0","384108","0800589","1","S08000020","S99999999","S92000003","S99999999","0","S14000002","S15000001","S09000001","S22000047","S03000012","S30000026","99ZZ00","S00001253","01C30","S99999999","S01000006","S02000003","3","2B1","S00090285","S01006510","S02001236","S34002978","S03000012","S99999999","S99999999","3","5B3",57.096006,-2.263907,"S99999999","","S23000009",3913,"S99999999","S99999999","","",""
"AB1 0RS","AB1  0RS","AB1 0RS","198001","199606","S99999999","S99999999","S12000033","S13002843","S99999999","0","384091","0800634","1","S08000020","S99999999","S92000003","S99999999","0","S14000002","S15000001","S09000001","S22000047","S03000012","S30000026","99ZZ00","S00001253","01C30","S99999999","S01000006","S02000003","3","2B1","S00090285","S01006510","S02001236","S34002978","S03000012","S99999999","S99999999","3","5B3",57.096410,-2.264190,"S99999999","","S23000009",3913,"S99999999","S99999999","","",""
"AB1 0RT","AB1  0RT","AB1 0RT","198001","199606","S99999999","S99999999","S12000033","S13002843","S99999999","0","384092","0800725","1","S08000020","S99999999","S92000003","S99999999","0","S14000002","S15000001","S09000001","S22000047","S03000012","S30000026","99ZZ00","S00001253","01C30","S99999999","S01000006","S02000003","3","2B1","S00090285","S01006510","S02001236","S34002978","S03000012","S99999999","S99999999","3","5B3",57.097227,-2.264180,"S99999999","","S23000009",3913,"S99999999","S99999999","","",""
"AB1 0RU","AB1  0RU","AB1 0RU","198001","199606","S99999999","S99999999","S12000033","S13002843","S99999999","0","383850","0801253","1","S08000020","S99999999","S92000003","S99999999","0","S14000002","S15000001","S09000001","S22000047","S03000012","S30000026","99ZZ00","S00001263","01C30","S99999999","S01000013","S02000003","3","1A2","S00090296","S01006507","S02001236","S34002990","S03000012","S99999999","S99999999","3","8B2",57.101962,-2.268208,"S99999999","","S23000009",4862,"S99999999","S99999999","","",""
"AB1 0RW","AB1  0RW","AB1 0RW","198001","199606","S99999999","S99999999","S12000033","S13002843","S99999999","0","383794","0801267","1","S08000020","S99999999","S92000003","S99999999","0","S14000002","S15000001","S09000001","S22000047","S03000012","S30000026","99ZZ00","S00001263","01C30","S99999999","S01000013","S02000003","3","1A2","S00090296","S01006507","S02001236","S34002990","S03000012","S99999999","S99999999","3","8B2",57.102085,-2.269133,"S99999999","","S23000009",4862,"S99999999","S99999999","","",""
"AB1 0RX","AB1  0RX","AB1 0RX","198001","199606","S99999999","S99999999","S12000033","S13002843","S99999999","0","384153","0800844","1","S08000020","S99999999","S92000003","S99999999","0","S14000002","S15000001","S09000001","S22000047","S03000012","S30000026","99ZZ00","S00001345","01C30","S99999999","S01000006","S02000003","3","1A2","S00090380","S01006510","S02001236","S34003015","S03000012","S99999999","S99999999","3","6A4",57.098298,-2.263181,"S99999999","","S23000009",3913,"S99999999","S99999999","","",""
"AB1 0RY","AB1  0RY","AB1 0RY","198001","199606","S99999999","S99999999","S12000033","S13002843","S99999999","0","383835","0801314","1","S08000020","S99999999","S92000003","S99999999","0","S14000002","S15000001","S09000001","S22000047","S03000012","S30000026","99ZZ00","S00001263","01C30","S99999999","S01000013","S02000003","3","1A2","S00090296","S01006507","S02001236","S34002990","S03000012","S99999999","S99999999","3","8B2",57.102509,-2.268460,"S99999999","","S23000009",4862,"S99999999","S99999999","","",""
"AB1 0RZ","AB1  0RZ","AB1 0RZ","198001","199606","S99999999","S99999999","S12000033","S13002843","S99999999","0","383916","0801335","1","S08000020","S99999999","S92000003","S99999999","0","S14000002","S15000001","S09000001","S22000047","S03000012","S30000026","99ZZ00","S00001263","01C30","S99999999","S01000013","S02000003","3","1A2","S00090296","S01006507","S02001236","S34002990","S03000012","S99999999","S99999999","3","8B2",57.102700,-2.267124,"S99999999","","S23000009",4862,"S99999999","S99999999","","",""
"AB1 0SA","AB1  0SA","AB1 0SA","198001","199606","S99999999","S99999999","S12000033","S13002843","S99999999","0","383999","0800762","1","S08000020","S99999999","S92000003","S99999999","0","S14000002","S15000001","S09000001","S22000047","S03000012","S30000026","99ZZ00","S00001258","01C30","S99999999","S01000001","S02000003","3","5B4","S00090291","S01006506","S02001236","S34003124","S03000012","S99999999","S99999999","3","7C3",57.097556,-2.265717,"S99999999","","S23000009",4691,"S99999999","S99999999","","",""
"AB1 0SB","AB1  0SB","AB1 0SB","198001","199606","S99999999","S99999999","S12000033","S13002843","S99999999","0","383973","0800696","1","S08000020","S99999999","S92000003","S99999999","0","S14000002","S15000001","S09000001","S22000047","S03000012","S30000026","99ZZ00","S00001258","01C30","S99999999","S01000001","S02000003","3","5B4","S00090291","S01006506","S02001236","S34003124","S03000012","S99999999","S99999999","3","7C3",57.096962,-2.266142,"S99999999","","S23000009",4691,"S99999999","S99999999","","",""
"AB1 0SD","AB1  0SD","AB1 0SD","198001","199606","S99999999","S99999999","S12000033","S13002843","S99999999","0","383985","0800807","1","S08000020","S99999999","S92000003","S99999999","0","S14000002","S15000001","S09000001","S22000047","S03000012","S30000026","99ZZ00","S00001259","01C30","S99999999","S01000006","S02000003","3","5B2","S00090292","S01006510","S02001236","S34003124","S03000012","S99999999","S99999999","3","7D3",57.097960,-2.265951,"S99999999","","S23000009",3913,"S99999999","S99999999","","",""
"AB1 0SE","AB1  0SE","AB1 0SE","198001","199606","S99999999","S99999999","S12000033","S13002843","S99999999","0","383806","0801274","1","S08000020","S99999999","S92000003","S99999999","0","S14000002","S15000001","S09000001","S22000047","S03000012","S30000026","99ZZ00","S00001263","01C30","S99999999","S01000013","S02000003","3","1A2","S00090296","S01006507","S02001236","S34002990","S03000012","S99999999","S99999999","3","8B2",57.102149,-2.268936,"S99999999","","S23000009",4862,"S99999999","S99999999","","",""
"AB1 0SF","AB1  0SF","AB1 0SF","198001","199606","S99999999","S99999999","S12000033","S13002843","S99999999","0","383894","0800793","1","S08000020","S99999999","S92000003","S99999999","0","S14000002","S15000001","S09000001","S22000047","S03000012","S30000026","99ZZ00","S00001353","01C30","S99999999","S01000008","S02000003","3","2B1","S00090386","S01006509","S02001236","S34003124","S03000012","S99999999","S99999999","3","5B1",57.097831,-2.267452,"S99999999","","S23000009",4332,"S99999999","S99999999","","",""
"AB1 0SG","AB1  0SG","AB1 0SG","199006","199606","S99999999","S99999999","S12000033","S13002843","S99999999","0","383925","0800674","1","S08000020","S99999999","S92000003","S99999999","0","S14000002","S15000001","S09000001","S22000047","S03000012","S30000026","99ZZ00","S00001258","01C30","S99999999","S01000001","S02000003","3","5B4","S00090291","S01006506","S02001236","S34003124","S03000012","S99999999","S99999999","3","7C3",57.096763,-2.266933,"S99999999","","S23000009",4691,"S99999999","S99999999","","",""
"AB1 0SH","AB1  0SH","AB1 0SH","198001","199606","S99999999","S99999999","S12000033","S13002843","S99999999","0","384062","0800956","1","S08000020","S99999999","S92000003","S99999999","0","S14000002","S15000001","S09000001","S22000047","S03000012","S30000026","99ZZ00","S00001259","01C30","S99999999","S01000006","S02000003","3","5B2","S00090292","S01006510","S02001236","S34003124","S03000012","S99999999","S99999999","3","7D3",57.099301,-2.264690,"S99999999","","S23000009",3913,"S99999999","S99999999","","",""
"AB1 0SJ","AB1  0SJ","AB1 0SJ","198001","199606","S99999999","S99999999","S12000033","S13002843","S99999999","0","384080","0800875","1","S08000020","S99999999","S92000003","S99999999","0","S14000002","S15000001","S09000001","S22000047","S03000012","S30000026","99ZZ00","S00001345","01C30","S99999999","S01000006","S02000003","3","1A2","S00090379","S01006510","S02001236","S34003124","S03000012","S99999999","S99999999","3","8C3",57.098574,-2.264387,"S99999999","","S23000009",3913,"S99999999","S99999999","","",""
"AB1 0SL","AB1  0SL","AB1 0SL","198001","199606","S99999999","S99999999","S12000033","S13002843","S99999999","0","384058","0800889","1","S08000020","S99999999","S92000003","S99999999","0","S14000002","S15000001","S09000001","S22000047","S03000012","S30000026","99ZZ00","S00001259","01C30","S99999999","S01000006","S02000003","3","5B2","S00090292","S01006510","S02001236","S34003124","S03000012","S99999999","S99999999","3","7D3",57.098699,-2.264751,"S99999999","","S23000009",3913,"S99999999","S99999999","","",""
"AB1 0SN","AB1  0SN","AB1 0SN","198001","199606","S99999999","S99999999","S12000033","S13002843","S99999999","0","384138","0800966","1","S08000020","S99999999","S92000003","S99999999","0","S14000002","S15000001","S09000001","S22000047","S03000012","S30000026","99ZZ00","S00001345","01C30","S99999999","S01000006","S02000003","3","1A2","S00090379","S01006510","S02001236","S34003124","S03000012","S99999999","S99999999","3","8C3",57.099394,-2.263436,"S99999999","","S23000009",3913,"S99999999","S99999999","","",""
"AB1 0SP","AB1  0SP","AB1 0SP","198001","199606","S99999999","S99999999","S12000033","S13002843","S99999999","0","384215","0801002","1","S08000020","S99999999","S92000003","S99999999","0","S14000002","S15000001","S09000001","S22000047","S03000012","S30000026","99ZZ00","S00001264","01C30","S99999999","S01000006","S02000003","3","1C2","S00090297","S01006510","S02001236","S34003015","S03000012","S99999999","S99999999","3","8A2",57.099720,-2.262167,"S99999999","","S23000009",3913,"S99999999","S99999999","","",""
"AB1 0SQ","AB1  0SQ","AB1 0SQ","198001","199606","S99999999","S99999999","S12000033","S13002843","S99999999","0","384205","0801121","1","S08000020","S99999999","S92000003","S99999999","0","S14000002","S15000001","S09000001","S22000047","S03000012","S30000026","99ZZ00","S00001264","01C30","S99999999","S01000006","S02000003","3","1C2","S00090297","S01006510","S02001236","S34003015","S03000012","S99999999","S99999999","3","8A2",57.100788,-2.262340,"S99999999","","S23000009",3913,"S99999999","S99999999","","",""
"AB1 0SR","AB1  0SR","AB1 0SR","198001","199606","S99999999","S99999999","S12000033","S13002843","S99999999","0","384226","0801098","1","S08000020","S99999999","S92000003","S99999999","0","S14000002","S15000001","S09000001","S22000047","S03000012","S30000026","99ZZ00","S00001264","01C30","S99999999","S01000006","S02000003","3","1C2","S00090297","S01006510","S02001236","S34003015","S03000012","S99999999","S99999999","3","8A2",57.100582,-2.261992,"S99999999","","S23000009",3913,"S99999999","S99999999","","",""
"AB1 0SS","AB1  0SS","AB1 0SS","198001","199606","S99999999","S99999999","S12000033","S13002843","S99999999","0","384362","0801041","1","S08000020","S99999999","S92000003","S99999999","0","S14000002","S15000001","S09000001","S22000047","S03000012","S30000026","99ZZ00","S00001813","01C30","S99999999","S01000007","S02000003","3","1C2","S00090895","S01006511","S02001236","S34003015","S03000012","S99999999","S99999999","3","8A2",57.100075,-2.259744,"S99999999","","S23000009",6253,"S99999999","S99999999","","",""
"AB1 0ST","AB1  0ST","AB1 0ST","198001","199606","S99999999","S99999999","S12000033","S13002843","S99999999","0","384264","0801060","1","S08000020","S99999999","S92000003","S99999999","0","S14000002","S15000001","S09000001","S22000047","S03000012","S30000026","99ZZ00","S00001813","01C30","S99999999","S01000007","S02000003","3","1C2","S00090895","S01006511","S02001236","S34003015","S03000012","S99999999","S99999999","3","8A2",57.100242,-2.261362,"S99999999","","S23000009",6253,"S99999999","S99999999","","",""
"AB1 0SU","AB1  0SU","AB1 0SU","199405","199606","S99999999","S99999999","S12000033","S13002843","S99999999","0","383842","0800788","1","S08000020","S99999999","S92000003","S99999999","0","S14000002","S15000001","S09000001","S22000047","S03000012","S30000026","99ZZ00","S00001254","01C30","S99999999","S01000001","S02000003","3","6D2","S00090286","S01006506","S02001236","S34003124","S03000012","S99999999","S99999999","3","7A2",57.097784,-2.268310,"S99999999","","S23000009",4691,"S99999999","S99999999","","",""
"AB1 0SX","AB1  0SX","AB1 0SX","198001","199606","S99999999","S99999999","S12000033","S13002843","S99999999","0","384068","0801031","1","S08000020","S99999999","S92000003","S99999999","0","S14000002","S15000001","S09000001","S22000047","S03000012","S30000026","99ZZ00","S00001345","01C30","S99999999","S01000006","S02000003","3","1A2","S00090379","S01006510","S02001236","S34003124","S03000012","S99999999","S99999999","3","8C3",57.099975,-2.264595,"S99999999","","S23000009",3913,"S99999999","S99999999","","",""
"AB1 0TA","AB1  0TA","AB1 0TA","198001","199606","S99999999","S99999999","S12000033","S13002843","S99999999","0","384047","0801067","1","S08000020","S99999999","S92000003","S99999999","0","S14000002","S15000001","S09000001","S22000047","S03000012","S30000026","99ZZ00","S00001345","01C30","S99999999","S01000006","S02000003","3","1A2","S00090379","S01006510","S02001236","S34003124","S03000012","S99999999","S99999999","3","8C3",57.100298,-2.264944,"S99999999","","S23000009",3913,"S99999999","S99999999","","",""
"AB1 0TB","AB1  0TB","AB1 0TB","198001","199606","S99999999","S99999999","S12000033","S13002843","S99999999","0","383975","0801070","1","S08000020","S99999999","S92000003","S99999999","0","S14000002","S15000001","S09000001","S22000047","S03000012","S30000026","99ZZ00","S00001811","01C30","S99999999","S01000008","S02000003","3","4D2","S00090893","S01006509","S02001236","S34003124","S03000012","S99999999","S99999999","3","5B3",57.100322,-2.266133,"S99999999","","S23000009",4332,"S99999999","S99999999","","",""
"AB1 0TD","AB1  0TD","AB1 0TD","198001","199606","S99999999","S99999999","S12000033","S13002843","S99999999","0","384055","0801109","1","S08000020","S99999999","S92000003","S99999999","0","S14000002","S15000001","S09000001","S22000047","S03000012","S30000026","99ZZ00","S00001265","01C30","S99999999","S01000006","S02000003","3","5B2","S00090298","S01006510","S02001236","S34002990","S03000012","S99999999","S99999999","3","8C1",57.100675,-2.264815,"S99999999","","S23000009",3913,"S99999999","S99999999","","",""
"AB1 0TJ","AB1  0TJ","AB1 0TJ","198001","199606","S99999999","S99999999","S12000033","S13002843","S99999999","0","384041","0801151","1","S08000020","S99999999","S92000003","S99999999","0","S14000002","S15000001","S09000001","S22000047","S03000012","S30000026","99ZZ00","S00001265","01C30","S99999999","S01000006","S02000003","3","5B2","S00090298","S01006510","S02001236","S34002990","S03000012","S99999999","S99999999","3","8C1",57.101052,-2.265049,"S99999999","","S23000009",3913,"S99999999","S99999999","","",""
"AB1 0TL","AB1  0TL","AB1 0TL","198001","199606","S99999999","S99999999","S12000033","S13002843","S99999999","0","383966","0801134","1","S08000020","S99999999","S92000003","S99999999","0","S14000002","S15000001","S09000001","S22000047","S03000012","S30000026","99ZZ00","S00001262","01C30","S99999999","S01000008","S02000003","3","1A2","S00090295","S01006509","S02001236","S34002990","S03000012","S99999999","S99999999","3","8C3",57.100897,-2.266286,"S99999999","","S23000009",4332,"S99999999","S99999999","","",""
"AB1 0TN","AB1  0TN","AB1 0TN","198001","199606","S99999999","S99999999","S12000033","S13002843","S99999999","0","383861","0801105","1","S08000020","S99999999","S92000003","S99999999","0","S14000002","S15000001","S09000001","S22000047","S03000012","S30000026","99ZZ00","S00001260","01C30","S99999999","S01000008","S02000003","3","5B1","S00090293","S01006509","S02001236","S34003124","S03000012","S99999999","S99999999","3","8C2",57.100632,-2.268017,"S99999999","","S23000009",4332,"S99999999","S99999999","","",""
"AB1 0TP","AB1  0TP","AB1 0TP","198001","199606","S99999999","S99999999","S12000033","S13002843","S99999999","0","383856","0801136","1","S08000020","S99999999","S92000003","S99999999","0","S14000002","S15000001","S09000001","S22000047","S03000012","S30000026","99ZZ00","S00001262","01C30","S99999999","S01000008","S02000003","3","1A2","S00090295","S01006509","S02001236","S34002990","S03000012","S99999999","S99999999","3","8C3",57.100911,-2.268101,"S99999999","","S23000009",4332,"S99999999","S99999999","","",""
"AB1 0TQ","AB1  0TQ","AB1 0TQ","198001","199606","S99999999","S99999999","S12000033","S13002843","S99999999","0","383833","0801208","1","S08000020","S99999999","S92000003","S99999999","0","S14000002","S15000001","S09000001","S22000047","S03000012","S30000026","99ZZ00","S00001261","01C30","S99999999","S01000013","S02000003","3","1A2","S00090294","S01006507","S02001236","S34002990","S03000012","S99999999","S99999999","3","8B2",57.101557,-2.268486,"S99999999","","S23000009",4862,"S99999999","S99999999","","",""
"AB1 0TR","AB1  0TR","AB1 0TR","198001","199606","S99999999","S99999999","S12000033","S13002843","S99999999","0","383863","0801184","1","S08000020","S99999999","S92000003","S99999999","0","S14000002","S15000001","S09000001","S22000047","S03000012","S30000026","99ZZ00","S00001262","01C30","S99999999","S01000008","S02000003","3","1A2","S00090295","S01006509","S02001236","S34002990","S03000012","S99999999","S99999999","3","8C3",57.101342,-2.267989,"S99999999","","S23000009",4332,"S99999999","S99999999","","",""
"AB1 0TS","AB1  0TS","AB1 0TS","198001","199606","S99999999","S99999999","S12000033","S13002843","S99999999","0","383908","0801066","1","S08000020","S99999999","S92000003","S99999999","0","S14000002","S15000001","S09000001","S22000047","S03000012","S30000026","99ZZ00","S00001260","01C30","S99999999","S01000008","S02000003","3","5B1","S00090293","S01006509","S02001236","S34003124","S03000012","S99999999","S99999999","3","8C2",57.100284,-2.267239,"S99999999","","S23000009",4332,"S99999999","S99999999","","",""
"AB1 0TT","AB1  0TT","AB1 0TT","198001","199606","S99999999","S99999999","S12000033","S13002843","S99999999","0","383855","0801018","1","S08000020","S99999999","S92000003","S99999999","0","S14000002","S15000001","S09000001","S22000047","S03000012","S30000026","99ZZ00","S00001810","01C30","S99999999","S01000008","S02000003","3","5B1","S00090892","S01006509","S02001236","S34003124","S03000012","S99999999","S99999999","3","7C1",57.099851,-2.268110,"S99999999","","S23000009",4332,"S99999999","S99999999","","",""
"AB1 0TX","AB1  0TX","AB1 0TX","198001","199606","S99999999","S99999999","S12000033","S13002843","S99999999","0","383869","0800949","1","S08000020","S99999999","S92000003","S99999999","0","S14000002","S15000001","S09000001","S22000047","S03000012","S30000026","99ZZ00","S00001811","01C30","S99999999","S01000008","S02000003","3","4D2","S00090893","S01006509","S02001236","S34003124","S03000012","S99999999","S99999999","3","5B3",57.099231,-2.267875,"S99999999","","S23000009",4332,"S99999999","S99999999","","",""
"AB1 0UA","AB1  0UA","AB1 0UA","198001","199606","S99999999","S99999999","S12000033","S13002843","S99999999","0","383710","0800938","1","S08000020","S99999999","S92000003","S99999999","0","S14000002","S15000001","S09000001","S22000047","S03000012","S30000026","99ZZ00","S00001352","01C30","S99999999","S01000005","S02000003","3","6B2","S00090385","S01006508","S02001236","S34003124","S03000012","S99999999","S99999999","3","5B3",57.099127,-2.270498,"S99999999","","S23000009",5686,"S99999999","S99999999","","",""
"AB1 0UB","AB1  0UB","AB1 0UB","198001","199606","S99999999","S99999999","S12000033","S13002843","S99999999","0","383792","0800821","1","S08000020","S99999999","S92000003","S99999999","0","S14000002","S15000001","S09000001","S22000047","S03000012","S30000026","99ZZ00","S00001344","01C30","S99999999","S01000008","S02000003","3","2B1","S00090378","S01006509","S02001236","S34003124","S03000012","S99999999","S99999999","3","5B1",57.098079,-2.269137,"S99999999","","S23000009",4332,"S99999999","S99999999","","",""
"AB1 0UD","AB1  0UD","AB1 0UD","198001","199606","S99999999","S99999999","S12000033","S13002843","S99999999","0","383890","0800629","1","S08000020","S99999999","S92000003","S99999999","0","S14000002","S15000001","S09000001","S22000047","S03000012","S30000026","99ZZ00","S00001254","01C30","S99999999","S01000001","S02000003","3","6D2","S00090287","S01006506","S02001236","S34003124","S03000012","S99999999","S99999999","3","5A3",57.096358,-2.267507,"S99999999","","S23000009",4691,"S99999999","S99999999","","",""
"AB1 0UE","AB1  0UE","AB1 0UE","198212","199606","S99999999","S99999999","S12000033","S13002843","S99999999","0","383677","0800394","1","S08000020","S99999999","S92000003","S99999999","0","S14000002","S15000001","S09000001","S22000047","S03000012","S30000026","99ZZ00","S00001806","01C30","S99999999","S01000001","S02000003","3","4B3","S00088964","S01006506","S02001236","S34002978","S03000012","S99999999","S99999999","3","6A4",57.094239,-2.271007,"S99999999","","S23000009",4691,"S99999999","S99999999","","",""
"AB1 0UJ","AB1  0UJ","AB1 0UJ","198001","199606","S99999999","S99999999","S12000033","S13002843","S99999999","0","383918","0800585","1","S08000020","S99999999","S92000003","S99999999","0","S14000002","S15000001","S09000001","S22000047","S03000012","S30000026","99ZZ00","S00001343","01C30","S99999999","S01000001","S02000003","3","3C2","S00090377","S01006506","S02001236","S34002978","S03000012","S99999999","S99999999","3","5B1",57.095963,-2.267042,"S99999999","","S23000009",4691,"S99999999","S99999999","","",""
"AB1 0UL","AB1  0UL","AB1 0UL","198001","199606","S99999999","S99999999","S12000033","S13002843","S99999999","0","383749","0800594","1","S08000020","S99999999","S92000003","S99999999","0","S14000002","S15000001","S09000001","S22000047","S03000012","S30000026","99ZZ00","S00001343","01C30","S99999999","S01000001","S02000003","3","3C2","S00090377","S01006506","S02001236","S34002978","S03000012","S99999999","S99999999","3","5B1",57.096038,-2.269832,"S99999999","","S23000009",4691,"S99999999","S99999999","","",""
"AB1 0UN","AB1  0UN","AB1 0UN","198001","199606","S99999999","S99999999","S12000033","S13002843","S99999999","0","383767","0800735","1","S08000020","S99999999","S92000003","S99999999","0","S14000002","S15000001","S09000001","S22000047","S03000012","S30000026","99ZZ00","S00001254","01C30","S99999999","S01000001","S02000003","3","6D2","S00090286","S01006506","S02001236","S34003124","S03000012","S99999999","S99999999","3","7A2",57.097305,-2.269544,"S99999999","","S23000009",4691,"S99999999","S99999999","","",""
"AB1 0UP","AB1  0UP","AB1 0UP","198001","199607","S99999999","S99999999","S12000033","S13002843","S99999999","0","383750","0800740","8","S08000020","S99999999","S92000003","S99999999","0","S14000002","S15000001","S09000001","S22000047","S03000012","S30000026","99ZZ00","S00001254","01C30","S99999999","S01000001","S02000003","3","6D2","S00090286","S01006506","S02001236","S34003124","S03000012","S99999999","S99999999","3","7A2",57.097350,-2.269825,"S99999999","","S23000009",4691,"S99999999","S99999999","","",""
"AB1 0UQ","AB1  0UQ","AB1 0UQ","198001","199606","S99999999","S99999999","S12000033","S13002843","S99999999","0","383666","0800650","1","S08000020","S99999999","S92000003","S99999999","0","S14000002","S15000001","S09000001","S22000047","S03000012","S30000026","99ZZ00","S00001254","01C30","S99999999","S01000001","S02000003","3","6D2","S00090287","S01006506","S02001236","S34003124","S03000012","S99999999","S99999999","3","5A3",57.096538,-2.271206,"S99999999","","S23000009",4691,"S99999999","S99999999","","",""
"AB1 0UR","AB1  0UR","AB1 0UR","198001","199606","S99999999","S99999999","S12000033","S13002843","S99999999","0","383630","0800590","8","S08000020","S99999999","S92000003","S99999999","0","S14000002","S15000001","S09000001","S22000047","S03000012","S30000026","99ZZ00","S00001805","01C30","S99999999","S01000001","S02000003","3","5B4","S00090888","S01006506","S02001236","S34002978","S03000012","S99999999","S99999999","3","7A2",57.095998,-2.271796,"S99999999","","S23000009",4691,"S99999999","S99999999","","",""
"AB1 0US","AB1  0US","AB1 0US","198001","199606","S99999999","S99999999","S12000033","S13002843","S99999999","0","383772","0800512","1","S08000020","S99999999","S92000003","S99999999","0","S14000002","S15000001","S09000001","S22000047","S03000012","S30000026","99ZZ00","S00001807","01C30","S99999999","S01000001","S02000003","3","6D2","S00090889","S01006506","S02001236","S34002978","S03000012","S99999999","S99999999","3","5B3",57.095302,-2.269447,"S99999999","","S23000009",4691,"S99999999","S99999999","","",""
"AB1 0UT","AB1  0UT","AB1 0UT","198001","199606","S99999999","S99999999","S12000033","S13002843","S99999999","0","383624","0800806","1","S08000020","S99999999","S92000003","S99999999","0","S14000002","S15000001","S09000001","S22000047","S03000012","S30000026","99ZZ00","S00001352","01C30","S99999999","S01000005","S02000003","3","6B2","S00090385","S01006508","S02001236","S34003124","S03000012","S99999999","S99999999","3","5B3",57.097938,-2.271909,"S99999999","","S23000009",5686,"S99999999","S99999999","","",""
"AB1 0UX","AB1  0UX","AB1 0UX","198001","199606","S99999999","S99999999","S12000033","S13002843","S99999999","0","383712","0800984","1","S08000020","S99999999","S92000003","S99999999","0","S14000002","S15000001","S09000001","S22000047","S03000012","S30000026","99ZZ00","S00001352","01C30","S99999999","S01000005","S02000003","3","6B2","S00090385","S01006508","S02001236","S34003124","S03000012","S99999999","S99999999","3","5B3",57.099540,-2.270468,"S99999999","","S23000009",5686,"S99999999","S99999999","","",""
"AB1 0WA","AB1  0WA","AB1 0WA","198507","199606","S99999999","S99999999","S12000033","S13002843","S99999999","0","383337","0800610","1","S08000020","S99999999","S92000003","S99999999","0","S14000002","S15000001","S09000001","S22000047","S03000012","S30000026","99ZZ00","S00001836","01C30","S99999999","S01000005","S02000003","3","6D1","S00090920","S01006508","S02001236","S34002978","S03000012","S99999999","S99999999","3","5A1",57.096167,-2.276633,"S99999999","","S23000009",5686,"S99999999","S99999999","","",""
"AB1 0WB","AB1  0WB","AB1 0WB","198507","199606","S99999999","S99999999","S12000033","S13002843","S99999999","0","383455","0800585","1","S08000020","S99999999","S92000003","S99999999","0","S14000002","S15000001","S09000001","S22000047","S03000012","S30000026","99ZZ00","S00001837","01C30","S99999999","S01000005","S02000003","3","2A1","S00090921","S01006508","S02001236","S34002978","S03000012","S99999999","S99999999","3","5B1",57.095947,-2.274683,"S99999999","","S23000009",5686,"S99999999","S99999999","","",""
"AB1 0WD","AB1  0WD","AB1 0WD","198507","199606","S99999999","S99999999","S12000033","S13002843","S99999999","0","383421","0800547","1","S08000020","S99999999","S92000003","S99999999","0","S14000002","S15000001","S09000001","S22000047","S03000012","S30000026","99ZZ00","S00001256","01C30","S99999999","S01000001","S02000003","3","2A1","S00090289","S01006506","S02001236","S34002978","S03000012","S99999999","S99999999","3","7B3",57.095604,-2.275242,"S99999999","","S23000009",4691,"S99999999","S99999999","","",""
"AB1 0WE","AB1  0WE","AB1 0WE","198507","199606","S99999999","S99999999","S12000033","S13002843","S99999999","0","383434","0800681","1","S08000020","S99999999","S92000003","S99999999","0","S14000002","S15000001","S09000001","S22000047","S03000012","S30000026","99ZZ00","S00001836","01C30","S99999999","S01000005","S02000003","3","6D1","S00090920","S01006508","S02001236","S34002978","S03000012","S99999999","S99999999","3","5A1",57.096808,-2.275036,"S99999999","","S23000009",5686,"S99999999","S99999999","","",""
"AB1 0WF","AB1  0WF","AB1 0WF","198511","199606","S99999999","S99999999","S12000033","S13002843","S99999999","0","383470","0800733","1","S08000020","S99999999","S92000003","S99999999","0","S14000002","S15000001","S09000001","S22000047","S03000012","S30000026","99ZZ00","S00001835","01C30","S99999999","S01000005","S02000003","3","2B1","S00090919","S01006508","S02001236","S34002978","S03000012","S99999999","S99999999","3","7C1",57.097277,-2.274446,"S99999999","","S23000009",5686,"S99999999","S99999999","","",""
"AB1 0WG","AB1  0WG","AB1 0WG","199205","199606","S99999999","S99999999","S12000033","S13002843","S99999999","0","383408","0800758","1","S08000020","S99999999","S92000003","S99999999","0","S14000002","S15000001","S09000001","S22000047","S03000012","S30000026","99ZZ00","S00001834","01C30","S99999999","S01000005","S02000003","3","6D1","S00090918","S01006508","S02001236","S34002978","S03000012","S99999999","S99999999","3","5A3",57.097499,-2.275471,"S99999999","","S23000009",5686,"S99999999","S99999999","","",""
"AB1 0WH","AB1  0WH","AB1 0WH","199302","199606","S99999999","S99999999","S12000033","S13002843","S99999999","0","383495","0800782","1","S08000020","S99999999","S92000003","S99999999","0","S14000002","S15000001","S09000001","S22000047","S03000012","S30000026","99ZZ00","S00001835","01C30","S99999999","S01000005","S02000003","3","2B1","S00090919","S01006508","S02001236","S34002978","S03000012","S99999999","S99999999","3","7C1",57.097718,-2.274036,"S99999999","","S23000009",5686,"S99999999","S99999999","","",""
"AB1 0WN","AB1  0WN","AB1 0WN","199302","199606","S99999999","S99999999","S12000033","S13002843","S99999999","0","383518","0800590","1","S08000020","S99999999","S92000003","S99999999","0","S14000002","S15000001","S09000001","S22000047","S03000012","S30000026","99ZZ00","S00001837","01C30","S99999999","S01000005","S02000003","3","2A1","S00090921","S01006508","S02001236","S34002978","S03000012","S99999999","S99999999","3","5B1",57.095994,-2.273644,"S99999999","","S23000009",5686,"S99999999","S99999999","","",""
"AB1 0XA","AB1  0XA","AB1 0XA","198001","199606","S99999999","S99999999","S12000033","S13002843","S99999999","0","383550","0801082","1","S08000020","S99999999","S92000003","S99999999","0","S14000002","S15000001","S09000001","S22000047","S03000012","S30000026","99ZZ00","S00001352","01C30","S99999999","S01000005","S02000003","3","6B2","S00090385","S01006508","S02001236","S34003124","S03000012","S99999999","S99999999","3","5B3",57.100415,-2.273148,"S99999999","","S23000009",5686,"S99999999","S99999999","","",""
"AB1 0XB","AB1  0XB","AB1 0XB","198001","199606","S99999999","S99999999","S12000033","S13002843","S99999999","0","383368","0801343","1","S08000020","S99999999","S92000003","S99999999","0","S14000002","S15000001","S09000001","S22000047","S03000012","S30000026","99ZZ00","S00001832","01C30","S99999999","S01000013","S02000003","3","3C1","S00090916","S01006507","S02001236","S34002990","S03000012","S99999999","S99999999","3","6A4",57.102753,-2.276170,"S99999999","","S23000009",4862,"S99999999","S99999999","","",""
"AB1 0XD","AB1  0XD","AB1 0XD","198001","199606","S99999999","S99999999","S12000033","S13002843","S99999999","0","383268","0801277","1","S08000020","S99999999","S92000003","S99999999","0","S14000002","S15000001","S09000001","S22000047","S03000012","S30000026","99ZZ00","S00001833","01C30","S99999999","S01000013","S02000003","3","4A2","S00090917","S01006507","S02001236","S34002990","S03000012","S99999999","S99999999","3","1B3",57.102156,-2.277816,"S99999999","","S23000009",4862,"S99999999","S99999999","","",""
"AB1 0XE","AB1  0XE","AB1 0XE","198001","199606","S99999999","S99999999","S12000033","S13002843","S99999999","0","383317","0801290","1","S08000020","S99999999","S92000003","S99999999","0","S14000002","S15000001","S09000001","S22000047","S03000012","S30000026","99ZZ00","S00001833","01C30","S99999999","S01000013","S02000003","3","4A2","S00090917","S01006507","S02001236","S34002990","S03000012","S99999999","S99999999","3","1B3",57.102275,-2.277008,"S99999999","","S23000009",4862,"S99999999","S99999999","","",""
"AB1 0XJ","AB1  0XJ","AB1 0XJ","199210","199606","S99999999","S99999999","S12000033","S13002843","S99999999","0","383756","0801466","1","S08000020","S99999999","S92000003","S99999999","0","S14000002","S15000001","S09000001","S22000047","S03000012","S30000026","99ZZ00","S00001808","01C30","S99999999","S01000024","S02000003","3","4A1","S00090890","S01006512","S02001236","S34003099","S03000012","S99999999","S99999999","3","1A2",57.103872,-2.269773,"S99999999","","S23000009",5692,"S99999999","S99999999","","",""
"AB1 0XL","AB1  0XL","AB1 0XL","199210","199606","S99999999","S99999999","S12000033","S13002843","S99999999","0","383807","0801367","1","S08000020","S99999999","S92000003","S99999999","0","S14000002","S15000001","S09000001","S22000047","S03000012","S30000026","99ZZ00","S00001263","01C30","S99999999","S01000013","S02000003","3","1A2","S00090296","S01006507","S02001236","S34002990","S03000012","S99999999","S99999999","3","8B2",57.102984,-2.268925,"S99999999","","S23000009",4862,"S99999999","S99999999","","",""
"AB1 0XN","AB1  0XN","AB1 0XN","199210","199606","S99999999","S99999999","S12000033","S13002843","S99999999","0","383668","0801499","1","S08000020","S99999999","S92000003","S99999999","0","S14000002","S15000001","S09000001","S22000047","S03000012","S30000026","99ZZ00","S00001808","01C30","S99999999","S01000024","S02000003","3","4A1","S00090890","S01006512","S02001236","S34003099","S03000012","S99999999","S99999999","3","1A2",57.104165,-2.271228,"S99999999","","S23000009",5692,"S99999999","S99999999","","",""
"AB1 0XP","AB1  0XP","AB1 0XP","199210","199606","S99999999","S99999999","S12000033","S13002843","S99999999","0","383693","0801417","1","S08000020","S99999999","S92000003","S99999999","0","S14000002","S15000001","S09000001","S22000047","S03000012","S30000026","99ZZ00","S00001808","01C30","S99999999","S01000024","S02000003","3","4A1","S00090890","S01006512","S02001236","S34003099","S03000012","S99999999","S99999999","3","1A2",57.103429,-2.270810,"S99999999","","S23000009",5692,"S99999999","S99999999","","",""
"AB1 0XQ","AB1  0XQ","AB1 0XQ","199210","199606","S99999999","S99999999","S12000033","S13002843","S99999999","0","383454","0801536","1","S08000020","S99999999","S92000003","S99999999","0","S14000002","S15000001","S09000001","S22000047","S03000012","S30000026","99ZZ00","S00001832","01C30","S99999999","S01000013","S02000003","3","3C1","S00090916","S01006507","S02001236","S34002990","S03000012","S99999999","S99999999","3","6A4",57.104490,-2.274763,"S99999999","","S23000009",4862,"S99999999","S99999999","","",""
"AB1 0XR","AB1  0XR","AB1 0XR","199210","199606","S99999999","S99999999","S12000033","S13002843","S99999999","0","383447","0801466","1","S08000020","S99999999","S92000003","S99999999","0","S14000002","S15000001","S09000001","S22000047","S03000012","S30000026","99ZZ00","S00001832","01C30","S99999999","S01000013","S02000003","3","3C1","S00090916","S01006507","S02001236","S34002990","S03000012","S99999999","S99999999","3","6A4",57.103861,-2.274874,"S99999999","","S23000009",4862,"S99999999","S99999999","","",""
"AB1 0XU","AB1  0XU","AB1 0XU","199402","199606","S99999999","S99999999","S12000033","S13002843","S99999999","0","383263","0801346","1","S08000020","S99999999","S92000003","S99999999","0","S14000002","S15000001","S09000001","S22000047","S03000012","S30000026","99ZZ00","S00001833","01C30","S99999999","S01000013","S02000003","3","4A2","S00090917","S01006507","S02001236","S34002990","S03000012","S99999999","S99999999","3","1B3",57.102776,-2.277903,"S99999999","","S23000009",4862,"S99999999","S99999999","","",""
"AB1 0YA","AB1  0YA","AB1 0YA","199512","199512","S99999999","S99999999","S12000033","S13002843","S99999999","1","385868","0801887","8","S08000020","S99999999","S92000003","S99999999","0","S14000002","S15000001","S09000001","S22000047","S03000012","S30000026","99ZZ00","S00001279","01C31","S99999999","S01000019","S02000007","6","4D2","S00090312","S01006513","S02001237","S34003134","S03000012","S99999999","S99999999","3","6B4",57.107724,-2.234935,"S99999999","","S23000009",6177,"S99999999","S99999999","","",""
"AB1 0YB","AB1  0YB","AB1 0YB","199512","199512","S99999999","S99999999","S12000033","S13002843","S99999999","1","385868","0801887","8","S08000020","S99999999","S92000003","S99999999","0","S14000002","S15000001","S09000001","S22000047","S03000012","S30000026","99ZZ00","S00001279","01C31","S99999999","S01000019","S02000007","6","4D2","S00090312","S01006513","S02001237","S34003134","S03000012","S99999999","S99999999","3","6B4",57.107724,-2.234935,"S99999999","","S23000009",6177,"S99999999","S99999999","","",""
"AB1 0YD","AB1  0YD","AB1 0YD","199512","199512","S99999999","S99999999","S12000033","S13002843","S99999999","1","385868","0801887","8","S08000020","S99999999","S92000003","S99999999","0","S14000002","S15000001","S09000001","S22000047","S03000012","S30000026","99ZZ00","S00001279","01C31","S99999999","S01000019","S02000007","6","4D2","S00090312","S01006513","S02001237","S34003134","S03000012","S99999999","S99999999","3","6B4",57.107724,-2.234935,"S99999999","","S23000009",6177,"S99999999","S99999999","","",""
"AB1 0YE","AB1  0YE","AB1 0YE","199512","199512","S99999999","S99999999","S12000033","S13002843","S99999999","1","385868","0801887","8","S08000020","S99999999","S92000003","S99999999","0","S14000002","S15000001","S09000001","S22000047","S03000012","S30000026","99ZZ00","S00001279","01C31","S99999999","S01000019","S02000007","6","4D2","S00090312","S01006513","S02001237","S34003134","S03000012","S99999999","S99999999","3","6B4",57.107724,-2.234935,"S99999999","","S23000009",6177,"S99999999","S99999999","","",""
"AB1 1AA","AB1  1AA","AB1 1AA","198001","199606","S99999999","S99999999","S12000033","S13002842","S99999999","0","394420","0806310","8","S08000020","S99999999","S92000003","S99999999","0","S14000001","S15000001","S09000001","S22000047","S03000012","S30000026","99ZZ00","S00000029","01C28","S99999999","S01000107","S02000018","1","2A1","S00088987","S01006589","S02001250","S34003122","S03000012","S99999999","S99999999","1","2B1",57.147641,-2.093853,"S99999999","","S23000009",3415,"S99999999","S99999999","","",""
"AB1 1AB","AB1  1AB","AB1 1AB","198001","199606","S99999999","S99999999","S12000033","S13002842","S99999999","0","394500","0806350","8","S08000020","S99999999","S92000003","S99999999","0","S14000001","S15000001","S09000001","S22000047","S03000012","S30000026","99ZZ00","S00000029","01C28","S99999999","S01000107","S02000018","1","2A1","S00088987","S01006589","S02001250","S34003122","S03000012","S99999999","S99999999","1","2B1",57.148001,-2.092532,"S99999999","","S23000009",3415,"S99999999","S99999999","","",""
"AB1 1AD","AB1  1AD","AB1 1AD","198001","199606","S99999999","S99999999","S12000033","S13002842","S99999999","0","394540","0806380","8","S08000020","S99999999","S92000003","S99999999","0","S14000001","S15000001","S09000001","S22000047","S03000012","S30000026","99ZZ00","S00000029","01C28","S99999999","S01000107","S02000018","1","2A1","S00088987","S01006589","S02001250","S34003122","S03000012","S99999999","S99999999","1","2B1",57.148271,-2.091872,"S99999999","","S23000009",3415,"S99999999","S99999999","","",""
"AB1 1AE","AB1  1AE","AB1 1AE","197308","197705","S99999999","S99999999","S12000033","S13002842","S99999999","0","394540","0806390","8","S08000020","S99999999","S92000003","S99999999","0","S14000001","S15000001","S09000001","S22000047","S03000012","S30000026","99ZZ00","S00000029","01C28","S99999999","S01000107","S02000018","1","2A1","S00088987","S01006589","S02001250","S34003122","S03000012","S99999999","S99999999","1","2B1",57.148361,-2.091872,"S99999999","","S23000009",3415,"S99999999","S99999999","","",""
"AB1 1AG","AB1  1AG","AB1 1AG","199205","199606","S99999999","S99999999","S12000033","S13002842","S99999999","0","394331","0806530","1","S08000020","S99999999","S92000003","S99999999","0","S14000001","S15000001","S09000001","S22000047","S03000012","S30000026","99ZZ00","S00000036","01C28","S99999999","S01000125","S02000024","1","2A1","S00090540","S01006646","S02001261","S34000028","S03000012","S99999999","S99999999","1","2B1",57.149616,-2.095329,"S99999999","","S23000009",3888,"S99999999","S99999999","","",""
"AB1 1AH","AB1  1AH","AB1 1AH","198001","199606","S99999999","S99999999","S12000033","S13002842","S99999999","0","394367","0806542","1","S08000020","S99999999","S92000003","S99999999","0","S14000001","S15000001","S09000001","S22000047","S03000012","S30000026","99ZZ00","S00000036","01C28","S99999999","S01000125","S02000024","1","2A1","S00090540","S01006646","S02001261","S34000028","S03000012","S99999999","S99999999","1","2B1",57.149724,-2.094735,"S99999999","","S23000009",3888,"S99999999","S99999999","","",""
"AB1 1AJ","AB1  1AJ","AB1 1AJ","198001","199606","S99999999","S99999999","S12000033","S13002842","S99999999","0","394481","0806407","1","S08000020","S99999999","S92000003","S99999999","0","S14000001","S15000001","S09000001","S22000047","S03000012","S30000026","99ZZ00","S00000029","01C28","S99999999","S01000107","S02000018","1","2A1","S00088987","S01006589","S02001250","S34003122","S03000012","S99999999","S99999999","1","2B1",57.148513,-2.092847,"S99999999","","S23000009",3415,"S99999999","S99999999","","",""
"AB1 1AP","AB1  1AP","AB1 1AP","198001","199606","S99999999","S99999999","S12000033","S13002842","S99999999","0","394310","0806459","1","S08000020","S99999999","S92000003","S99999999","0","S14000001","S15000001","S09000001","S22000047","S03000012","S30000026","99ZZ00","S00000036","01C28","S99999999","S01000125","S02000024","1","2A1","S00090540","S01006646","S02001261","S34000028","S03000012","S99999999","S99999999","1","2B1",57.148978,-2.095675,"S99999999","","S23000009",3888,"S99999999","S99999999","","",""
"AB1 1AQ","AB1  1AQ","AB1 1AQ","197308","197604","S99999999","S99999999","S12000033","S13002842","S99999999","0","394280","0806370","8","S08000020","S99999999","S92000003","S99999999","0","S14000001","S15000001","S09000001","S22000047","S03000012","S30000026","99ZZ00","S00000028","01C28","S99999999","S01000109","S02000018","1","2A1","S00088986","S01006586","S02001249","S34000005","S03000012","S99999999","S99999999","1","2B1",57.148178,-2.096168,"S99999999","","S23000009",3228,"S99999999","S99999999","","",""
"AB1 1AR","AB1  1AR","AB1 1AR","199009","199606","S99999999","S99999999","S12000033","S13002842","S99999999","0","394199","0806386","1","S08000020","S99999999","S92000003","S99999999","0","S14000001","S15000001","S09000001","S22000047","S03000012","S30000026","99ZZ00","S00000036","01C28","S99999999","S01000125","S02000024","1","2A1","S00090540","S01006646","S02001261","S34000028","S03000012","S99999999","S99999999","1","2B1",57.148321,-2.097507,"S99999999","","S23000009",3888,"S99999999","S99999999","","",""
"AB1 1AU","AB1  1AU","AB1 1AU","198001","199606","S99999999","S99999999","S12000033","S13002842","S99999999","0","394272","0806325","1","S08000020","S99999999","S92000003","S99999999","0","S14000001","S15000001","S09000001","S22000047","S03000012","S30000026","99ZZ00","S00000028","01C28","S99999999","S01000109","S02000018","1","2A1","S00088986","S01006586","S02001249","S34000005","S03000012","S99999999","S99999999","1","2B1",57.147774,-2.096300,"S99999999","","S23000009",3228,"S99999999","S99999999","","",""
"AB1 1AW","AB1  1AW","AB1 1AW","198001","199606","S99999999","S99999999","S12000033","S13002842","S99999999","0","394226","0806282","1","S08000020","S99999999","S92000003","S99999999","0","S14000001","S15000001","S09000001","S22000047","S03000012","S30000026","99ZZ00","S00000028","01C28","S99999999","S01000109","S02000018","1","2A1","S00088986","S01006586","S02001249","S34000005","S03000012","S99999999","S99999999","1","2B1",57.147387,-2.097059,"S99999999","","S23000009",3228,"S99999999","S99999999","","",""
"AB1 1AZ","AB1  1AZ","AB1 1AZ","199402","199606","S99999999","S99999999","S12000033","S13002842","S99999999","0","394026","0806538","1","S08000020","S99999999","S92000003","S99999999","0","S14000001","S15000001","S09000001","S22000047","S03000012","S30000026","99ZZ00","S00001495","01C28","S99999999","S01000129","S02000024","1","2A1","S00090540","S01006646","S02001261","S34000028","S03000012","S99999999","S99999999","1","2B1",57.149684,-2.100370,"S99999999","","S23000009",3888,"S99999999","S99999999","","",""
"AB1 1BA","AB1  1BA","AB1 1BA","198001","199606","S99999999","S99999999","S12000033","S13002842","S99999999","0","394147","0806454","1","S08000020","S99999999","S92000003","S99999999","0","S14000001","S15000001","S09000001","S22000047","S03000012","S30000026","99ZZ00","S00000036","01C28","S99999999","S01000125","S02000024","1","2A1","S00090540","S01006646","S02001261","S34000028","S03000012","S99999999","S99999999","1","2B1",57.148931,-2.098368,"S99999999","","S23000009",3888,"S99999999","S99999999","","",""
"AB1 1BB","AB1  1BB","AB1 1BB","198001","199606","S99999999","S99999999","S12000033","S13002842","S99999999","0","394223","0806267","1","S08000020","S99999999","S92000003","S99999999","0","S14000001","S15000001","S09000001","S22000047","S03000012","S30000026","99ZZ00","S00000028","01C28","S99999999","S01000109","S02000018","1","2A1","S00088986","S01006586","S02001249","S34000005","S03000012","S99999999","S99999999","1","2B1",57.147252,-2.097108,"S99999999","","S23000009",3228,"S99999999","S99999999","","",""
"AB1 1BD","AB1  1BD","AB1 1BD","198001","199606","S99999999","S99999999","S12000033","S13002842","S99999999","0","394261","0806289","1","S08000020","S99999999","S92000003","S99999999","0","S14000001","S15000001","S09000001","S22000047","S03000012","S30000026","99ZZ00","S00000028","01C28","S99999999","S01000109","S02000018","1","2A1","S00088986","S01006586","S02001249","S34000005","S03000012","S99999999","S99999999","1","2B1",57.147450,-2.096481,"S99999999","","S23000009",3228,"S99999999","S99999999","","",""
"AB1 1BE","AB1  1BE","AB1 1BE","199205","199606","S99999999","S99999999","S12000033","S13002842","S99999999","0","394008","0806055","1","S08000020","S99999999","S92000003","S99999999","0","S14000001","S15000001","S09000001","S22000047","S03000012","S30000026","99ZZ00","S00001531","01C28","S99999999","S01000107","S02000018","1","2A1","S00090584","S01006588","S02001250","S34000042","S03000012","S99999999","S99999999","1","2B1",57.145345,-2.100656,"S99999999","","S23000009",3265,"S99999999","S99999999","","",""
"AB1 1BH","AB1  1BH","AB1 1BH","198001","199606","S99999999","S99999999","S12000033","S13002842","S99999999","0","394146","0806807","1","S08000020","S99999999","S92000003","S99999999","0","S14000001","S15000001","S09000001","S22000047","S03000012","S30000026","99ZZ00","S00001491","01C28","S99999999","S01000125","S02000024","1","5A1","S00090537","S01006647","S02001261","S34003076","S03000012","S99999999","S99999999","1","7B1",57.152102,-2.098393,"S99999999","","S23000009",2962,"S99999999","S99999999","","",""
"AB1 1BJ","AB1  1BJ","AB1 1BJ","197308","197705","S99999999","S99999999","S12000033","S13002842","S99999999","0","394140","0806830","8","S08000020","S99999999","S92000003","S99999999","0","S14000001","S15000001","S09000001","S22000047","S03000012","S30000026","99ZZ00","S00001491","01C28","S99999999","S01000125","S02000024","1","5A1","S00090537","S01006647","S02001261","S34003076","S03000012","S99999999","S99999999","1","7B1",57.152309,-2.098493,"S99999999","","S23000009",2962,"S99999999","S99999999","","",""
"AB1 1BL","AB1  1BL","AB1 1BL","197308","198504","S99999999","S99999999","S12000033","S13002842","S99999999","0","394140","0806340","8","S08000020","S99999999","S92000003","S99999999","0","S14000001","S15000001","S09000001","S22000047","S03000012","S30000026","99ZZ00","S00000028","01C28","S99999999","S01000109","S02000018","1","2A1","S00088986","S01006586","S02001249","S34000004","S03000012","S99999999","S99999999","1","2B1",57.147907,-2.098481,"S99999999","","S23000009",3228,"S99999999","S99999999","","",""
"AB1 1BN","AB1  1BN","AB1 1BN","197308","199512","S99999999","S99999999","S12000033","S13002842","S99999999","0","394050","0806470","8","S08000020","S99999999","S92000003","S99999999","0","S14000001","S15000001","S09000001","S22000047","S03000012","S30000026","99ZZ00","S00000036","01C28","S99999999","S01000125","S02000024","1","2A1","S00090540","S01006646","S02001261","S34000028","S03000012","S99999999","S99999999","1","2B1",57.149073,-2.099972,"S99999999","","S23000009",3888,"S99999999","S99999999","","",""
"AB1 1BP","AB1  1BP","AB1 1BP","197308","199210","S99999999","S99999999","S12000033","S13002842","S99999999","0","394000","0806560","8","S08000020","S99999999","S92000003","S99999999","0","S14000001","S15000001","S09000001","S22000047","S03000012","S30000026","99ZZ00","S00001495","01C28","S99999999","S01000129","S02000024","1","2A1","S00090540","S01006646","S02001261","S34000028","S03000012","S99999999","S99999999","1","2B1",57.149881,-2.100801,"S99999999","","S23000009",3888,"S99999999","S99999999","","",""
"AB1 1BQ","AB1  1BQ","AB1 1BQ","198001","199606","S99999999","S99999999","S12000033","S13002842","S99999999","0","393962","0806633","1","S08000020","S99999999","S92000003","S99999999","0","S14000001","S15000001","S09000001","S22000047","S03000012","S30000026","99ZZ00","S00001495","01C28","S99999999","S01000129","S02000024","1","2A1","S00090538","S01006646","S02001261","S34003080","S03000012","S99999999","S99999999","1","2B1",57.150537,-2.101430,"S99999999","","S23000009",3888,"S99999999","S99999999","","",""
"AB1 1BR","AB1  1BR","AB1 1BR","198001","199606","S99999999","S99999999","S12000033","S13002842","S99999999","0","393955","0806664","1","S08000020","S99999999","S92000003","S99999999","0","S14000001","S15000001","S09000001","S22000047","S03000012","S30000026","99ZZ00","S00001495","01C28","S99999999","S01000129","S02000024","1","2A1","S00090538","S01006646","S02001261","S34003080","S03000012","S99999999","S99999999","1","2B1",57.150815,-2.101547,"S99999999","","S23000009",3888,"S99999999","S99999999","","",""
"AB1 1BS","AB1  1BS","AB1 1BS","198001","199606","S99999999","S99999999","S12000033","S13002842","S99999999","0","393925","0806670","1","S08000020","S99999999","S92000003","S99999999","0","S14000001","S15000001","S09000001","S22000047","S03000012","S30000026","99ZZ00","S00000037","01C28","S99999999","S01000128","S02000024","1","2A1","S00088995","S01006648","S02001261","S34003080","S03000012","S99999999","S99999999","1","2B1",57.150868,-2.102043,"S99999999","","S23000009",3506,"S99999999","S99999999","","",""
"AB1 1BT","AB1  1BT","AB1 1BT","198001","199606","S99999999","S99999999","S12000033","S13002842","S99999999","0","393932","0806746","1","S08000020","S99999999","S92000003","S99999999","0","S14000001","S15000001","S09000001","S22000047","S03000012","S30000026","99ZZ00","S00001493","01C28","S99999999","S01000129","S02000024","1","2A1","S00090538","S01006646","S02001261","S34003080","S03000012","S99999999","S99999999","1","2B1",57.151551,-2.101929,"S99999999","","S23000009",3888,"S99999999","S99999999","","",""
"AB1 1BU","AB1  1BU","AB1 1BU","198001","199606","S99999999","S99999999","S12000033","S13002842","S99999999","0","394105","0806708","1","S08000020","S99999999","S92000003","S99999999","0","S14000001","S15000001","S09000001","S22000047","S03000012","S30000026","99ZZ00","S00001496","01C28","S99999999","S01000129","S02000024","1","2A1","S00090541","S01006646","S02001261","S34003076","S03000012","S99999999","S99999999","1","2B1",57.151212,-2.099069,"S99999999","","S23000009",3888,"S99999999","S99999999","","",""
"AB1 1BX","AB1  1BX","AB1 1BX","199402","199606","S99999999","S99999999","S12000033","S13002842","S99999999","0","393905","0806760","1","S08000020","S99999999","S92000003","S99999999","0","S14000001","S15000001","S09000001","S22000047","S03000012","S30000026","99ZZ00","S00001493","01C28","S99999999","S01000129","S02000024","1","2A1","S00090538","S01006646","S02001261","S34003080","S03000012","S99999999","S99999999","1","2B1",57.151677,-2.102376,"S99999999","","S23000009",3888,"S99999999","S99999999","","",""
"AB1 1BY","AB1  1BY","AB1 1BY","199107","199606","S99999999","S99999999","S12000033","S13002842","S99999999","0","394119","0806652","1","S08000020","S99999999","S92000003","S99999999","0","S14000001","S15000001","S09000001","S22000047","S03000012","S30000026","99ZZ00","S00001494","01C28","S99999999","S01000125","S02000024","1","2B2","S00090539","S01006647","S02001261","S34003034","S03000012","S99999999","S99999999","1","2C2",57.150709,-2.098836,"S99999999","","S23000009",2962,"S99999999","S99999999","","",""
"AB1 1BZ","AB1  1BZ","AB1 1BZ","199012","199606","S99999999","S99999999","S12000033","S13002842","S99999999","0","393955","0806664","1","S08000020","S99999999","S92000003","S99999999","0","S14000001","S15000001","S09000001","S22000047","S03000012","S30000026","99ZZ00","S00001495","01C28","S99999999","S01000129","S02000024","1","2A1","S00090538","S01006646","S02001261","S34003080","S03000012","S99999999","S99999999","1","2B1",57.150815,-2.101547,"S99999999","","S23000009",3888,"S99999999","S99999999","","",""
"AB1 1DA","AB1  1DA","AB1 1DA","197308","199512","S99999999","S99999999","S12000033","S13002842","S99999999","0","394140","0806550","8","S08000020","S99999999","S92000003","S99999999","0","S14000001","S15000001","S09000001","S22000047","S03000012","S30000026","99ZZ00","S00001495","01C28","S99999999","S01000129","S02000024","1","2A1","S00090540","S01006646","S02001261","S34000028","S03000012","S99999999","S99999999","1","2B1",57.149793,-2.098486,"S99999999","","S23000009",3888,"S99999999","S99999999","","",""
"AB1 1DB","AB1  1DB","AB1 1DB","197308","199512","S99999999","S99999999","S12000033","S13002842","S99999999","0","394100","0806560","8","S08000020","S99999999","S92000003","S99999999","0","S14000001","S15000001","S09000001","S22000047","S03000012","S30000026","99ZZ00","S00001495","01C28","S99999999","S01000129","S02000024","1","2A1","S00090540","S01006646","S02001261","S34000028","S03000012","S99999999","S99999999","1","2B1",57.149883,-2.099148,"S99999999","","S23000009",3888,"S99999999","S99999999","","",""
"AB1 1DD","AB1  1DD","AB1 1DD","198001","199606","S99999999","S99999999","S12000033","S13002842","S99999999","0","393987","0806503","1","S08000020","S99999999","S92000003","S99999999","0","S14000001","S15000001","S09000001","S22000047","S03000012","S30000026","99ZZ00","S00000035","01C28","S99999999","S01000128","S02000024","1","2A1","S00090523","S01006648","S02001261","S34003052","S03000012","S99999999","S99999999","1","2B1",57.149369,-2.101014,"S99999999","","S23000009",3506,"S99999999","S99999999","","",""
"AB1 1DE","AB1  1DE","AB1 1DE","199205","199606","S99999999","S99999999","S12000033","S13002842","S99999999","0","394047","0806641","1","S08000020","S99999999","S92000003","S99999999","0","S14000001","S15000001","S09000001","S22000047","S03000012","S30000026","99ZZ00","S00001495","01C28","S99999999","S01000129","S02000024","1","2A1","S00090538","S01006646","S02001261","S34003080","S03000012","S99999999","S99999999","1","2B1",57.150610,-2.100026,"S99999999","","S23000009",3888,"S99999999","S99999999","","",""
"AB1 1DF","AB1  1DF","AB1 1DF","198001","199606","S99999999","S99999999","S12000033","S13002842","S99999999","0","394064","0806668","1","S08000020","S99999999","S92000003","S99999999","0","S14000001","S15000001","S09000001","S22000047","S03000012","S30000026","99ZZ00","S00001496","01C28","S99999999","S01000129","S02000024","1","2A1","S00090541","S01006646","S02001261","S34003076","S03000012","S99999999","S99999999","1","2B1",57.150852,-2.099745,"S99999999","","S23000009",3888,"S99999999","S99999999","","",""
"AB1 1DG","AB1  1DG","AB1 1DG","198407","199606","S99999999","S99999999","S12000033","S13002842","S99999999","0","393870","0806843","1","S08000020","S99999999","S92000003","S99999999","0","S14000001","S15000001","S09000001","S22000047","S03000012","S30000026","99ZZ00","S00000033","01C28","S99999999","S01000129","S02000024","1","2A1","S00088991","S01006646","S02001261","S34003076","S03000012","S99999999","S99999999","1","2B1",57.152422,-2.102956,"S99999999","","S23000009",3888,"S99999999","S99999999","","",""
"AB1 1DH","AB1  1DH","AB1 1DH","198001","199606","S99999999","S99999999","S12000033","S13002842","S99999999","0","393995","0806664","1","S08000020","S99999999","S92000003","S99999999","0","S14000001","S15000001","S09000001","S22000047","S03000012","S30000026","99ZZ00","S00001495","01C28","S99999999","S01000129","S02000024","1","2A1","S00090538","S01006646","S02001261","S34003080","S03000012","S99999999","S99999999","1","2B1",57.150815,-2.100886,"S99999999","","S23000009",3888,"S99999999","S99999999","","",""
"AB1 1DJ","AB1  1DJ","AB1 1DJ","197308","199201","S99999999","S99999999","S12000033","S13002842","S99999999","0","393950","0806820","8","S08000020","S99999999","S92000003","S99999999","0","S14000001","S15000001","S09000001","S22000047","S03000012","S30000026","99ZZ00","S00001492","01C28","S99999999","S01000125","S02000024","1","5A2","S00088992","S01006646","S02001261","S34003076","S03000012","S99999999","S99999999","1","2B2",57.152216,-2.101633,"S99999999","","S23000009",3888,"S99999999","S99999999","","",""
"AB1 1DL","AB1  1DL","AB1 1DL","199103","199606","S99999999","S99999999","S12000033","S13002842","S99999999","0","394099","0806615","1","S08000020","S99999999","S92000003","S99999999","0","S14000001","S15000001","S09000001","S22000047","S03000012","S30000026","99ZZ00","S00001494","01C28","S99999999","S01000125","S02000024","1","2B2","S00090539","S01006647","S02001261","S34003034","S03000012","S99999999","S99999999","1","2C2",57.150377,-2.099166,"S99999999","","S23000009",2962,"S99999999","S99999999","","",""
"AB1 1DN","AB1  1DN","AB1 1DN","198001","199606","S99999999","S99999999","S12000033","S13002842","S99999999","0","393940","0806880","8","S08000020","S99999999","S92000003","S99999999","0","S14000001","S15000001","S09000001","S22000047","S03000012","S30000026","99ZZ00","S00000034","01C21","S99999999","S01000129","S02000024","1","2A1","S00088992","S01006646","S02001261","S34003076","S03000012","S99999999","S99999999","1","2B2",57.152755,-2.101800,"S99999999","","S23000009",3888,"S99999999","S99999999","","",""
"AB1 1DP","AB1  1DP","AB1 1DP","198001","199606","S99999999","S99999999","S12000033","S13002842","S99999999","0","394080","0806933","1","S08000020","S99999999","S92000003","S99999999","0","S14000001","S15000001","S09000001","S22000047","S03000012","S30000026","99ZZ00","S00001489","01C28","S99999999","S01000125","S02000024","1","5C2","S00090534","S01006647","S02001261","S34003115","S03000012","S99999999","S99999999","1","7B1",57.153233,-2.099487,"S99999999","","S23000009",2962,"S99999999","S99999999","","",""
"AB1 1DQ","AB1  1DQ","AB1 1DQ","198001","199606","S99999999","S99999999","S12000033","S13002842","S99999999","0","394124","0806858","1","S08000020","S99999999","S92000003","S99999999","0","S14000001","S15000001","S09000001","S22000047","S03000012","S30000026","99ZZ00","S00001490","01C28","S99999999","S01000125","S02000024","1","5C2","S00090535","S01006647","S02001261","S34003115","S03000012","S99999999","S99999999","1","7B1",57.152560,-2.098758,"S99999999","","S23000009",2962,"S99999999","S99999999","","",""
"AB1 1DR","AB1  1DR","AB1 1DR","198001","199606","S99999999","S99999999","S12000033","S13002842","S99999999","0","394124","0806858","1","S08000020","S99999999","S92000003","S99999999","0","S14000001","S15000001","S09000001","S22000047","S03000012","S30000026","99ZZ00","S00001490","01C28","S99999999","S01000125","S02000024","1","5C2","S00090535","S01006647","S02001261","S34003115","S03000012","S99999999","S99999999","1","7B1",57.152560,-2.098758,"S99999999","","S23000009",2962,"S99999999","S99999999","","",""
"AB1 1DS","AB1  1DS","AB1 1DS","198001","199606","S99999999","S99999999","S12000033","S13002842","S99999999","0","394124","0806858","1","S08000020","S99999999","S92000003","S99999999","0","S14000001","S15000001","S09000001","S22000047","S03000012","S30000026","99ZZ00","S00001490","01C28","S99999999","S01000125","S02000024","1","5C2","S00090535","S01006647","S02001261","S34003115","S03000012","S99999999","S99999999","1","7B1",57.152560,-2.098758,"S99999999","","S23000009",2962,"S99999999","S99999999","","",""
"AB1 1DT","AB1  1DT","AB1 1DT","198001","199606","S99999999","S99999999","S12000033","S13002842","S99999999","0","394105","0806884","1","S08000020","S99999999","S92000003","S99999999","0","S14000001","S15000001","S09000001","S22000047","S03000012","S30000026","99ZZ00","S00001489","01C28","S99999999","S01000125","S02000024","1","5C2","S00090534","S01006647","S02001261","S34003115","S03000012","S99999999","S99999999","1","7B1",57.152793,-2.099073,"S99999999","","S23000009",2962,"S99999999","S99999999","","",""
"AB1 1DU","AB1  1DU","AB1 1DU","198001","199606","S99999999","S99999999","S12000033","S13002842","S99999999","0","394146","0806807","1","S08000020","S99999999","S92000003","S99999999","0","S14000001","S15000001","S09000001","S22000047","S03000012","S30000026","99ZZ00","S00001491","01C28","S99999999","S01000125","S02000024","1","5A1","S00090537","S01006647","S02001261","S34003076","S03000012","S99999999","S99999999","1","7B1",57.152102,-2.098393,"S99999999","","S23000009",2962,"S99999999","S99999999","","",""
"AB1 1DW","AB1  1DW","AB1 1DW","199210","199606","S99999999","S99999999","S12000033","S13002842","S99999999","0","394182","0806588","1","S08000020","S99999999","S92000003","S99999999","0","S14000001","S15000001","S09000001","S22000047","S03000012","S30000026","99ZZ00","S00001494","01C28","S99999999","S01000125","S02000024","1","2B2","S00090539","S01006647","S02001261","S34003034","S03000012","S99999999","S99999999","1","2C2",57.150135,-2.097793,"S99999999","","S23000009",2962,"S99999999","S99999999","","",""
"AB1 1DX","AB1  1DX","AB1 1DX","198001","199606","S99999999","S99999999","S12000033","S13002842","S99999999","0","394126","0806749","1","S08000020","S99999999","S92000003","S99999999","0","S14000001","S15000001","S09000001","S22000047","S03000012","S30000026","99ZZ00","S00000038","01C28","S99999999","S01000125","S02000024","1","5C1","S00088996","S01006647","S02001261","S34003076","S03000012","S99999999","S99999999","1","3C2",57.151581,-2.098723,"S99999999","","S23000009",2962,"S99999999","S99999999","","",""
"AB1 1DY","AB1  1DY","AB1 1DY","198001","199606","S99999999","S99999999","S12000033","S13002842","S99999999","0","394188","0806776","1","S08000020","S99999999","S92000003","S99999999","0","S14000001","S15000001","S09000001","S22000047","S03000012","S30000026","99ZZ00","S00000038","01C28","S99999999","S01000125","S02000024","1","5C1","S00088996","S01006647","S02001261","S34003076","S03000012","S99999999","S99999999","1","3C2",57.151824,-2.097699,"S99999999","","S23000009",2962,"S99999999","S99999999","","",""
"AB1 1DZ","AB1  1DZ","AB1 1DZ","199405","199606","S99999999","S99999999","S12000033","S13002842","S99999999","0","393938","0806848","1","S08000020","S99999999","S92000003","S99999999","0","S14000001","S15000001","S09000001","S22000047","S03000012","S30000026","99ZZ00","S00001492","01C28","S99999999","S01000125","S02000024","1","5A2","S00088992","S01006646","S02001261","S34003076","S03000012","S99999999","S99999999","1","2B2",57.152468,-2.101832,"S99999999","","S23000009",3888,"S99999999","S99999999","","",""
"AB1 1EA","AB1  1EA","AB1 1EA","198001","199606","S99999999","S99999999","S12000033","S13002842","S99999999","0","394194","0806726","1","S08000020","S99999999","S92000003","S99999999","0","S14000001","S15000001","S09000001","S22000047","S03000012","S30000026","99ZZ00","S00001494","01C28","S99999999","S01000125","S02000024","1","2B2","S00090539","S01006647","S02001261","S34003034","S03000012","S99999999","S99999999","1","2C2",57.151375,-2.097598,"S99999999","","S23000009",2962,"S99999999","S99999999","","",""
"AB1 1EB","AB1  1EB","AB1 1EB","198001","199606","S99999999","S99999999","S12000033","S13002842","S99999999","0","394163","0806536","1","S08000020","S99999999","S92000003","S99999999","0","S14000001","S15000001","S09000001","S22000047","S03000012","S30000026","99ZZ00","S00001495","01C28","S99999999","S01000129","S02000024","1","2A1","S00090540","S01006646","S02001261","S34000028","S03000012","S99999999","S99999999","1","2B1",57.149668,-2.098106,"S99999999","","S23000009",3888,"S99999999","S99999999","","",""
"AB1 1ED","AB1  1ED","AB1 1ED","198001","199606","S99999999","S99999999","S12000033","S13002842","S99999999","0","393842","0806752","1","S08000020","S99999999","S92000003","S99999999","0","S14000001","S15000001","S09000001","S22000047","S03000012","S30000026","99ZZ00","S00000032","01C28","S99999999","S01000128","S02000024","1","2A1","S00088990","S01006648","S02001261","S34003052","S03000012","S99999999","S99999999","1","2B1",57.151604,-2.103417,"S99999999","","S23000009",3506,"S99999999","S99999999","","",""
"AB1 1EE","AB1  1EE","AB1 1EE","198001","199606","S99999999","S99999999","S12000033","S13002842","S99999999","0","393768","0806862","1","S08000020","S99999999","S92000003","S99999999","0","S14000001","S15000001","S09000001","S22000047","S03000012","S30000026","99ZZ00","S00001297","01C21","S99999999","S01000128","S02000024","1","2A1","S00090330","S01006648","S02001261","S34002979","S03000012","S99999999","S99999999","1","2C2",57.152591,-2.104643,"S99999999","","S23000009",3506,"S99999999","S99999999","","",""
"AB1 1EF","AB1  1EF","AB1 1EF","198001","199606","S99999999","S99999999","S12000033","S13002842","S99999999","0","393758","0806880","1","S08000020","S99999999","S92000003","S99999999","0","S14000001","S15000001","S09000001","S22000047","S03000012","S30000026","99ZZ00","S00001297","01C21","S99999999","S01000128","S02000024","1","2A1","S00090330","S01006648","S02001261","S34002979","S03000012","S99999999","S99999999","1","2C2",57.152753,-2.104808,"S99999999","","S23000009",3506,"S99999999","S99999999","","",""
"AB1 1EG","AB1  1EG","AB1 1EG","198001","199606","S99999999","S99999999","S12000033","S13002842","S99999999","0","393858","0806991","1","S08000020","S99999999","S92000003","S99999999","0","S14000001","S15000001","S09000001","S22000047","S03000012","S30000026","99ZZ00","S00001482","01C21","S99999999","S01000135","S02000024","1","5C2","S00090528","S01006645","S02001261","S34003115","S03000012","S99999999","S99999999","1","7B1",57.153751,-2.103158,"S99999999","","S23000009",1007,"S99999999","S99999999","","",""
"AB1 1EH","AB1  1EH","AB1 1EH","198001","199606","S99999999","S99999999","S12000033","S13002842","S99999999","0","393807","0806771","1","S08000020","S99999999","S92000003","S99999999","0","S14000001","S15000001","S09000001","S22000047","S03000012","S30000026","99ZZ00","S00000032","01C28","S99999999","S01000128","S02000024","1","2A1","S00088990","S01006648","S02001261","S34003052","S03000012","S99999999","S99999999","1","2B1",57.151774,-2.103996,"S99999999","","S23000009",3506,"S99999999","S99999999","","",""
"AB1 1EJ","AB1  1EJ","AB1 1EJ","198001","199606","S99999999","S99999999","S12000033","S13002842","S99999999","0","393776","0806750","1","S08000020","S99999999","S92000003","S99999999","0","S14000001","S15000001","S09000001","S22000047","S03000012","S30000026","99ZZ00","S00001480","01C28","S99999999","S01000128","S02000024","1","2A1","S00090526","S01006648","S02001261","S34003052","S03000012","S99999999","S99999999","1","2B1",57.151585,-2.104508,"S99999999","","S23000009",3506,"S99999999","S99999999","","",""
"AB1 1EL","AB1  1EL","AB1 1EL","198001","199606","S99999999","S99999999","S12000033","S13002842","S99999999","0","393787","0806785","1","S08000020","S99999999","S92000003","S99999999","0","S14000001","S15000001","S09000001","S22000047","S03000012","S30000026","99ZZ00","S00001480","01C28","S99999999","S01000128","S02000024","1","2A1","S00090526","S01006648","S02001261","S34003052","S03000012","S99999999","S99999999","1","2B1",57.151900,-2.104327,"S99999999","","S23000009",3506,"S99999999","S99999999","","",""
"AB1 1EN","AB1  1EN","AB1 1EN","198001","199606","S99999999","S99999999","S12000033","S13002842","S99999999","0","393747","0806760","1","S08000020","S99999999","S92000003","S99999999","0","S14000001","S15000001","S09000001","S22000047","S03000012","S30000026","99ZZ00","S00001480","01C28","S99999999","S01000128","S02000024","1","2A1","S00090526","S01006648","S02001261","S34003052","S03000012","S99999999","S99999999","1","2B1",57.151674,-2.104987,"S99999999","","S23000009",3506,"S99999999","S99999999","","",""
"AB1 1EP","AB1  1EP","AB1 1EP","198001","199606","S99999999","S99999999","S12000033","S13002842","S99999999","0","393809","0806804","1","S08000020","S99999999","S92000003","S99999999","0","S14000001","S15000001","S09000001","S22000047","S03000012","S30000026","99ZZ00","S00000032","01C28","S99999999","S01000128","S02000024","1","2A1","S00088990","S01006648","S02001261","S34003052","S03000012","S99999999","S99999999","1","2B1",57.152071,-2.103963,"S99999999","","S23000009",3506,"S99999999","S99999999","","",""
"AB1 1EQ","AB1  1EQ","AB1 1EQ","198001","199606","S99999999","S99999999","S12000033","S13002842","S99999999","0","393731","0806917","1","S08000020","S99999999","S92000003","S99999999","0","S14000001","S15000001","S09000001","S22000047","S03000012","S30000026","99ZZ00","S00001299","01C21","S99999999","S01000135","S02000024","1","2A1","S00090332","S01006645","S02001261","S34002979","S03000012","S99999999","S99999999","1","2C2",57.153085,-2.105256,"S99999999","","S23000009",1007,"S99999999","S99999999","","",""
"AB1 1ER","AB1  1ER","AB1 1ER","198001","199606","S99999999","S99999999","S12000033","S13002842","S99999999","0","393703","0806975","1","S08000020","S99999999","S92000003","S99999999","0","S14000001","S15000001","S09000001","S22000047","S03000012","S30000026","99ZZ00","S00001299","01C21","S99999999","S01000135","S02000024","1","2A1","S00090332","S01006645","S02001261","S34002979","S03000012","S99999999","S99999999","1","2C2",57.153605,-2.105720,"S99999999","","S23000009",1007,"S99999999","S99999999","","",""
"AB1 1ES","AB1  1ES","AB1 1ES","197705","198011","S99999999","S99999999","S12000033","S13002842","S99999999","0","393690","0806990","8","S08000020","S99999999","S92000003","S99999999","0","S14000001","S15000001","S09000001","S22000047","S03000012","S30000026","99ZZ00","S00001299","01C21","S99999999","S01000135","S02000024","1","2A1","S00090332","S01006645","S02001261","S34002979","S03000012","S99999999","S99999999","1","2C2",57.153740,-2.105935,"S99999999","","S23000009",1007,"S99999999","S99999999","","",""
"AB1 1ET","AB1  1ET","AB1 1ET","197308","198011","S99999999","S99999999","S12000033","S13002842","S99999999","0","393960","0807010","8","S08000020","S99999999","S92000003","S99999999","0","S14000001","S15000001","S09000001","S22000047","S03000012","S30000026","99ZZ00","S00001483","01C21","S99999999","S01000135","S02000024","1","5A1","S00090322","S01006652","S02001261","S34003132","S03000012","S99999999","S99999999","1","2B1",57.153923,-2.101473,"S99999999","","S23000009",5477,"S99999999","S99999999","","",""
"AB1 1EU","AB1  1EU","AB1 1EU","198001","199606","S99999999","S99999999","S12000033","S13002842","S99999999","0","393750","0806948","1","S08000020","S99999999","S92000003","S99999999","0","S14000001","S15000001","S09000001","S22000047","S03000012","S30000026","99ZZ00","S00001299","01C21","S99999999","S01000135","S02000024","1","2A1","S00090332","S01006645","S02001261","S34002979","S03000012","S99999999","S99999999","1","2C2",57.153363,-2.104942,"S99999999","","S23000009",1007,"S99999999","S99999999","","",""
"AB1 1EW","AB1  1EW","AB1 1EW","198001","199606","S99999999","S99999999","S12000033","S13002842","S99999999","0","393858","0806991","1","S08000020","S99999999","S92000003","S99999999","0","S14000001","S15000001","S09000001","S22000047","S03000012","S30000026","99ZZ00","S00001482","01C21","S99999999","S01000135","S02000024","1","5C2","S00090528","S01006645","S02001261","S34003115","S03000012","S99999999","S99999999","1","7B1",57.153751,-2.103158,"S99999999","","S23000009",1007,"S99999999","S99999999","","",""
"AB1 1EX","AB1  1EX","AB1 1EX","198001","199606","S99999999","S99999999","S12000033","S13002842","S99999999","0","393839","0806883","1","S08000020","S99999999","S92000003","S99999999","0","S14000001","S15000001","S09000001","S22000047","S03000012","S30000026","99ZZ00","S00001485","01C21","S99999999","S01000135","S02000024","1","5C2","S00088992","S01006646","S02001261","S34003076","S03000012","S99999999","S99999999","1","2B2",57.152781,-2.103470,"S99999999","","S23000009",3888,"S99999999","S99999999","","",""
"AB1 1EY","AB1  1EY","AB1 1EY","198001","199606","S99999999","S99999999","S12000033","S13002842","S99999999","0","393810","0806876","1","S08000020","S99999999","S92000003","S99999999","0","S14000001","S15000001","S09000001","S22000047","S03000012","S30000026","99ZZ00","S00001484","01C21","S99999999","S01000135","S02000024","1","5A1","S00090530","S01006645","S02001261","S34002979","S03000012","S99999999","S99999999","1","2C2",57.152717,-2.103949,"S99999999","","S23000009",1007,"S99999999","S99999999","","",""
"AB1 1EZ","AB1  1EZ","AB1 1EZ","198001","199606","S99999999","S99999999","S12000033","S13002842","S99999999","0","393858","0806991","1","S08000020","S99999999","S92000003","S99999999","0","S14000001","S15000001","S09000001","S22000047","S03000012","S30000026","99ZZ00","S00001482","01C21","S99999999","S01000135","S02000024","1","5C2","S00090528","S01006645","S02001261","S34003115","S03000012","S99999999","S99999999","1","7B1",57.153751,-2.103158,"S99999999","","S23000009",1007,"S99999999","S99999999","","",""
"AB1 1FA","AB1  1FA","AB1 1FA","198001","199606","S99999999","S99999999","S12000033","S13002842","S99999999","0","393865","0806949","1","S08000020","S99999999","S92000003","S99999999","0","S14000001","S15000001","S09000001","S22000047","S03000012","S30000026","99ZZ00","S00001486","01C21","S99999999","S01000135","S02000024","1","5C2","S00090532","S01006645","S02001261","S34003115","S03000012","S99999999","S99999999","1","7B1",57.153374,-2.103042,"S99999999","","S23000009",1007,"S99999999","S99999999","","",""
"AB1 1FB","AB1  1FB","AB1 1FB","198001","199606","S99999999","S99999999","S12000033","S13002842","S99999999","0","393865","0806949","1","S08000020","S99999999","S92000003","S99999999","0","S14000001","S15000001","S09000001","S22000047","S03000012","S30000026","99ZZ00","S00001486","01C21","S99999999","S01000135","S02000024","1","5C2","S00090532","S01006645","S02001261","S34003115","S03000012","S99999999","S99999999","1","7B1",57.153374,-2.103042,"S99999999","","S23000009",1007,"S99999999","S99999999","","",""
"AB1 1FD","AB1  1FD","AB1 1FD","198001","199606","S99999999","S99999999","S12000033","S13002842","S99999999","0","393865","0806949","1","S08000020","S99999999","S92000003","S99999999","0","S14000001","S15000001","S09000001","S22000047","S03000012","S30000026","99ZZ00","S00001486","01C21","S99999999","S01000135","S02000024","1","5C2","S00090532","S01006645","S02001261","S34003115","S03000012","S99999999","S99999999","1","7B1",57.153374,-2.103042,"S99999999","","S23000009",1007,"S99999999","S99999999","","",""
"AB1 1FE","AB1  1FE","AB1 1FE","198003","199606","S99999999","S99999999","S12000033","S13002842","S99999999","0","393816","0806909","1","S08000020","S99999999","S92000003","S99999999","0","S14000001","S15000001","S09000001","S22000047","S03000012","S30000026","99ZZ00","S00001484","01C21","S99999999","S01000135","S02000024","1","5A1","S00090530","S01006645","S02001261","S34002979","S03000012","S99999999","S99999999","1","2C2",57.153014,-2.103850,"S99999999","","S23000009",1007,"S99999999","S99999999","","",""
"AB1 1FF","AB1  1FF","AB1 1FF","199006","199606","S99999999","S99999999","S12000033","S13002842","S99999999","0","394230","0806530","8","S08000020","S99999999","S92000003","S99999999","0","S14000001","S15000001","S09000001","S22000047","S03000012","S30000026","99ZZ00","S00000036","01C28","S99999999","S01000125","S02000024","1","2A1","S00090540","S01006646","S02001261","S34000028","S03000012","S99999999","S99999999","1","2B1",57.149615,-2.096999,"S99999999","","S23000009",3888,"S99999999","S99999999","","",""
"AB1 1FG","AB1  1FG","AB1 1FG","199210","199606","S99999999","S99999999","S12000033","S13002842","S99999999","0","394210","0806570","8","S08000020","S99999999","S92000003","S99999999","0","S14000001","S15000001","S09000001","S22000047","S03000012","S30000026","99ZZ00","S00000036","01C28","S99999999","S01000125","S02000024","1","2A1","S00090540","S01006646","S02001261","S34000028","S03000012","S99999999","S99999999","1","2B1",57.149974,-2.097330,"S99999999","","S23000009",3888,"S99999999","S99999999","","",""
"AB1 1FH","AB1  1FH","AB1 1FH","199210","199606","S99999999","S99999999","S12000033","S13002842","S99999999","0","394250","0806610","8","S08000020","S99999999","S92000003","S99999999","0","S14000001","S15000001","S09000001","S22000047","S03000012","S30000026","99ZZ00","S00000036","01C28","S99999999","S01000125","S02000024","1","2A1","S00088994","S01006647","S02001261","S34003034","S03000012","S99999999","S99999999","1","2B1",57.150334,-2.096670,"S99999999","","S23000009",2962,"S99999999","S99999999","","",""
"AB1 1HA","AB1  1HA","AB1 1HA","198001","199606","S99999999","S99999999","S12000033","S13002842","S99999999","0","393937","0806940","1","S08000020","S99999999","S92000003","S99999999","0","S14000001","S15000001","S09000001","S22000047","S03000012","S30000026","99ZZ00","S00001485","01C21","S99999999","S01000135","S02000024","1","5C2","S00090531","S01006645","S02001261","S34003115","S03000012","S99999999","S99999999","1","3C1",57.153294,-2.101851,"S99999999","","S23000009",1007,"S99999999","S99999999","","",""
"AB1 1HB","AB1  1HB","AB1 1HB","197308","198003","S99999999","S99999999","S12000033","S13002842","S99999999","0","393930","0806940","8","S08000020","S99999999","S92000003","S99999999","0","S14000001","S15000001","S09000001","S22000047","S03000012","S30000026","99ZZ00","S00001485","01C21","S99999999","S01000135","S02000024","1","5C2","S00090531","S01006645","S02001261","S34003115","S03000012","S99999999","S99999999","1","3C1",57.153294,-2.101967,"S99999999","","S23000009",1007,"S99999999","S99999999","","",""
"AB1 1HD","AB1  1HD","AB1 1HD","198001","199606","S99999999","S99999999","S12000033","S13002842","S99999999","0","393773","0806926","1","S08000020","S99999999","S92000003","S99999999","0","S14000001","S15000001","S09000001","S22000047","S03000012","S30000026","99ZZ00","S00001299","01C21","S99999999","S01000135","S02000024","1","2A1","S00090332","S01006645","S02001261","S34002979","S03000012","S99999999","S99999999","1","2C2",57.153166,-2.104562,"S99999999","","S23000009",1007,"S99999999","S99999999","","",""
"AB1 1HE","AB1  1HE","AB1 1HE","198001","199606","S99999999","S99999999","S12000033","S13002842","S99999999","0","394138","0806275","1","S08000020","S99999999","S92000003","S99999999","0","S14000001","S15000001","S09000001","S22000047","S03000012","S30000026","99ZZ00","S00000028","01C28","S99999999","S01000109","S02000018","1","2A1","S00088986","S01006586","S02001249","S34000003","S03000012","S99999999","S99999999","1","2B1",57.147323,-2.098513,"S99999999","","S23000009",3228,"S99999999","S99999999","","",""
"AB1 1HF","AB1  1HF","AB1 1HF","198001","199606","S99999999","S99999999","S12000033","S13002842","S99999999","0","394119","0806227","1","S08000020","S99999999","S92000003","S99999999","0","S14000001","S15000001","S09000001","S22000047","S03000012","S30000026","99ZZ00","S00000028","01C28","S99999999","S01000109","S02000018","1","2A1","S00088986","S01006586","S02001249","S34000003","S03000012","S99999999","S99999999","1","2B1",57.146891,-2.098826,"S99999999","","S23000009",3228,"S99999999","S99999999","","",""
"AB1 1HG","AB1  1HG","AB1 1HG","199402","199606","S99999999","S99999999","S12000033","S13002842","S99999999","0","393798","0806575","1","S08000020","S99999999","S92000003","S99999999","0","S14000001","S15000001","S09000001","S22000047","S03000012","S30000026","99ZZ00","S00000035","01C28","S99999999","S01000128","S02000024","1","2A1","S00090523","S01006648","S02001261","S34003052","S03000012","S99999999","S99999999","1","2B1",57.150013,-2.104139,"S99999999","","S23000009",3506,"S99999999","S99999999","","",""
"AB1 1HH","AB1  1HH","AB1 1HH","199512","199512","S99999999","S99999999","S12000033","S13002842","S99999999","0","394158","0806233","1","S08000020","S99999999","S92000003","S99999999","0","S14000001","S15000001","S09000001","S22000047","S03000012","S30000026","99ZZ00","S00000028","01C28","S99999999","S01000109","S02000018","1","2A1","S00088986","S01006586","S02001249","S34000003","S03000012","S99999999","S99999999","1","2B1",57.146946,-2.098181,"S99999999","","S23000009",3228,"S99999999","S99999999","","",""
"AB1 1HJ","AB1  1HJ","AB1 1HJ","198001","199606","S99999999","S99999999","S12000033","S13002842","S99999999","0","393793","0806865","1","S08000020","S99999999","S92000003","S99999999","0","S14000001","S15000001","S09000001","S22000047","S03000012","S30000026","99ZZ00","S00001484","01C21","S99999999","S01000135","S02000024","1","5A1","S00090530","S01006645","S02001261","S34002979","S03000012","S99999999","S99999999","1","2C2",57.152618,-2.104229,"S99999999","","S23000009",1007,"S99999999","S99999999","","",""
"AB1 1HL","AB1  1HL","AB1 1HL","198001","199606","S99999999","S99999999","S12000033","S13002842","S99999999","0","393829","0806806","1","S08000020","S99999999","S92000003","S99999999","0","S14000001","S15000001","S09000001","S22000047","S03000012","S30000026","99ZZ00","S00000033","01C28","S99999999","S01000129","S02000024","1","2A1","S00088991","S01006646","S02001261","S34003076","S03000012","S99999999","S99999999","1","2B1",57.152089,-2.103633,"S99999999","","S23000009",3888,"S99999999","S99999999","","",""
"AB1 1HN","AB1  1HN","AB1 1HN","198001","199606","S99999999","S99999999","S12000033","S13002842","S99999999","0","393865","0806747","1","S08000020","S99999999","S92000003","S99999999","0","S14000001","S15000001","S09000001","S22000047","S03000012","S30000026","99ZZ00","S00001493","01C28","S99999999","S01000129","S02000024","1","2A1","S00090538","S01006646","S02001261","S34003080","S03000012","S99999999","S99999999","1","2B1",57.151559,-2.103036,"S99999999","","S23000009",3888,"S99999999","S99999999","","",""
"AB1 1HP","AB1  1HP","AB1 1HP","197308","199606","S99999999","S99999999","S12000033","S13002842","S99999999","0","394118","0806244","1","S08000020","S99999999","S92000003","S99999999","0","S14000001","S15000001","S09000001","S22000047","S03000012","S30000026","99ZZ00","S00000028","01C28","S99999999","S01000109","S02000018","1","2A1","S00088986","S01006586","S02001249","S34000003","S03000012","S99999999","S99999999","1","2B1",57.147044,-2.098843,"S99999999","","S23000009",3228,"S99999999","S99999999","","",""
"AB1 1HQ","AB1  1HQ","AB1 1HQ","197308","198504","S99999999","S99999999","S12000033","S13002842","S99999999","0","394110","0806330","8","S08000020","S99999999","S92000003","S99999999","0","S14000001","S15000001","S09000001","S22000047","S03000012","S30000026","99ZZ00","S00000028","01C28","S99999999","S01000109","S02000018","1","2A1","S00088986","S01006586","S02001249","S34000004","S03000012","S99999999","S99999999","1","2B1",57.147817,-2.098977,"S99999999","","S23000009",3228,"S99999999","S99999999","","",""
"AB1 1HR","AB1  1HR","AB1 1HR","197308","199512","S99999999","S99999999","S12000033","S13002842","S99999999","1","393937","0806940","8","S08000020","S99999999","S92000003","S99999999","0","S14000001","S15000001","S09000001","S22000047","S03000012","S30000026","99ZZ00","S00001485","01C21","S99999999","S01000135","S02000024","1","5C2","S00090531","S01006645","S02001261","S34003115","S03000012","S99999999","S99999999","1","3C1",57.153294,-2.101851,"S99999999","","S23000009",1007,"S99999999","S99999999","","",""
"AB1 1HS","AB1  1HS","AB1 1HS","197308","199512","S99999999","S99999999","S12000033","S13002842","S99999999","0","394020","0806480","8","S08000020","S99999999","S92000003","S99999999","0","S14000001","S15000001","S09000001","S22000047","S03000012","S30000026","99ZZ00","S00000036","01C28","S99999999","S01000125","S02000024","1","2A1","S00090540","S01006646","S02001261","S34000028","S03000012","S99999999","S99999999","1","2B1",57.149163,-2.100468,"S99999999","","S23000009",3888,"S99999999","S99999999","","",""
"AB1 1HT","AB1  1HT","AB1 1HT","197308","199201","S99999999","S99999999","S12000033","S13002842","S99999999","0","393970","0806500","8","S08000020","S99999999","S92000003","S99999999","0","S14000001","S15000001","S09000001","S22000047","S03000012","S30000026","99ZZ00","S00000035","01C28","S99999999","S01000128","S02000024","1","2A1","S00090523","S01006648","S02001261","S34003052","S03000012","S99999999","S99999999","1","2B1",57.149342,-2.101295,"S99999999","","S23000009",3506,"S99999999","S99999999","","",""
"AB1 1HU","AB1  1HU","AB1 1HU","198001","199606","S99999999","S99999999","S12000033","S13002842","S99999999","0","393941","0806550","1","S08000020","S99999999","S92000003","S99999999","0","S14000001","S15000001","S09000001","S22000047","S03000012","S30000026","99ZZ00","S00000035","01C28","S99999999","S01000128","S02000024","1","2A1","S00090523","S01006648","S02001261","S34003052","S03000012","S99999999","S99999999","1","2B1",57.149791,-2.101775,"S99999999","","S23000009",3506,"S99999999","S99999999","","",""
"AB1 1HW","AB1  1HW","AB1 1HW","198605","199606","S99999999","S99999999","S12000033","S13002842","S99999999","0","394169","0806326","1","S08000020","S99999999","S92000003","S99999999","0","S14000001","S15000001","S09000001","S22000047","S03000012","S30000026","99ZZ00","S00000036","01C28","S99999999","S01000125","S02000024","1","2A1","S00090540","S01006646","S02001261","S34000028","S03000012","S99999999","S99999999","1","2B1",57.147781,-2.098002,"S99999999","","S23000009",3888,"S99999999","S99999999","","",""
"AB1 1HX","AB1  1HX","AB1 1HX","198001","199606","S99999999","S99999999","S12000033","S13002842","S99999999","0","393916","0806616","1","S08000020","S99999999","S92000003","S99999999","0","S14000001","S15000001","S09000001","S22000047","S03000012","S30000026","99ZZ00","S00000037","01C28","S99999999","S01000128","S02000024","1","2A1","S00088995","S01006648","S02001261","S34003080","S03000012","S99999999","S99999999","1","2B1",57.150383,-2.102190,"S99999999","","S23000009",3506,"S99999999","S99999999","","",""
"AB1 1HY","AB1  1HY","AB1 1HY","198001","199606","S99999999","S99999999","S12000033","S13002842","S99999999","0","393902","0806660","1","S08000020","S99999999","S92000003","S99999999","0","S14000001","S15000001","S09000001","S22000047","S03000012","S30000026","99ZZ00","S00000031","01C28","S99999999","S01000128","S02000024","1","2A1","S00088989","S01006648","S02001261","S34003080","S03000012","S99999999","S99999999","1","2B1",57.150778,-2.102423,"S99999999","","S23000009",3506,"S99999999","S99999999","","",""
"AB1 1HZ","AB1  1HZ","AB1 1HZ","199006","199606","S99999999","S99999999","S12000033","S13002842","S99999999","0","394046","0806461","1","S08000020","S99999999","S92000003","S99999999","0","S14000001","S15000001","S09000001","S22000047","S03000012","S30000026","99ZZ00","S00000036","01C28","S99999999","S01000125","S02000024","1","2A1","S00090540","S01006646","S02001261","S34000028","S03000012","S99999999","S99999999","1","2B1",57.148993,-2.100038,"S99999999","","S23000009",3888,"S99999999","S99999999","","",""
"AB1 1JA","AB1  1JA","AB1 1JA","198001","199606","S99999999","S99999999","S12000033","S13002842","S99999999","0","393929","0806571","1","S08000020","S99999999","S92000003","S99999999","0","S14000001","S15000001","S09000001","S22000047","S03000012","S30000026","99ZZ00","S00000035","01C28","S99999999","S01000128","S02000024","1","2A1","S00090523","S01006648","S02001261","S34003052","S03000012","S99999999","S99999999","1","2B1",57.149979,-2.101974,"S99999999","","S23000009",3506,"S99999999","S99999999","","",""
"AB1 1JB","AB1  1JB","AB1 1JB","197308","199201","S99999999","S99999999","S12000033","S13002842","S99999999","0","393800","0806440","8","S08000020","S99999999","S92000003","S99999999","0","S14000002","S15000001","S09000001","S22000047","S03000012","S30000026","99ZZ00","S00000028","01C28","S99999999","S01000109","S02000018","1","2A1","S00090522","S01006648","S02001261","S34003072","S03000012","S99999999","S99999999","1","2C2",57.148801,-2.104103,"S99999999","","S23000009",3506,"S99999999","S99999999","","",""
"AB1 1JD","AB1  1JD","AB1 1JD","198001","199606","S99999999","S99999999","S12000033","S13002842","S99999999","0","393988","0806146","1","S08000020","S99999999","S92000003","S99999999","0","S14000001","S15000001","S09000001","S22000047","S03000012","S30000026","99ZZ00","S00000028","01C28","S99999999","S01000109","S02000018","1","2A1","S00088986","S01006586","S02001249","S34003072","S03000012","S99999999","S99999999","1","2B1",57.146162,-2.100989,"S99999999","","S23000009",3228,"S99999999","S99999999","","",""
"AB1 1JE","AB1  1JE","AB1 1JE","198001","199606","S99999999","S99999999","S12000033","S13002842","S99999999","0","394004","0806178","1","S08000020","S99999999","S92000003","S99999999","0","S14000001","S15000001","S09000001","S22000047","S03000012","S30000026","99ZZ00","S00000028","01C28","S99999999","S01000109","S02000018","1","2A1","S00088986","S01006586","S02001249","S34000004","S03000012","S99999999","S99999999","1","2B1",57.146450,-2.100725,"S99999999","","S23000009",3228,"S99999999","S99999999","","",""
"AB1 1JF","AB1  1JF","AB1 1JF","198001","199606","S99999999","S99999999","S12000033","S13002842","S99999999","0","394023","0806214","1","S08000020","S99999999","S92000003","S99999999","0","S14000001","S15000001","S09000001","S22000047","S03000012","S30000026","99ZZ00","S00000028","01C28","S99999999","S01000109","S02000018","1","2A1","S00088986","S01006586","S02001249","S34000004","S03000012","S99999999","S99999999","1","2B1",57.146773,-2.100412,"S99999999","","S23000009",3228,"S99999999","S99999999","","",""
"AB1 1JG","AB1  1JG","AB1 1JG","198001","199606","S99999999","S99999999","S12000033","S13002842","S99999999","0","394012","0806217","1","S08000020","S99999999","S92000003","S99999999","0","S14000001","S15000001","S09000001","S22000047","S03000012","S30000026","99ZZ00","S00000028","01C28","S99999999","S01000109","S02000018","1","2A1","S00088986","S01006586","S02001249","S34000004","S03000012","S99999999","S99999999","1","2B1",57.146800,-2.100594,"S99999999","","S23000009",3228,"S99999999","S99999999","","",""
"AB1 1JH","AB1  1JH","AB1 1JH","198001","199606","S99999999","S99999999","S12000033","S13002842","S99999999","0","393972","0806235","1","S08000020","S99999999","S92000003","S99999999","0","S14000001","S15000001","S09000001","S22000047","S03000012","S30000026","99ZZ00","S00000028","01C28","S99999999","S01000109","S02000018","1","2A1","S00088986","S01006586","S02001249","S34000006","S03000012","S99999999","S99999999","1","2B1",57.146961,-2.101255,"S99999999","","S23000009",3228,"S99999999","S99999999","","",""
"AB1 1JJ","AB1  1JJ","AB1 1JJ","198001","199606","S99999999","S99999999","S12000033","S13002842","S99999999","0","394034","0806168","1","S08000020","S99999999","S92000003","S99999999","0","S14000001","S15000001","S09000001","S22000047","S03000012","S30000026","99ZZ00","S00000028","01C28","S99999999","S01000109","S02000018","1","2A1","S00088986","S01006586","S02001249","S34000003","S03000012","S99999999","S99999999","1","2B1",57.146360,-2.100229,"S99999999","","S23000009",3228,"S99999999","S99999999","","",""
"AB1 1JL","AB1  1JL","AB1 1JL","198001","199606","S99999999","S99999999","S12000033","S13002842","S99999999","0","394143","0806223","1","S08000020","S99999999","S92000003","S99999999","0","S14000001","S15000001","S09000001","S22000047","S03000012","S30000026","99ZZ00","S00000028","01C28","S99999999","S01000109","S02000018","1","2A1","S00088986","S01006586","S02001249","S34000003","S03000012","S99999999","S99999999","1","2B1",57.146856,-2.098429,"S99999999","","S23000009",3228,"S99999999","S99999999","","",""
"AB1 1JN","AB1  1JN","AB1 1JN","198001","199606","S99999999","S99999999","S12000033","S13002842","S99999999","0","394035","0806237","1","S08000020","S99999999","S92000003","S99999999","0","S14000001","S15000001","S09000001","S22000047","S03000012","S30000026","99ZZ00","S00000028","01C28","S99999999","S01000109","S02000018","1","2A1","S00088986","S01006586","S02001249","S34000004","S03000012","S99999999","S99999999","1","2B1",57.146980,-2.100214,"S99999999","","S23000009",3228,"S99999999","S99999999","","",""
"AB1 1JP","AB1  1JP","AB1 1JP","198001","199606","S99999999","S99999999","S12000033","S13002842","S99999999","0","394028","0806283","1","S08000020","S99999999","S92000003","S99999999","0","S14000001","S15000001","S09000001","S22000047","S03000012","S30000026","99ZZ00","S00000028","01C28","S99999999","S01000109","S02000018","1","2A1","S00088986","S01006586","S02001249","S34000006","S03000012","S99999999","S99999999","1","2B1",57.147393,-2.100331,"S99999999","","S23000009",3228,"S99999999","S99999999","","",""
"AB1 1JQ","AB1  1JQ","AB1 1JQ","198001","199606","S99999999","S99999999","S12000033","S13002842","S99999999","0","393997","0806348","1","S08000020","S99999999","S92000003","S99999999","0","S14000001","S15000001","S09000001","S22000047","S03000012","S30000026","99ZZ00","S00000028","01C28","S99999999","S01000109","S02000018","1","2A1","S00088986","S01006586","S02001249","S34003072","S03000012","S99999999","S99999999","1","2B1",57.147977,-2.100845,"S99999999","","S23000009",3228,"S99999999","S99999999","","",""
"AB1 1JR","AB1  1JR","AB1 1JR","198001","199606","S99999999","S99999999","S12000033","S13002842","S99999999","0","393971","0806184","1","S08000020","S99999999","S92000003","S99999999","0","S14000001","S15000001","S09000001","S22000047","S03000012","S30000026","99ZZ00","S00000028","01C28","S99999999","S01000109","S02000018","1","2A1","S00088986","S01006586","S02001249","S34003072","S03000012","S99999999","S99999999","1","2B1",57.146503,-2.101271,"S99999999","","S23000009",3228,"S99999999","S99999999","","",""
"AB1 1JS","AB1  1JS","AB1 1JS","198001","199606","S99999999","S99999999","S12000033","S13002842","S99999999","0","393932","0806244","1","S08000020","S99999999","S92000003","S99999999","0","S14000001","S15000001","S09000001","S22000047","S03000012","S30000026","99ZZ00","S00000028","01C28","S99999999","S01000109","S02000018","1","2A1","S00088986","S01006586","S02001249","S34003072","S03000012","S99999999","S99999999","1","2B1",57.147042,-2.101917,"S99999999","","S23000009",3228,"S99999999","S99999999","","",""
"AB1 1JT","AB1  1JT","AB1 1JT","198001","199606","S99999999","S99999999","S12000033","S13002842","S99999999","0","393995","0806322","1","S08000020","S99999999","S92000003","S99999999","0","S14000001","S15000001","S09000001","S22000047","S03000012","S30000026","99ZZ00","S00000028","01C28","S99999999","S01000109","S02000018","1","2A1","S00088986","S01006586","S02001249","S34000006","S03000012","S99999999","S99999999","1","2B1",57.147743,-2.100877,"S99999999","","S23000009",3228,"S99999999","S99999999","","",""
"AB1 1JU","AB1  1JU","AB1 1JU","197308","199107","S99999999","S99999999","S12000033","S13002842","S99999999","0","393980","0806420","8","S08000020","S99999999","S92000003","S99999999","0","S14000001","S15000001","S09000001","S22000047","S03000012","S30000026","99ZZ00","S00000028","01C28","S99999999","S01000109","S02000018","1","2A1","S00088986","S01006586","S02001249","S34003072","S03000012","S99999999","S99999999","1","2B1",57.148623,-2.101128,"S99999999","","S23000009",3228,"S99999999","S99999999","","",""
"AB1 1JW","AB1  1JW","AB1 1JW","198001","199606","S99999999","S99999999","S12000033","S13002842","S99999999","0","393898","0806551","3","S08000020","S99999999","S92000003","S99999999","0","S14000001","S15000001","S09000001","S22000047","S03000012","S30000026","99ZZ00","S00000035","01C28","S99999999","S01000128","S02000024","1","2A1","S00090523","S01006648","S02001261","S34003052","S03000012","S99999999","S99999999","1","2B1",57.149799,-2.102486,"S99999999","","S23000009",3506,"S99999999","S99999999","","",""
"AB1 1JX","AB1  1JX","AB1 1JX","198001","199606","S99999999","S99999999","S12000033","S13002842","S99999999","0","394053","0806373","1","S08000020","S99999999","S92000003","S99999999","0","S14000001","S15000001","S09000001","S22000047","S03000012","S30000026","99ZZ00","S00000028","01C28","S99999999","S01000109","S02000018","1","2A1","S00088986","S01006586","S02001249","S34000004","S03000012","S99999999","S99999999","1","2B1",57.148202,-2.099920,"S99999999","","S23000009",3228,"S99999999","S99999999","","",""
"AB1 1JY","AB1  1JY","AB1 1JY","198001","199606","S99999999","S99999999","S12000033","S13002841","S99999999","0","393725","0806362","1","S08000020","S99999999","S92000003","S99999999","0","S14000002","S15000001","S09000001","S22000047","S03000012","S30000026","99ZZ00","S00001476","01C27","S99999999","S01000128","S02000024","1","2A1","S00090522","S01006648","S02001261","S34003072","S03000012","S99999999","S99999999","1","2C2",57.148099,-2.105341,"S99999999","","S23000009",3506,"S99999999","S99999999","","",""
"AB1 1JZ","AB1  1JZ","AB1 1JZ","198001","199606","S99999999","S99999999","S12000033","S13002842","S99999999","0","394074","0806303","1","S08000020","S99999999","S92000003","S99999999","0","S14000001","S15000001","S09000001","S22000047","S03000012","S30000026","99ZZ00","S00000028","01C28","S99999999","S01000109","S02000018","1","2A1","S00088986","S01006586","S02001249","S34000004","S03000012","S99999999","S99999999","1","2B1",57.147574,-2.099571,"S99999999","","S23000009",3228,"S99999999","S99999999","","",""
"AB1 1LB","AB1  1LB","AB1 1LB","197308","199111","S99999999","S99999999","S12000033","S13002841","S99999999","0","393800","0806410","8","S08000020","S99999999","S92000003","S99999999","0","S14000002","S15000001","S09000001","S22000047","S03000012","S30000026","99ZZ00","S00001476","01C27","S99999999","S01000128","S02000024","1","2A1","S00090522","S01006648","S02001261","S34003072","S03000012","S99999999","S99999999","1","2C2",57.148531,-2.104102,"S99999999","","S23000009",3506,"S99999999","S99999999","","",""
"AB1 1LD","AB1  1LD","AB1 1LD","199201","199606","S99999999","S99999999","S12000033","S13002841","S99999999","0","393711","0806471","1","S08000020","S99999999","S92000003","S99999999","0","S14000002","S15000001","S09000001","S22000047","S03000012","S30000026","99ZZ00","S00001476","01C27","S99999999","S01000128","S02000024","1","2A1","S00090522","S01006648","S02001261","S34003072","S03000012","S99999999","S99999999","1","2C2",57.149078,-2.105575,"S99999999","","S23000009",3506,"S99999999","S99999999","","",""
"AB1 1LE","AB1  1LE","AB1 1LE","198001","199606","S99999999","S99999999","S12000033","S13002842","S99999999","0","393716","0806631","1","S08000020","S99999999","S92000003","S99999999","0","S14000002","S15000001","S09000001","S22000047","S03000012","S30000026","99ZZ00","S00001477","01C27","S99999999","S01000128","S02000024","1","2A1","S00090523","S01006648","S02001261","S34003052","S03000012","S99999999","S99999999","1","2B1",57.150515,-2.105496,"S99999999","","S23000009",3506,"S99999999","S99999999","","",""
"AB1 1LF","AB1  1LF","AB1 1LF","197308","199201","S99999999","S99999999","S12000033","S13002842","S99999999","0","393650","0806690","8","S08000020","S99999999","S92000003","S99999999","0","S14000002","S15000001","S09000001","S22000047","S03000012","S30000026","99ZZ00","S00001477","01C27","S99999999","S01000128","S02000024","1","2A1","S00090523","S01006648","S02001261","S34003052","S03000012","S99999999","S99999999","1","2B1",57.151044,-2.106589,"S99999999","","S23000009",3506,"S99999999","S99999999","","",""
"AB1 1LG","AB1  1LG","AB1 1LG","198001","199606","S99999999","S99999999","S12000033","S13002841","S99999999","0","393413","0806905","1","S08000020","S99999999","S92000003","S99999999","0","S14000001","S15000001","S09000001","S22000047","S03000012","S30000026","99ZZ00","S00001694","01C21","S99999999","S01000137","S02000026","1","2B1","S00090766","S01006656","S02001262","S34003103","S03000012","S99999999","S99999999","1","2C2",57.152972,-2.110511,"S99999999","","S23000009",3391,"S99999999","S99999999","","",""
"AB1 1LH","AB1  1LH","AB1 1LH","198001","199606","S99999999","S99999999","S12000033","S13002842","S99999999","0","393469","0806908","1","S08000020","S99999999","S92000003","S99999999","0","S14000001","S15000001","S09000001","S22000047","S03000012","S30000026","99ZZ00","S00001297","01C21","S99999999","S01000128","S02000024","1","2A1","S00090766","S01006656","S02001262","S34003103","S03000012","S99999999","S99999999","1","2C2",57.153000,-2.109586,"S99999999","","S23000009",3391,"S99999999","S99999999","","",""
"AB1 1LL","AB1  1LL","AB1 1LL","198001","199606","S99999999","S99999999","S12000033","S13002842","S99999999","0","393832","0806680","1","S08000020","S99999999","S92000003","S99999999","0","S14000001","S15000001","S09000001","S22000047","S03000012","S30000026","99ZZ00","S00001481","01C28","S99999999","S01000128","S02000024","1","2A1","S00090527","S01006648","S02001261","S34003052","S03000012","S99999999","S99999999","1","2B1",57.150957,-2.103580,"S99999999","","S23000009",3506,"S99999999","S99999999","","",""
"AB1 1LN","AB1  1LN","AB1 1LN","198001","199606","S99999999","S99999999","S12000033","S13002842","S99999999","0","393871","0806680","1","S08000020","S99999999","S92000003","S99999999","0","S14000001","S15000001","S09000001","S22000047","S03000012","S30000026","99ZZ00","S00000031","01C28","S99999999","S01000128","S02000024","1","2A1","S00088989","S01006648","S02001261","S34003080","S03000012","S99999999","S99999999","1","2B1",57.150957,-2.102936,"S99999999","","S23000009",3506,"S99999999","S99999999","","",""
"AB1 1LP","AB1  1LP","AB1 1LP","198001","199606","S99999999","S99999999","S12000033","S13002842","S99999999","0","393837","0806654","1","S08000020","S99999999","S92000003","S99999999","0","S14000001","S15000001","S09000001","S22000047","S03000012","S30000026","99ZZ00","S00000031","01C28","S99999999","S01000128","S02000024","1","2A1","S00088989","S01006648","S02001261","S34003080","S03000012","S99999999","S99999999","1","2B1",57.150723,-2.103497,"S99999999","","S23000009",3506,"S99999999","S99999999","","",""
"AB1 1LQ","AB1  1LQ","AB1 1LQ","198001","199606","S99999999","S99999999","S12000033","S13002842","S99999999","0","393829","0806627","1","S08000020","S99999999","S92000003","S99999999","0","S14000001","S15000001","S09000001","S22000047","S03000012","S30000026","99ZZ00","S00000031","01C28","S99999999","S01000128","S02000024","1","2A1","S00088989","S01006648","S02001261","S34003080","S03000012","S99999999","S99999999","1","2B1",57.150481,-2.103628,"S99999999","","S23000009",3506,"S99999999","S99999999","","",""
"AB1 1LR","AB1  1LR","AB1 1LR","198001","199606","S99999999","S99999999","S12000033","S13002842","S99999999","0","393856","0806586","1","S08000020","S99999999","S92000003","S99999999","0","S14000001","S15000001","S09000001","S22000047","S03000012","S30000026","99ZZ00","S00000035","01C28","S99999999","S01000128","S02000024","1","2A1","S00088993","S01006648","S02001261","S34003052","S03000012","S99999999","S99999999","1","2B1",57.150113,-2.103181,"S99999999","","S23000009",3506,"S99999999","S99999999","","",""
"AB1 1LS","AB1  1LS","AB1 1LS","197308","199512","S99999999","S99999999","S12000033","S13002842","S99999999","0","393740","0806550","8","S08000020","S99999999","S92000003","S99999999","0","S14000002","S15000001","S09000001","S22000047","S03000012","S30000026","99ZZ00","S00001477","01C27","S99999999","S01000128","S02000024","1","2A1","S00090523","S01006648","S02001261","S34003052","S03000012","S99999999","S99999999","1","2B1",57.149788,-2.105097,"S99999999","","S23000009",3506,"S99999999","S99999999","","",""
"AB1 1LT","AB1  1LT","AB1 1LT","198001","199606","S99999999","S99999999","S12000033","S13002842","S99999999","0","393785","0806685","1","S08000020","S99999999","S92000003","S99999999","0","S14000001","S15000001","S09000001","S22000047","S03000012","S30000026","99ZZ00","S00001481","01C28","S99999999","S01000128","S02000024","1","2A1","S00090527","S01006648","S02001261","S34003052","S03000012","S99999999","S99999999","1","2B1",57.151001,-2.104357,"S99999999","","S23000009",3506,"S99999999","S99999999","","",""
"AB1 1LU","AB1  1LU","AB1 1LU","198001","199606","S99999999","S99999999","S12000033","S13002842","S99999999","0","393735","0806723","1","S08000020","S99999999","S92000003","S99999999","0","S14000002","S15000001","S09000001","S22000047","S03000012","S30000026","99ZZ00","S00001478","01C27","S99999999","S01000128","S02000024","1","2A1","S00090524","S01006648","S02001261","S34003052","S03000012","S99999999","S99999999","1","2B1",57.151342,-2.105184,"S99999999","","S23000009",3506,"S99999999","S99999999","","",""
"AB1 1LW","AB1  1LW","AB1 1LW","199006","199606","S99999999","S99999999","S12000033","S13002842","S99999999","0","393738","0806672","1","S08000020","S99999999","S92000003","S99999999","0","S14000002","S15000001","S09000001","S22000047","S03000012","S30000026","99ZZ00","S00000030","01C27","S99999999","S01000128","S02000024","1","5A1","S00088988","S01006648","S02001261","S34003052","S03000012","S99999999","S99999999","1","7B2",57.150884,-2.105134,"S99999999","","S23000009",3506,"S99999999","S99999999","","",""
"AB1 1LX","AB1  1LX","AB1 1LX","198001","199606","S99999999","S99999999","S12000033","S13002842","S99999999","0","393680","0806720","1","S08000020","S99999999","S92000003","S99999999","0","S14000002","S15000001","S09000001","S22000047","S03000012","S30000026","99ZZ00","S00001478","01C27","S99999999","S01000128","S02000024","1","2A1","S00090524","S01006648","S02001261","S34003052","S03000012","S99999999","S99999999","1","2B1",57.151314,-2.106093,"S99999999","","S23000009",3506,"S99999999","S99999999","","",""
"AB1 1LY","AB1  1LY","AB1 1LY","198001","199606","S99999999","S99999999","S12000033","S13002842","S99999999","0","393710","0806767","1","S08000020","S99999999","S92000003","S99999999","0","S14000002","S15000001","S09000001","S22000047","S03000012","S30000026","99ZZ00","S00001478","01C27","S99999999","S01000128","S02000024","1","2A1","S00090524","S01006648","S02001261","S34003052","S03000012","S99999999","S99999999","1","2B1",57.151737,-2.105599,"S99999999","","S23000009",3506,"S99999999","S99999999","","",""
"AB1 1LZ","AB1  1LZ","AB1 1LZ","199512","199606","S99999999","S99999999","S12000033","S13002842","S99999999","0","393782","0806659","1","S08000020","S99999999","S92000003","S99999999","0","S14000002","S15000001","S09000001","S22000047","S03000012","S30000026","99ZZ00","S00001477","01C27","S99999999","S01000128","S02000024","1","2A1","S00090523","S01006648","S02001261","S34003052","S03000012","S99999999","S99999999","1","2B1",57.150768,-2.104406,"S99999999","","S23000009",3506,"S99999999","S99999999","","",""
"AB1 1NA","AB1  1NA","AB1 1NA","198001","199606","S99999999","S99999999","S12000033","S13002842","S99999999","0","393757","0806795","1","S08000020","S99999999","S92000003","S99999999","0","S14000001","S15000001","S09000001","S22000047","S03000012","S30000026","99ZZ00","S00001478","01C27","S99999999","S01000128","S02000024","1","2A1","S00090524","S01006648","S02001261","S34003052","S03000012","S99999999","S99999999","1","2B1",57.151989,-2.104823,"S99999999","","S23000009",3506,"S99999999","S99999999","","",""
"AB1 1NB","AB1  1NB","AB1 1NB","198001","199606","S99999999","S99999999","S12000033","S13002842","S99999999","0","393727","0806824","1","S08000020","S99999999","S92000003","S99999999","0","S14000001","S15000001","S09000001","S22000047","S03000012","S30000026","99ZZ00","S00001297","01C21","S99999999","S01000128","S02000024","1","2A1","S00090330","S01006648","S02001261","S34002979","S03000012","S99999999","S99999999","1","2C2",57.152249,-2.105319,"S99999999","","S23000009",3506,"S99999999","S99999999","","",""
"AB1 1ND","AB1  1ND","AB1 1ND","199410","199606","S99999999","S99999999","S12000033","S13002842","S99999999","0","393523","0806887","1","S08000020","S99999999","S92000003","S99999999","0","S14000001","S15000001","S09000001","S22000047","S03000012","S30000026","99ZZ00","S00001297","01C21","S99999999","S01000128","S02000024","1","2A1","S00090330","S01006648","S02001261","S34002979","S03000012","S99999999","S99999999","1","2C2",57.152812,-2.108693,"S99999999","","S23000009",3506,"S99999999","S99999999","","",""
"AB1 1NE","AB1  1NE","AB1 1NE","198001","199606","S99999999","S99999999","S12000033","S13002841","S99999999","0","393617","0806307","1","S08000020","S99999999","S92000003","S99999999","0","S14000002","S15000001","S09000001","S22000047","S03000012","S30000026","99ZZ00","S00001820","01C27","S99999999","S01000109","S02000018","1","2A1","S00090902","S01006586","S02001249","S34003020","S03000012","S99999999","S99999999","1","2B1",57.147603,-2.107124,"S99999999","","S23000009",3228,"S99999999","S99999999","","",""
"AB1 1NG","AB1  1NG","AB1 1NG","197308","199111","S99999999","S99999999","S12000033","S13002841","S99999999","0","393390","0806370","8","S08000020","S99999999","S92000003","S99999999","0","S14000002","S15000001","S09000001","S22000047","S03000012","S30000026","99ZZ00","S00001473","01C26","S99999999","S01000112","S02000021","1","5B4","S00090517","S01006564","S02001246","S34003020","S03000012","S99999999","S99999999","1","7A2",57.148166,-2.110877,"S99999999","","S23000009",3336,"S99999999","S99999999","","",""
"AB1 1NH","AB1  1NH","AB1 1NH","198001","199606","S99999999","S99999999","S12000033","S13002841","S99999999","0","393450","0806420","8","S08000020","S99999999","S92000003","S99999999","0","S14000002","S15000001","S09000001","S22000047","S03000012","S30000026","99ZZ00","S00000025","01C26","S99999999","S01000109","S02000018","1","5A1","S00088983","S01006586","S02001249","S34003035","S03000012","S99999999","S99999999","1","7B2",57.148616,-2.109887,"S99999999","","S23000009",3228,"S99999999","S99999999","","",""
"AB1 1NJ","AB1  1NJ","AB1 1NJ","198001","199606","S99999999","S99999999","S12000033","S13002841","S99999999","0","393859","0806121","1","S08000020","S99999999","S92000003","S99999999","0","S14000002","S15000001","S09000001","S22000047","S03000012","S30000026","99ZZ00","S00001472","01C27","S99999999","S01000109","S02000018","1","2A1","S00090516","S01006586","S02001249","S34000026","S03000012","S99999999","S99999999","1","2B2",57.145936,-2.103120,"S99999999","","S23000009",3228,"S99999999","S99999999","","",""
"AB1 1NL","AB1  1NL","AB1 1NL","198001","199606","S99999999","S99999999","S12000033","S13002841","S99999999","0","393789","0806187","1","S08000020","S99999999","S92000003","S99999999","0","S14000002","S15000001","S09000001","S22000047","S03000012","S30000026","99ZZ00","S00001472","01C27","S99999999","S01000109","S02000018","1","2A1","S00090516","S01006586","S02001249","S34000026","S03000012","S99999999","S99999999","1","2B2",57.146528,-2.104278,"S99999999","","S23000009",3228,"S99999999","S99999999","","",""
"AB1 1NN","AB1  1NN","AB1 1NN","198001","199606","S99999999","S99999999","S12000033","S13002841","S99999999","0","393726","0806260","1","S08000020","S99999999","S92000003","S99999999","0","S14000002","S15000001","S09000001","S22000047","S03000012","S30000026","99ZZ00","S00001472","01C27","S99999999","S01000109","S02000018","1","2A1","S00090516","S01006586","S02001249","S34000026","S03000012","S99999999","S99999999","1","2B2",57.147183,-2.105321,"S99999999","","S23000009",3228,"S99999999","S99999999","","",""
"AB1 1NP","AB1  1NP","AB1 1NP","198001","199606","S99999999","S99999999","S12000033","S13002841","S99999999","0","393699","0806297","1","S08000020","S99999999","S92000003","S99999999","0","S14000002","S15000001","S09000001","S22000047","S03000012","S30000026","99ZZ00","S00001471","01C27","S99999999","S01000109","S02000018","1","2A1","S00090515","S01006586","S02001249","S34000024","S03000012","S99999999","S99999999","1","2B1",57.147515,-2.105769,"S99999999","","S23000009",3228,"S99999999","S99999999","","",""
"AB1 1NQ","AB1  1NQ","AB1 1NQ","198001","199606","S99999999","S99999999","S12000033","S13002841","S99999999","0","393567","0806332","1","S08000020","S99999999","S92000003","S99999999","0","S14000002","S15000001","S09000001","S22000047","S03000012","S30000026","99ZZ00","S00001820","01C27","S99999999","S01000109","S02000018","1","2A1","S00090902","S01006586","S02001249","S34003020","S03000012","S99999999","S99999999","1","2B1",57.147827,-2.107951,"S99999999","","S23000009",3228,"S99999999","S99999999","","",""
"AB1 1NR","AB1  1NR","AB1 1NR","198001","199606","S99999999","S99999999","S12000033","S13002841","S99999999","0","393505","0806373","1","S08000020","S99999999","S92000003","S99999999","0","S14000002","S15000001","S09000001","S22000047","S03000012","S30000026","99ZZ00","S00001473","01C26","S99999999","S01000112","S02000021","1","5B4","S00090518","S01006564","S02001246","S34003020","S03000012","S99999999","S99999999","1","2B1",57.148195,-2.108977,"S99999999","","S23000009",3336,"S99999999","S99999999","","",""
"AB1 1NS","AB1  1NS","AB1 1NS","198001","199606","S99999999","S99999999","S12000033","S13002841","S99999999","0","393470","0806396","1","S08000020","S99999999","S92000003","S99999999","0","S14000002","S15000001","S09000001","S22000047","S03000012","S30000026","99ZZ00","S00001473","01C26","S99999999","S01000112","S02000021","1","5B4","S00090518","S01006564","S02001246","S34003020","S03000012","S99999999","S99999999","1","2B1",57.148401,-2.109556,"S99999999","","S23000009",3336,"S99999999","S99999999","","",""
"AB1 1NT","AB1  1NT","AB1 1NT","198001","199606","S99999999","S99999999","S12000033","S13002841","S99999999","0","393525","0806392","1","S08000020","S99999999","S92000003","S99999999","0","S14000002","S15000001","S09000001","S22000047","S03000012","S30000026","99ZZ00","S00001294","01C27","S99999999","S01000109","S02000018","1","2A1","S00090327","S01006586","S02001249","S34003035","S03000012","S99999999","S99999999","1","2B1",57.148366,-2.108647,"S99999999","","S23000009",3228,"S99999999","S99999999","","",""
"AB1 1NU","AB1  1NU","AB1 1NU","198001","199606","S99999999","S99999999","S12000033","S13002841","S99999999","0","393495","0806417","1","S08000020","S99999999","S92000003","S99999999","0","S14000002","S15000001","S09000001","S22000047","S03000012","S30000026","99ZZ00","S00001294","01C27","S99999999","S01000109","S02000018","1","2A1","S00090327","S01006586","S02001249","S34003035","S03000012","S99999999","S99999999","1","2B1",57.148590,-2.109143,"S99999999","","S23000009",3228,"S99999999","S99999999","","",""
"AB1 1NX","AB1  1NX","AB1 1NX","198001","199606","S99999999","S99999999","S12000033","S13002841","S99999999","0","393451","0806455","1","S08000020","S99999999","S92000003","S99999999","0","S14000002","S15000001","S09000001","S22000047","S03000012","S30000026","99ZZ00","S00001294","01C27","S99999999","S01000109","S02000018","1","2A1","S00090327","S01006586","S02001249","S34003035","S03000012","S99999999","S99999999","1","2B1",57.148930,-2.109871,"S99999999","","S23000009",3228,"S99999999","S99999999","","",""
"AB1 1NY","AB1  1NY","AB1 1NY","198302","199111","S99999999","S99999999","S12000033","S13002841","S99999999","0","393540","0806360","8","S08000020","S99999999","S92000003","S99999999","0","S14000002","S15000001","S09000001","S22000047","S03000012","S30000026","99ZZ00","S00001473","01C26","S99999999","S01000112","S02000021","1","5B4","S00090518","S01006564","S02001246","S34003020","S03000012","S99999999","S99999999","1","2B1",57.148078,-2.108398,"S99999999","","S23000009",3336,"S99999999","S99999999","","",""
"AB1 1PB","AB1  1PB","AB1 1PB","197308","199111","S99999999","S99999999","S12000033","S13002841","S99999999","0","393430","0806370","8","S08000020","S99999999","S92000003","S99999999","0","S14000002","S15000001","S09000001","S22000047","S03000012","S30000026","99ZZ00","S00001473","01C26","S99999999","S01000112","S02000021","1","5B4","S00090517","S01006564","S02001246","S34003020","S03000012","S99999999","S99999999","1","7A2",57.148167,-2.110216,"S99999999","","S23000009",3336,"S99999999","S99999999","","",""
"AB1 1PD","AB1  1PD","AB1 1PD","198001","199606","S99999999","S99999999","S12000033","S13002841","S99999999","0","393509","0806369","1","S08000020","S99999999","S92000003","S99999999","0","S14000002","S15000001","S09000001","S22000047","S03000012","S30000026","99ZZ00","S00001473","01C26","S99999999","S01000112","S02000021","1","5B4","S00090518","S01006564","S02001246","S34003020","S03000012","S99999999","S99999999","1","2B1",57.148159,-2.108910,"S99999999","","S23000009",3336,"S99999999","S99999999","","",""
"AB1 1PE","AB1  1PE","AB1 1PE","198001","199606","S99999999","S99999999","S12000033","S13002841","S99999999","0","393279","0806201","1","S08000020","S99999999","S92000003","S99999999","0","S14000002","S15000001","S09000001","S22000047","S03000012","S30000026","99ZZ00","S00000019","01C26","S99999999","S01000103","S02000018","1","2A1","S00088975","S01006584","S02001249","S34003033","S03000012","S99999999","S99999999","1","2C1",57.146646,-2.112707,"S99999999","","S23000009",6357,"S99999999","S99999999","","",""
"AB1 1PF","AB1  1PF","AB1 1PF","198001","199606","S99999999","S99999999","S12000033","S13002841","S99999999","0","393318","0806265","1","S08000020","S99999999","S92000003","S99999999","0","S14000002","S15000001","S09000001","S22000047","S03000012","S30000026","99ZZ00","S00001473","01C26","S99999999","S01000112","S02000021","1","5B4","S00090518","S01006564","S02001246","S34003020","S03000012","S99999999","S99999999","1","2B1",57.147222,-2.112064,"S99999999","","S23000009",3336,"S99999999","S99999999","","",""
"AB1 1PG","AB1  1PG","AB1 1PG","198001","199606","S99999999","S99999999","S12000033","S13002841","S99999999","0","393412","0806284","1","S08000020","S99999999","S92000003","S99999999","0","S14000002","S15000001","S09000001","S22000047","S03000012","S30000026","99ZZ00","S00001473","01C26","S99999999","S01000112","S02000021","1","5B4","S00090518","S01006564","S02001246","S34003020","S03000012","S99999999","S99999999","1","2B1",57.147394,-2.110511,"S99999999","","S23000009",3336,"S99999999","S99999999","","",""
"AB1 1PJ","AB1  1PJ","AB1 1PJ","198001","199606","S99999999","S99999999","S12000033","S13002841","S99999999","0","393570","0806420","8","S08000020","S99999999","S92000003","S99999999","0","S14000002","S15000001","S09000001","S22000047","S03000012","S30000026","99ZZ00","S00001475","01C27","S99999999","S01000109","S02000018","1","2A1","S00090520","S01006586","S02001249","S34003088","S03000012","S99999999","S99999999","1","7D2",57.148618,-2.107904,"S99999999","","S23000009",3228,"S99999999","S99999999","","",""
"AB1 1PL","AB1  1PL","AB1 1PL","198001","199606","S99999999","S99999999","S12000033","S13002841","S99999999","0","393494","0806486","1","S08000020","S99999999","S92000003","S99999999","0","S14000002","S15000001","S09000001","S22000047","S03000012","S30000026","99ZZ00","S00001294","01C27","S99999999","S01000109","S02000018","1","2A1","S00090327","S01006586","S02001249","S34003035","S03000012","S99999999","S99999999","1","2B1",57.149210,-2.109161,"S99999999","","S23000009",3228,"S99999999","S99999999","","",""
"AB1 1PN","AB1  1PN","AB1 1PN","198001","199606","S99999999","S99999999","S12000033","S13002841","S99999999","0","393527","0806468","1","S08000020","S99999999","S92000003","S99999999","0","S14000002","S15000001","S09000001","S22000047","S03000012","S30000026","99ZZ00","S00001475","01C27","S99999999","S01000109","S02000018","1","2A1","S00090520","S01006586","S02001249","S34003088","S03000012","S99999999","S99999999","1","7D2",57.149048,-2.108616,"S99999999","","S23000009",3228,"S99999999","S99999999","","",""
"AB1 1PP","AB1  1PP","AB1 1PP","198001","199606","S99999999","S99999999","S12000033","S13002841","S99999999","0","393538","0806517","1","S08000020","S99999999","S92000003","S99999999","0","S14000002","S15000001","S09000001","S22000047","S03000012","S30000026","99ZZ00","S00000027","01C27","S99999999","S01000124","S02000021","1","2A1","S00088985","S01006565","S02001246","S34003088","S03000012","S99999999","S99999999","1","2C2",57.149489,-2.108435,"S99999999","","S23000009",3653,"S99999999","S99999999","","",""
"AB1 1PQ","AB1  1PQ","AB1 1PQ","198001","199606","S99999999","S99999999","S12000033","S13002841","S99999999","0","393596","0806579","1","S08000020","S99999999","S92000003","S99999999","0","S14000002","S15000001","S09000001","S22000047","S03000012","S30000026","99ZZ00","S00001476","01C27","S99999999","S01000128","S02000024","1","2A1","S00090521","S01006648","S02001261","S34003088","S03000012","S99999999","S99999999","1","2B1",57.150046,-2.107478,"S99999999","","S23000009",3506,"S99999999","S99999999","","",""
"AB1 1PR","AB1  1PR","AB1 1PR","198001","199606","S99999999","S99999999","S12000033","S13002841","S99999999","0","393571","0806514","1","S08000020","S99999999","S92000003","S99999999","0","S14000002","S15000001","S09000001","S22000047","S03000012","S30000026","99ZZ00","S00000026","01C27","S99999999","S01000124","S02000021","1","5A1","S00088984","S01006565","S02001246","S34003088","S03000012","S99999999","S99999999","1","7B3",57.149462,-2.107890,"S99999999","","S23000009",3653,"S99999999","S99999999","","",""
"AB1 1PS","AB1  1PS","AB1 1PS","198001","199606","S99999999","S99999999","S12000033","S13002841","S99999999","0","393596","0806536","1","S08000020","S99999999","S92000003","S99999999","0","S14000002","S15000001","S09000001","S22000047","S03000012","S30000026","99ZZ00","S00000026","01C27","S99999999","S01000124","S02000021","1","5A1","S00088984","S01006565","S02001246","S34003088","S03000012","S99999999","S99999999","1","7B3",57.149660,-2.107477,"S99999999","","S23000009",3653,"S99999999","S99999999","","",""
"AB1 1PT","AB1  1PT","AB1 1PT","198001","199606","S99999999","S99999999","S12000033","S13002841","S99999999","0","393626","0806542","1","S08000020","S99999999","S92000003","S99999999","0","S14000002","S15000001","S09000001","S22000047","S03000012","S30000026","99ZZ00","S00001476","01C27","S99999999","S01000128","S02000024","1","2A1","S00090522","S01006648","S02001261","S34003072","S03000012","S99999999","S99999999","1","2C2",57.149714,-2.106981,"S99999999","","S23000009",3506,"S99999999","S99999999","","",""
"AB1 1PU","AB1  1PU","AB1 1PU","198001","199606","S99999999","S99999999","S12000033","S13002841","S99999999","0","393627","0806497","1","S08000020","S99999999","S92000003","S99999999","0","S14000002","S15000001","S09000001","S22000047","S03000012","S30000026","99ZZ00","S00001476","01C27","S99999999","S01000128","S02000024","1","2A1","S00090522","S01006648","S02001261","S34003072","S03000012","S99999999","S99999999","1","2C2",57.149310,-2.106964,"S99999999","","S23000009",3506,"S99999999","S99999999","","",""
"AB1 1PX","AB1  1PX","AB1 1PX","198001","199606","S99999999","S99999999","S12000033","S13002841","S99999999","0","393601","0806495","1","S08000020","S99999999","S92000003","S99999999","0","S14000002","S15000001","S09000001","S22000047","S03000012","S30000026","99ZZ00","S00001475","01C27","S99999999","S01000109","S02000018","1","2A1","S00090520","S01006586","S02001249","S34003088","S03000012","S99999999","S99999999","1","7D2",57.149292,-2.107393,"S99999999","","S23000009",3228,"S99999999","S99999999","","",""
"AB1 1PY","AB1  1PY","AB1 1PY","198001","199606","S99999999","S99999999","S12000033","S13002841","S99999999","0","393540","0806483","1","S08000020","S99999999","S92000003","S99999999","0","S14000002","S15000001","S09000001","S22000047","S03000012","S30000026","99ZZ00","S00001475","01C27","S99999999","S01000109","S02000018","1","2A1","S00090520","S01006586","S02001249","S34003088","S03000012","S99999999","S99999999","1","7D2",57.149183,-2.108401,"S99999999","","S23000009",3228,"S99999999","S99999999","","",""
"AB1 1QA","AB1  1QA","AB1 1QA","197308","197705","S99999999","S99999999","S12000033","S13002841","S99999999","0","393670","0806350","8","S08000020","S99999999","S92000003","S99999999","0","S14000002","S15000001","S09000001","S22000047","S03000012","S30000026","99ZZ00","S00001475","01C27","S99999999","S01000109","S02000018","1","2A1","S00090520","S01006586","S02001249","S34003088","S03000012","S99999999","S99999999","1","7D2",57.147990,-2.106249,"S99999999","","S23000009",3228,"S99999999","S99999999","","",""
"AB1 1QB","AB1  1QB","AB1 1QB","198001","199606","S99999999","S99999999","S12000033","S13002841","S99999999","0","393611","0806424","1","S08000020","S99999999","S92000003","S99999999","0","S14000002","S15000001","S09000001","S22000047","S03000012","S30000026","99ZZ00","S00001475","01C27","S99999999","S01000109","S02000018","1","2A1","S00090520","S01006586","S02001249","S34003088","S03000012","S99999999","S99999999","1","7D2",57.148654,-2.107226,"S99999999","","S23000009",3228,"S99999999","S99999999","","",""
"AB1 1QD","AB1  1QD","AB1 1QD","198001","199606","S99999999","S99999999","S12000033","S13002841","S99999999","0","393569","0806308","1","S08000020","S99999999","S92000003","S99999999","0","S14000002","S15000001","S09000001","S22000047","S03000012","S30000026","99ZZ00","S00001820","01C27","S99999999","S01000109","S02000018","1","2A1","S00090902","S01006586","S02001249","S34003020","S03000012","S99999999","S99999999","1","2B1",57.147612,-2.107917,"S99999999","","S23000009",3228,"S99999999","S99999999","","",""
"AB1 1QE","AB1  1QE","AB1 1QE","198001","199606","S99999999","S99999999","S12000033","S13002841","S99999999","0","393545","0806324","1","S08000020","S99999999","S92000003","S99999999","0","S14000002","S15000001","S09000001","S22000047","S03000012","S30000026","99ZZ00","S00001819","01C26","S99999999","S01000109","S02000018","1","2A1","S00090901","S01006586","S02001249","S34003020","S03000012","S99999999","S99999999","1","2B1",57.147755,-2.108314,"S99999999","","S23000009",3228,"S99999999","S99999999","","",""
"AB1 1QH","AB1  1QH","AB1 1QH","198001","199606","S99999999","S99999999","S12000033","S13002841","S99999999","0","393377","0806177","1","S08000020","S99999999","S92000003","S99999999","0","S14000002","S15000001","S09000001","S22000047","S03000012","S30000026","99ZZ00","S00000018","01C26","S99999999","S01000102","S02000018","1","5C1","S00088974","S01006585","S02001249","S34003033","S03000012","S99999999","S99999999","1","7B1",57.146432,-2.111087,"S99999999","","S23000009",2375,"S99999999","S99999999","","",""
"AB1 1QJ","AB1  1QJ","AB1 1QJ","198001","199606","S99999999","S99999999","S12000033","S13002841","S99999999","0","393343","0806170","1","S08000020","S99999999","S92000003","S99999999","0","S14000002","S15000001","S09000001","S22000047","S03000012","S30000026","99ZZ00","S00000019","01C26","S99999999","S01000103","S02000018","1","2A1","S00088975","S01006584","S02001249","S34003033","S03000012","S99999999","S99999999","1","2C1",57.146369,-2.111649,"S99999999","","S23000009",6357,"S99999999","S99999999","","",""
"AB1 1QL","AB1  1QL","AB1 1QL","198001","199606","S99999999","S99999999","S12000033","S13002841","S99999999","0","393289","0806161","1","S08000020","S99999999","S92000003","S99999999","0","S14000002","S15000001","S09000001","S22000047","S03000012","S30000026","99ZZ00","S00000019","01C26","S99999999","S01000103","S02000018","1","2A1","S00088975","S01006584","S02001249","S34003033","S03000012","S99999999","S99999999","1","2C1",57.146287,-2.112541,"S99999999","","S23000009",6357,"S99999999","S99999999","","",""
"AB1 1QN","AB1  1QN","AB1 1QN","198001","199606","S99999999","S99999999","S12000033","S13002841","S99999999","0","393199","0806103","1","S08000020","S99999999","S92000003","S99999999","0","S14000002","S15000001","S09000001","S22000047","S03000012","S30000026","99ZZ00","S00000016","01C26","S99999999","S01000103","S02000018","1","2A1","S00088972","S01006584","S02001249","S34002972","S03000012","S99999999","S99999999","1","2C1",57.145765,-2.114026,"S99999999","","S23000009",6357,"S99999999","S99999999","","",""
"AB1 1QP","AB1  1QP","AB1 1QP","198001","199606","S99999999","S99999999","S12000033","S13002841","S99999999","0","393090","0806100","8","S08000020","S99999999","S92000003","S99999999","0","S14000002","S15000001","S09000001","S22000047","S03000012","S30000026","99ZZ00","S00000015","01C26","S99999999","S01000103","S02000018","1","2B2","S00088971","S01006584","S02001249","S34003018","S03000012","S99999999","S99999999","1","2D2",57.145736,-2.115828,"S99999999","","S23000009",6357,"S99999999","S99999999","","",""
"AB1 1QQ","AB1  1QQ","AB1 1QQ","199108","199606","S99999999","S99999999","S12000033","S13002841","S99999999","0","393347","0806246","1","S08000020","S99999999","S92000003","S99999999","0","S14000002","S15000001","S09000001","S22000047","S03000012","S30000026","99ZZ00","S00001473","01C26","S99999999","S01000112","S02000021","1","5B4","S00090518","S01006564","S02001246","S34003020","S03000012","S99999999","S99999999","1","2B1",57.147051,-2.111584,"S99999999","","S23000009",3336,"S99999999","S99999999","","",""
"AB1 1QR","AB1  1QR","AB1 1QR","197308","198011","S99999999","S99999999","S12000033","S13002841","S99999999","0","393720","0806010","8","S08000020","S99999999","S92000003","S99999999","0","S14000002","S15000001","S09000001","S22000047","S03000012","S30000026","99ZZ00","S00001472","01C27","S99999999","S01000109","S02000018","1","2A1","S00090516","S01006586","S02001249","S34000027","S03000012","S99999999","S99999999","1","2B2",57.144937,-2.105414,"S99999999","","S23000009",3228,"S99999999","S99999999","","",""
"AB1 1QS","AB1  1QS","AB1 1QS","198001","199606","S99999999","S99999999","S12000033","S13002841","S99999999","0","393703","0806040","1","S08000020","S99999999","S92000003","S99999999","0","S14000002","S15000001","S09000001","S22000047","S03000012","S30000026","99ZZ00","S00001472","01C27","S99999999","S01000109","S02000018","1","2A1","S00090516","S01006586","S02001249","S34000027","S03000012","S99999999","S99999999","1","2B2",57.145206,-2.105696,"S99999999","","S23000009",3228,"S99999999","S99999999","","",""
"AB1 1QT","AB1  1QT","AB1 1QT","198001","199606","S99999999","S99999999","S12000033","S13002841","S99999999","0","393805","0806068","1","S08000020","S99999999","S92000003","S99999999","0","S14000002","S15000001","S09000001","S22000047","S03000012","S30000026","99ZZ00","S00001472","01C27","S99999999","S01000109","S02000018","1","2A1","S00090516","S01006586","S02001249","S34000027","S03000012","S99999999","S99999999","1","2B2",57.145459,-2.104011,"S99999999","","S23000009",3228,"S99999999","S99999999","","",""
"AB1 1QU","AB1  1QU","AB1 1QU","198001","199606","S99999999","S99999999","S12000033","S13002841","S99999999","0","393840","0806106","1","S08000020","S99999999","S92000003","S99999999","0","S14000002","S15000001","S09000001","S22000047","S03000012","S30000026","99ZZ00","S00001472","01C27","S99999999","S01000109","S02000018","1","2A1","S00090516","S01006586","S02001249","S34000026","S03000012","S99999999","S99999999","1","2B2",57.145801,-2.103434,"S99999999","","S23000009",3228,"S99999999","S99999999","","",""
"AB1 1QW","AB1  1QW","AB1 1QW","197308","197705","S99999999","S99999999","S12000033","S13002841","S99999999","0","393870","0806090","8","S08000020","S99999999","S92000003","S99999999","0","S14000002","S15000001","S09000001","S22000047","S03000012","S30000026","99ZZ00","S00001472","01C27","S99999999","S01000109","S02000018","1","2A1","S00090516","S01006586","S02001249","S34000026","S03000012","S99999999","S99999999","1","2B2",57.145658,-2.102937,"S99999999","","S23000009",3228,"S99999999","S99999999","","",""
"AB1 1QX","AB1  1QX","AB1 1QX","198001","199606","S99999999","S99999999","S12000034","S13002849","S99999999","0","370880","0863880","1","S08000020","S99999999","S92000003","S99999999","0","S14000007","S15000001","S09000001","S22000081","S03000013","S30000027","99ZZ00","S00003054","02C06","S99999999","S01000535","S02000100","4","4B2","S00092311","S01007037","S02001327","S34003250","S03000013","S99999999","S99999999","4","1A1",57.663858,-2.489732,"S99999999","","S23000009",3325,"S99999999","S99999999","","",""
"AB1 1QZ","AB1  1QZ","AB1 1QZ","198105","199606","S99999999","S99999999","S12000033","S13002841","S99999999","0","393654","0806225","1","S08000020","S99999999","S92000003","S99999999","0","S14000002","S15000001","S09000001","S22000047","S03000012","S30000026","99ZZ00","S00001471","01C27","S99999999","S01000109","S02000018","1","2A1","S00090515","S01006586","S02001249","S34000024","S03000012","S99999999","S99999999","1","2B1",57.146867,-2.106510,"S99999999","","S23000009",3228,"S99999999","S99999999","","",""
"AB1 1RA","AB1  1RA","AB1 1RA","198001","199606","S99999999","S99999999","S12000033","S13002841","S99999999","0","393709","0806259","1","S08000020","S99999999","S92000003","S99999999","0","S14000002","S15000001","S09000001","S22000047","S03000012","S30000026","99ZZ00","S00001471","01C27","S99999999","S01000109","S02000018","1","2A1","S00090515","S01006586","S02001249","S34000025","S03000012","S99999999","S99999999","1","2B1",57.147173,-2.105602,"S99999999","","S23000009",3228,"S99999999","S99999999","","",""
"AB1 1RB","AB1  1RB","AB1 1RB","198001","199606","S99999999","S99999999","S12000033","S13002841","S99999999","0","393750","0806176","1","S08000020","S99999999","S92000003","S99999999","0","S14000002","S15000001","S09000001","S22000047","S03000012","S30000026","99ZZ00","S00001471","01C27","S99999999","S01000109","S02000018","1","2A1","S00090515","S01006586","S02001249","S34000025","S03000012","S99999999","S99999999","1","2B1",57.146428,-2.104923,"S99999999","","S23000009",3228,"S99999999","S99999999","","",""
"AB1 1RD","AB1  1RD","AB1 1RD","198001","199606","S99999999","S99999999","S12000033","S13002841","S99999999","0","393795","0806116","1","S08000020","S99999999","S92000003","S99999999","0","S14000002","S15000001","S09000001","S22000047","S03000012","S30000026","99ZZ00","S00001472","01C27","S99999999","S01000109","S02000018","1","2A1","S00090516","S01006586","S02001249","S34000027","S03000012","S99999999","S99999999","1","2B2",57.145890,-2.104177,"S99999999","","S23000009",3228,"S99999999","S99999999","","",""
"AB1 1RE","AB1  1RE","AB1 1RE","198001","199606","S99999999","S99999999","S12000033","S13002841","S99999999","0","393718","0806077","1","S08000020","S99999999","S92000003","S99999999","0","S14000002","S15000001","S09000001","S22000047","S03000012","S30000026","99ZZ00","S00001472","01C27","S99999999","S01000109","S02000018","1","2A1","S00090516","S01006586","S02001249","S34000027","S03000012","S99999999","S99999999","1","2B2",57.145539,-2.105449,"S99999999","","S23000009",3228,"S99999999","S99999999","","",""
"AB1 1RF","AB1  1RF","AB1 1RF","198507","199606","S99999999","S99999999","S12000033","S13002841","S99999999","0","393788","0806059","1","S08000020","S99999999","S92000003","S99999999","0","S14000002","S15000001","S09000001","S22000047","S03000012","S30000026","99ZZ00","S00001472","01C27","S99999999","S01000109","S02000018","1","2A1","S00090516","S01006586","S02001249","S34000027","S03000012","S99999999","S99999999","1","2B2",57.145378,-2.104292,"S99999999","","S23000009",3228,"S99999999","S99999999","","",""
"AB1 1RH","AB1  1RH","AB1 1RH","198001","199606","S99999999","S99999999","S12000033","S13002841","S99999999","0","393692","0806146","1","S08000020","S99999999","S92000003","S99999999","0","S14000002","S15000001","S09000001","S22000047","S03000012","S30000026","99ZZ00","S00001471","01C27","S99999999","S01000109","S02000018","1","2A1","S00090515","S01006586","S02001249","S34000025","S03000012","S99999999","S99999999","1","2B1",57.146158,-2.105880,"S99999999","","S23000009",3228,"S99999999","S99999999","","",""
"AB1 1RJ","AB1  1RJ","AB1 1RJ","198001","199606","S99999999","S99999999","S12000033","S13002841","S99999999","0","393670","0806232","1","S08000020","S99999999","S92000003","S99999999","0","S14000002","S15000001","S09000001","S22000047","S03000012","S30000026","99ZZ00","S00001471","01C27","S99999999","S01000109","S02000018","1","2A1","S00090515","S01006586","S02001249","S34000024","S03000012","S99999999","S99999999","1","2B1",57.146930,-2.106246,"S99999999","","S23000009",3228,"S99999999","S99999999","","",""
"AB1 1RL","AB1  1RL","AB1 1RL","198001","199606","S99999999","S99999999","S12000033","S13002841","S99999999","0","393701","0806229","1","S08000020","S99999999","S92000003","S99999999","0","S14000002","S15000001","S09000001","S22000047","S03000012","S30000026","99ZZ00","S00001471","01C27","S99999999","S01000109","S02000018","1","2A1","S00090515","S01006586","S02001249","S34000025","S03000012","S99999999","S99999999","1","2B1",57.146904,-2.105734,"S99999999","","S23000009",3228,"S99999999","S99999999","","",""
"AB1 1RN","AB1  1RN","AB1 1RN","198001","199606","S99999999","S99999999","S12000033","S13002841","S99999999","0","393615","0806270","1","S08000020","S99999999","S92000003","S99999999","0","S14000002","S15000001","S09000001","S22000047","S03000012","S30000026","99ZZ00","S00001471","01C27","S99999999","S01000109","S02000018","1","2A1","S00090515","S01006586","S02001249","S34000024","S03000012","S99999999","S99999999","1","2B1",57.147271,-2.107156,"S99999999","","S23000009",3228,"S99999999","S99999999","","",""
"AB1 1RP","AB1  1RP","AB1 1RP","198001","199606","S99999999","S99999999","S12000033","S13002841","S99999999","0","393579","0806273","1","S08000020","S99999999","S92000003","S99999999","0","S14000002","S15000001","S09000001","S22000047","S03000012","S30000026","99ZZ00","S00001471","01C27","S99999999","S01000109","S02000018","1","2A1","S00090515","S01006586","S02001249","S34000024","S03000012","S99999999","S99999999","1","2B1",57.147297,-2.107751,"S99999999","","S23000009",3228,"S99999999","S99999999","","",""
"AB1 1RQ","AB1  1RQ","AB1 1RQ","198001","199606","S99999999","S99999999","S12000033","S13002841","S99999999","0","393483","0806208","1","S08000020","S99999999","S92000003","S99999999","0","S14000002","S15000001","S09000001","S22000047","S03000012","S30000026","99ZZ00","S00001819","01C26","S99999999","S01000109","S02000018","1","2A1","S00090901","S01006586","S02001249","S34003020","S03000012","S99999999","S99999999","1","2B1",57.146712,-2.109336,"S99999999","","S23000009",3228,"S99999999","S99999999","","",""
"AB1 1RR","AB1  1RR","AB1 1RR","198001","199606","S99999999","S99999999","S12000033","S13002841","S99999999","0","393496","0806197","1","S08000020","S99999999","S92000003","S99999999","0","S14000002","S15000001","S09000001","S22000047","S03000012","S30000026","99ZZ00","S00001819","01C26","S99999999","S01000109","S02000018","1","2A1","S00090901","S01006586","S02001249","S34003020","S03000012","S99999999","S99999999","1","2B1",57.146613,-2.109121,"S99999999","","S23000009",3228,"S99999999","S99999999","","",""
"AB1 1RS","AB1  1RS","AB1 1RS","198203","199606","S99999999","S99999999","S12000033","S13002841","S99999999","0","393519","0806152","1","S08000020","S99999999","S92000003","S99999999","0","S14000002","S15000001","S09000001","S22000047","S03000012","S30000026","99ZZ00","S00000024","01C27","S99999999","S01000109","S02000018","1","2A1","S00088981","S01006586","S02001249","S34003049","S03000012","S99999999","S99999999","1","2C2",57.146210,-2.108739,"S99999999","","S23000009",3228,"S99999999","S99999999","","",""
"AB1 1RT","AB1  1RT","AB1 1RT","198001","199606","S99999999","S99999999","S12000033","S13002841","S99999999","0","393415","0806192","1","S08000020","S99999999","S92000003","S99999999","0","S14000002","S15000001","S09000001","S22000047","S03000012","S30000026","99ZZ00","S00000023","01C26","S99999999","S01000102","S02000018","1","2A1","S00088980","S01006585","S02001249","S34003033","S03000012","S99999999","S99999999","1","2B1",57.146567,-2.110459,"S99999999","","S23000009",2375,"S99999999","S99999999","","",""
"AB1 1RU","AB1  1RU","AB1 1RU","197308","198003","S99999999","S99999999","S12000033","S13002841","S99999999","0","393400","0806190","8","S08000020","S99999999","S92000003","S99999999","0","S14000002","S15000001","S09000001","S22000047","S03000012","S30000026","99ZZ00","S00000023","01C26","S99999999","S01000102","S02000018","1","2A1","S00088980","S01006585","S02001249","S34003033","S03000012","S99999999","S99999999","1","2B1",57.146549,-2.110707,"S99999999","","S23000009",2375,"S99999999","S99999999","","",""
"AB1 1RX","AB1  1RX","AB1 1RX","198001","199606","S99999999","S99999999","S12000033","S13002841","S99999999","0","393596","0806180","1","S08000020","S99999999","S92000003","S99999999","0","S14000002","S15000001","S09000001","S22000047","S03000012","S30000026","99ZZ00","S00000024","01C27","S99999999","S01000109","S02000018","1","2A1","S00088981","S01006586","S02001249","S34003049","S03000012","S99999999","S99999999","1","2C2",57.146462,-2.107468,"S99999999","","S23000009",3228,"S99999999","S99999999","","",""
"AB1 1RY","AB1  1RY","AB1 1RY","198001","199606","S99999999","S99999999","S12000033","S13002841","S99999999","0","393653","0806133","1","S08000020","S99999999","S92000003","S99999999","0","S14000002","S15000001","S09000001","S22000047","S03000012","S30000026","99ZZ00","S00000024","01C27","S99999999","S01000109","S02000018","1","2A1","S00088982","S01006586","S02001249","S34003049","S03000012","S99999999","S99999999","1","2C2",57.146041,-2.106525,"S99999999","","S23000009",3228,"S99999999","S99999999","","",""
"AB1 1SA","AB1  1SA","AB1 1SA","198001","199606","S99999999","S99999999","S12000033","S13002841","S99999999","0","393529","0805971","1","S08000020","S99999999","S92000003","S99999999","0","S14000002","S15000001","S09000001","S22000047","S03000012","S30000026","99ZZ00","S00000022","01C26","S99999999","S01000102","S02000018","1","2A1","S00088978","S01006585","S02001249","S34000002","S03000012","S99999999","S99999999","1","2C3",57.144584,-2.108569,"S99999999","","S23000009",2375,"S99999999","S99999999","","",""
"AB1 1SB","AB1  1SB","AB1 1SB","198001","199606","S99999999","S99999999","S12000033","S13002841","S99999999","0","393486","0805926","1","S08000020","S99999999","S92000003","S99999999","0","S14000002","S15000001","S09000001","S22000047","S03000012","S30000026","99ZZ00","S00000022","01C26","S99999999","S01000102","S02000018","1","2A1","S00088978","S01006585","S02001249","S34000001","S03000012","S99999999","S99999999","1","2C3",57.144179,-2.109279,"S99999999","","S23000009",2375,"S99999999","S99999999","","",""
"AB1 1SD","AB1  1SD","AB1 1SD","198001","199606","S99999999","S99999999","S12000033","S13002841","S99999999","0","393494","0805975","1","S08000020","S99999999","S92000003","S99999999","0","S14000002","S15000001","S09000001","S22000047","S03000012","S30000026","99ZZ00","S00000022","01C26","S99999999","S01000102","S02000018","1","2A1","S00088978","S01006585","S02001249","S34000002","S03000012","S99999999","S99999999","1","2C3",57.144619,-2.109148,"S99999999","","S23000009",2375,"S99999999","S99999999","","",""
"AB1 1SE","AB1  1SE","AB1 1SE","198001","199512","S99999999","S99999999","S12000033","S13002841","S99999999","0","393440","0806090","8","S08000020","S99999999","S92000003","S99999999","0","S14000002","S15000001","S09000001","S22000047","S03000012","S30000026","99ZZ00","S00000023","01C26","S99999999","S01000102","S02000018","1","2A1","S00088979","S01006585","S02001249","S34003033","S03000012","S99999999","S99999999","1","2B1",57.145651,-2.110043,"S99999999","","S23000009",2375,"S99999999","S99999999","","",""
"AB1 1SF","AB1  1SF","AB1 1SF","197308","197705","S99999999","S99999999","S12000033","S13002841","S99999999","0","393600","0806080","8","S08000020","S99999999","S92000003","S99999999","0","S14000002","S15000001","S09000001","S22000047","S03000012","S30000026","99ZZ00","S00000024","01C27","S99999999","S01000109","S02000018","1","2A1","S00088982","S01006586","S02001249","S34003049","S03000012","S99999999","S99999999","1","2C2",57.145564,-2.107399,"S99999999","","S23000009",3228,"S99999999","S99999999","","",""
"AB1 1SH","AB1  1SH","AB1 1SH","198001","199606","S99999999","S99999999","S12000033","S13002841","S99999999","0","393633","0806111","1","S08000020","S99999999","S92000003","S99999999","0","S14000002","S15000001","S09000001","S22000047","S03000012","S30000026","99ZZ00","S00000024","01C27","S99999999","S01000109","S02000018","1","2A1","S00088982","S01006586","S02001249","S34003049","S03000012","S99999999","S99999999","1","2C2",57.145843,-2.106854,"S99999999","","S23000009",3228,"S99999999","S99999999","","",""
"AB1 1SJ","AB1  1SJ","AB1 1SJ","198001","199606","S99999999","S99999999","S12000033","S13002841","S99999999","0","393474","0806106","1","S08000020","S99999999","S92000003","S99999999","0","S14000002","S15000001","S09000001","S22000047","S03000012","S30000026","99ZZ00","S00001819","01C26","S99999999","S01000109","S02000018","1","2A1","S00090901","S01006586","S02001249","S34003020","S03000012","S99999999","S99999999","1","2B1",57.145796,-2.109482,"S99999999","","S23000009",3228,"S99999999","S99999999","","",""
"AB1 1SL","AB1  1SL","AB1 1SL","198001","199606","S99999999","S99999999","S12000033","S13002841","S99999999","0","393519","0806077","1","S08000020","S99999999","S92000003","S99999999","0","S14000002","S15000001","S09000001","S22000047","S03000012","S30000026","99ZZ00","S00000022","01C26","S99999999","S01000102","S02000018","1","2A1","S00088978","S01006585","S02001249","S34000002","S03000012","S99999999","S99999999","1","2C3",57.145536,-2.108738,"S99999999","","S23000009",2375,"S99999999","S99999999","","",""
"AB1 1SN","AB1  1SN","AB1 1SN","198001","199606","S99999999","S99999999","S12000033","S13002841","S99999999","0","393448","0806021","1","S08000020","S99999999","S92000003","S99999999","0","S14000002","S15000001","S09000001","S22000047","S03000012","S30000026","99ZZ00","S00000023","01C26","S99999999","S01000102","S02000018","1","2A1","S00088979","S01006585","S02001249","S34003033","S03000012","S99999999","S99999999","1","2B1",57.145032,-2.109909,"S99999999","","S23000009",2375,"S99999999","S99999999","","",""
"AB1 1SP","AB1  1SP","AB1 1SP","198001","199606","S99999999","S99999999","S12000033","S13002841","S99999999","0","393457","0805950","1","S08000020","S99999999","S92000003","S99999999","0","S14000002","S15000001","S09000001","S22000047","S03000012","S30000026","99ZZ00","S00000022","01C26","S99999999","S01000102","S02000018","1","2A1","S00088978","S01006585","S02001249","S34000001","S03000012","S99999999","S99999999","1","2C3",57.144394,-2.109759,"S99999999","","S23000009",2375,"S99999999","S99999999","","",""
"AB1 1SQ","AB1  1SQ","AB1 1SQ","198001","199606","S99999999","S99999999","S12000033","S13002841","S99999999","0","393440","0805891","1","S08000020","S99999999","S92000003","S99999999","0","S14000002","S15000001","S09000001","S22000047","S03000012","S30000026","99ZZ00","S00000021","01C26","S99999999","S01000102","S02000018","1","2A1","S00088977","S01006585","S02001249","S34003063","S03000012","S99999999","S99999999","1","2B1",57.143864,-2.110038,"S99999999","","S23000009",2375,"S99999999","S99999999","","",""
"AB1 1SR","AB1  1SR","AB1 1SR","198001","199606","S99999999","S99999999","S12000033","S13002841","S99999999","0","393424","0805997","1","S08000020","S99999999","S92000003","S99999999","0","S14000002","S15000001","S09000001","S22000047","S03000012","S30000026","99ZZ00","S00000022","01C26","S99999999","S01000102","S02000018","1","2A1","S00088978","S01006585","S02001249","S34000001","S03000012","S99999999","S99999999","1","2C3",57.144816,-2.110305,"S99999999","","S23000009",2375,"S99999999","S99999999","","",""
"AB1 1SS","AB1  1SS","AB1 1SS","198001","199606","S99999999","S99999999","S12000033","S13002841","S99999999","0","393423","0806004","1","S08000020","S99999999","S92000003","S99999999","0","S14000002","S15000001","S09000001","S22000047","S03000012","S30000026","99ZZ00","S00000023","01C26","S99999999","S01000102","S02000018","1","2A1","S00088979","S01006585","S02001249","S34003033","S03000012","S99999999","S99999999","1","2B1",57.144879,-2.110322,"S99999999","","S23000009",2375,"S99999999","S99999999","","",""
"AB1 1ST","AB1  1ST","AB1 1ST","198001","199606","S99999999","S99999999","S12000033","S13002841","S99999999","0","393320","0806100","8","S08000020","S99999999","S92000003","S99999999","0","S14000002","S15000001","S09000001","S22000047","S03000012","S30000026","99ZZ00","S00001470","01C26","S99999999","S01000102","S02000018","1","5A1","S00090514","S01006585","S02001249","S34003063","S03000012","S99999999","S99999999","1","2C2",57.145740,-2.112027,"S99999999","","S23000009",2375,"S99999999","S99999999","","",""
"AB1 1SU","AB1  1SU","AB1 1SU","198001","199606","S99999999","S99999999","S12000033","S13002841","S99999999","0","393310","0806126","1","S08000020","S99999999","S92000003","S99999999","0","S14000002","S15000001","S09000001","S22000047","S03000012","S30000026","99ZZ00","S00000016","01C26","S99999999","S01000103","S02000018","1","2A1","S00088972","S01006584","S02001249","S34002972","S03000012","S99999999","S99999999","1","2C1",57.145973,-2.112193,"S99999999","","S23000009",6357,"S99999999","S99999999","","",""
"AB1 1SY","AB1  1SY","AB1 1SY","198001","199606","S99999999","S99999999","S12000033","S13002841","S99999999","0","393405","0806217","1","S08000020","S99999999","S92000003","S99999999","0","S14000002","S15000001","S09000001","S22000047","S03000012","S30000026","99ZZ00","S00000018","01C26","S99999999","S01000102","S02000018","1","5C1","S00088974","S01006585","S02001249","S34003033","S03000012","S99999999","S99999999","1","7B1",57.146792,-2.110625,"S99999999","","S23000009",2375,"S99999999","S99999999","","",""
"AB1 1TA","AB1  1TA","AB1 1TA","198001","199606","S99999999","S99999999","S12000033","S13002841","S99999999","0","393455","0806216","1","S08000020","S99999999","S92000003","S99999999","0","S14000002","S15000001","S09000001","S22000047","S03000012","S30000026","99ZZ00","S00000017","01C26","S99999999","S01000102","S02000018","1","5A1","S00088973","S01006585","S02001249","S34003020","S03000012","S99999999","S99999999","1","7B1",57.146784,-2.109799,"S99999999","","S23000009",2375,"S99999999","S99999999","","",""
"AB1 1TB","AB1  1TB","AB1 1TB","198001","199606","S99999999","S99999999","S12000033","S13002841","S99999999","0","393455","0806216","1","S08000020","S99999999","S92000003","S99999999","0","S14000002","S15000001","S09000001","S22000047","S03000012","S30000026","99ZZ00","S00000017","01C26","S99999999","S01000102","S02000018","1","5A1","S00088973","S01006585","S02001249","S34003020","S03000012","S99999999","S99999999","1","7B1",57.146784,-2.109799,"S99999999","","S23000009",2375,"S99999999","S99999999","","",""
"AB1 1TD","AB1  1TD","AB1 1TD","198001","199606","S99999999","S99999999","S12000033","S13002841","S99999999","0","393456","0806149","1","S08000020","S99999999","S92000003","S99999999","0","S14000002","S15000001","S09000001","S22000047","S03000012","S30000026","99ZZ00","S00000023","01C26","S99999999","S01000102","S02000018","1","2A1","S00088980","S01006585","S02001249","S34003033","S03000012","S99999999","S99999999","1","2B1",57.146182,-2.109781,"S99999999","","S23000009",2375,"S99999999","S99999999","","",""
"AB1 1TE","AB1  1TE","AB1 1TE","198001","199606","S99999999","S99999999","S12000033","S13002841","S99999999","0","393467","0806122","1","S08000020","S99999999","S92000003","S99999999","0","S14000002","S15000001","S09000001","S22000047","S03000012","S30000026","99ZZ00","S00001819","01C26","S99999999","S01000109","S02000018","1","2A1","S00090901","S01006586","S02001249","S34003020","S03000012","S99999999","S99999999","1","2B1",57.145939,-2.109598,"S99999999","","S23000009",3228,"S99999999","S99999999","","",""
"AB1 1TF","AB1  1TF","AB1 1TF","199406","199606","S99999999","S99999999","S12000033","S13002841","S99999999","0","393448","0806125","1","S08000020","S99999999","S92000003","S99999999","0","S14000002","S15000001","S09000001","S22000047","S03000012","S30000026","99ZZ00","S00000023","01C26","S99999999","S01000102","S02000018","1","2A1","S00088980","S01006585","S02001249","S34003033","S03000012","S99999999","S99999999","1","2B1",57.145966,-2.109912,"S99999999","","S23000009",2375,"S99999999","S99999999","","",""
"AB1 1TH","AB1  1TH","AB1 1TH","198001","199606","S99999999","S99999999","S12000033","S13002841","S99999999","0","393574","0806073","1","S08000020","S99999999","S92000003","S99999999","0","S14000002","S15000001","S09000001","S22000047","S03000012","S30000026","99ZZ00","S00000024","01C27","S99999999","S01000109","S02000018","1","2A1","S00088981","S01006586","S02001249","S34003049","S03000012","S99999999","S99999999","1","2C2",57.145501,-2.107828,"S99999999","","S23000009",3228,"S99999999","S99999999","","",""
"AB1 1TJ","AB1  1TJ","AB1 1TJ","198001","199606","S99999999","S99999999","S12000033","S13002841","S99999999","0","393637","0806033","1","S08000020","S99999999","S92000003","S99999999","0","S14000002","S15000001","S09000001","S22000047","S03000012","S30000026","99ZZ00","S00000024","01C27","S99999999","S01000109","S02000018","1","2A1","S00088982","S01006586","S02001249","S34003049","S03000012","S99999999","S99999999","1","2C2",57.145142,-2.106786,"S99999999","","S23000009",3228,"S99999999","S99999999","","",""
"AB1 1TL","AB1  1TL","AB1 1TL","198001","199606","S99999999","S99999999","S12000033","S13002841","S99999999","0","393658","0805977","1","S08000020","S99999999","S92000003","S99999999","0","S14000002","S15000001","S09000001","S22000047","S03000012","S30000026","99ZZ00","S00001472","01C27","S99999999","S01000109","S02000018","1","2A1","S00090516","S01006586","S02001249","S34000027","S03000012","S99999999","S99999999","1","2B2",57.144639,-2.106438,"S99999999","","S23000009",3228,"S99999999","S99999999","","",""
"AB1 1TN","AB1  1TN","AB1 1TN","198001","199606","S99999999","S99999999","S12000033","S13002841","S99999999","0","393579","0805945","1","S08000020","S99999999","S92000003","S99999999","0","S14000002","S15000001","S09000001","S22000047","S03000012","S30000026","99ZZ00","S00000022","01C26","S99999999","S01000102","S02000018","1","2A1","S00088978","S01006585","S02001249","S34000002","S03000012","S99999999","S99999999","1","2C3",57.144351,-2.107743,"S99999999","","S23000009",2375,"S99999999","S99999999","","",""
"AB1 1TP","AB1  1TP","AB1 1TP","198001","199606","S99999999","S99999999","S12000033","S13002841","S99999999","0","393536","0805936","1","S08000020","S99999999","S92000003","S99999999","0","S14000002","S15000001","S09000001","S22000047","S03000012","S30000026","99ZZ00","S00000022","01C26","S99999999","S01000102","S02000018","1","2A1","S00088978","S01006585","S02001249","S34000002","S03000012","S99999999","S99999999","1","2C3",57.144269,-2.108453,"S99999999","","S23000009",2375,"S99999999","S99999999","","",""
"AB1 1TQ","AB1  1TQ","AB1 1TQ","198001","199606","S99999999","S99999999","S12000033","S13002841","S99999999","0","393474","0805889","1","S08000020","S99999999","S92000003","S99999999","0","S14000002","S15000001","S09000001","S22000047","S03000012","S30000026","99ZZ00","S00000022","01C26","S99999999","S01000102","S02000018","1","2A1","S00088978","S01006585","S02001249","S34000001","S03000012","S99999999","S99999999","1","2C3",57.143846,-2.109476,"S99999999","","S23000009",2375,"S99999999","S99999999","","",""
"AB1 1TR","AB1  1TR","AB1 1TR","198001","199606","S99999999","S99999999","S12000033","S13002841","S99999999","0","393426","0805858","1","S08000020","S99999999","S92000003","S99999999","0","S14000002","S15000001","S09000001","S22000047","S03000012","S30000026","99ZZ00","S00000022","01C26","S99999999","S01000102","S02000018","1","2A1","S00088978","S01006585","S02001249","S34000001","S03000012","S99999999","S99999999","1","2C3",57.143567,-2.110269,"S99999999","","S23000009",2375,"S99999999","S99999999","","",""
"AB1 1TS","AB1  1TS","AB1 1TS","198001","199606","S99999999","S99999999","S12000033","S13002841","S99999999","0","393350","0805819","1","S08000020","S99999999","S92000003","S99999999","0","S14000002","S15000001","S09000001","S22000047","S03000012","S30000026","99ZZ00","S00000021","01C26","S99999999","S01000102","S02000018","1","2A1","S00088977","S01006585","S02001249","S34003063","S03000012","S99999999","S99999999","1","2B1",57.143216,-2.111523,"S99999999","","S23000009",2375,"S99999999","S99999999","","",""
"AB1 1TT","AB1  1TT","AB1 1TT","198001","199606","S99999999","S99999999","S12000033","S13002841","S99999999","0","393299","0805804","1","S08000020","S99999999","S92000003","S99999999","0","S14000002","S15000001","S09000001","S22000047","S03000012","S30000026","99ZZ00","S00001405","01C25","S99999999","S01000101","S02000019","1","2B2","S00090448","S01006571","S02001247","S34003058","S03000012","S99999999","S99999999","1","7A2",57.143080,-2.112366,"S99999999","","S23000009",6414,"S99999999","S99999999","","",""
"AB1 1TU","AB1  1TU","AB1 1TU","197308","197705","S99999999","S99999999","S12000033","S13002841","S99999999","0","393320","0805800","8","S08000020","S99999999","S92000003","S99999999","0","S14000002","S15000001","S09000001","S22000047","S03000012","S30000026","99ZZ00","S00001405","01C25","S99999999","S01000101","S02000019","1","2B2","S00090448","S01006571","S02001247","S34003058","S03000012","S99999999","S99999999","1","7A2",57.143045,-2.112019,"S99999999","","S23000009",6414,"S99999999","S99999999","","",""
"AB1 1TW","AB1  1TW","AB1 1TW","197308","197705","S99999999","S99999999","S12000033","S13002841","S99999999","0","393370","0805870","8","S08000020","S99999999","S92000003","S99999999","0","S14000002","S15000001","S09000001","S22000047","S03000012","S30000026","99ZZ00","S00000021","01C26","S99999999","S01000102","S02000018","1","2A1","S00088977","S01006585","S02001249","S34003063","S03000012","S99999999","S99999999","1","2B1",57.143674,-2.111194,"S99999999","","S23000009",2375,"S99999999","S99999999","","",""
"AB1 1TX","AB1  1TX","AB1 1TX","198001","199606","S99999999","S99999999","S12000033","S13002841","S99999999","0","393372","0805866","1","S08000020","S99999999","S92000003","S99999999","0","S14000002","S15000001","S09000001","S22000047","S03000012","S30000026","99ZZ00","S00000021","01C26","S99999999","S01000102","S02000018","1","2A1","S00088977","S01006585","S02001249","S34003063","S03000012","S99999999","S99999999","1","2B1",57.143638,-2.111161,"S99999999","","S23000009",2375,"S99999999","S99999999","","",""
"AB1 1TY","AB1  1TY","AB1 1TY","198001","199606","S99999999","S99999999","S12000033","S13002841","S99999999","0","393242","0806049","1","S08000020","S99999999","S92000003","S99999999","0","S14000002","S15000001","S09000001","S22000047","S03000012","S30000026","99ZZ00","S00001467","01C26","S99999999","S01000103","S02000018","1","2A1","S00090511","S01006584","S02001249","S34002972","S03000012","S99999999","S99999999","1","2B1",57.145280,-2.113314,"S99999999","","S23000009",6357,"S99999999","S99999999","","",""
"AB1 1TZ","AB1  1TZ","AB1 1TZ","198001","199606","S99999999","S99999999","S12000033","S13002841","S99999999","0","393221","0806060","1","S08000020","S99999999","S92000003","S99999999","0","S14000002","S15000001","S09000001","S22000047","S03000012","S30000026","99ZZ00","S00001468","01C26","S99999999","S01000103","S02000018","1","2B2","S00090512","S01006584","S02001249","S34002972","S03000012","S99999999","S99999999","1","2C3",57.145379,-2.113662,"S99999999","","S23000009",6357,"S99999999","S99999999","","",""
"AB1 1UA","AB1  1UA","AB1 1UA","198001","199606","S99999999","S99999999","S12000033","S13002841","S99999999","0","393396","0805871","1","S08000020","S99999999","S92000003","S99999999","0","S14000002","S15000001","S09000001","S22000047","S03000012","S30000026","99ZZ00","S00000021","01C26","S99999999","S01000102","S02000018","1","2A1","S00088977","S01006585","S02001249","S34003063","S03000012","S99999999","S99999999","1","2B1",57.143684,-2.110765,"S99999999","","S23000009",2375,"S99999999","S99999999","","",""
"AB1 1UB","AB1  1UB","AB1 1UB","198001","199606","S99999999","S99999999","S12000033","S13002841","S99999999","0","393324","0805973","1","S08000020","S99999999","S92000003","S99999999","0","S14000002","S15000001","S09000001","S22000047","S03000012","S30000026","99ZZ00","S00001410","01C26","S99999999","S01000103","S02000018","1","2A1","S00090454","S01006584","S02001249","S34002972","S03000012","S99999999","S99999999","1","2B1",57.144599,-2.111957,"S99999999","","S23000009",6357,"S99999999","S99999999","","",""
"AB1 1UD","AB1  1UD","AB1 1UD","198001","199606","S99999999","S99999999","S12000033","S13002841","S99999999","0","393355","0805964","1","S08000020","S99999999","S92000003","S99999999","0","S14000002","S15000001","S09000001","S22000047","S03000012","S30000026","99ZZ00","S00001470","01C26","S99999999","S01000102","S02000018","1","5A1","S00090514","S01006585","S02001249","S34003063","S03000012","S99999999","S99999999","1","2C2",57.144518,-2.111445,"S99999999","","S23000009",2375,"S99999999","S99999999","","",""
"AB1 1UE","AB1  1UE","AB1 1UE","198001","199606","S99999999","S99999999","S12000033","S13002841","S99999999","0","393290","0806126","1","S08000020","S99999999","S92000003","S99999999","0","S14000002","S15000001","S09000001","S22000047","S03000012","S30000026","99ZZ00","S00000016","01C26","S99999999","S01000103","S02000018","1","2A1","S00088972","S01006584","S02001249","S34002972","S03000012","S99999999","S99999999","1","2C1",57.145973,-2.112523,"S99999999","","S23000009",6357,"S99999999","S99999999","","",""
"AB1 1UF","AB1  1UF","AB1 1UF","198001","199606","S99999999","S99999999","S12000033","S13002844","S99999999","0","392650","0806087","1","S08000020","S99999999","S92000003","S99999999","0","S14000002","S15000001","S09000001","S22000047","S03000012","S30000026","99ZZ00","S00000754","01C25","S99999999","S01000101","S02000019","1","6D2","S00089757","S01006570","S02001246","S34002991","S03000012","S99999999","S99999999","1","2C1",57.145612,-2.123098,"S99999999","","S23000009",6963,"S99999999","S99999999","","",""
"AB1 1UG","AB1  1UG","AB1 1UG","198610","199606","S99999999","S99999999","S12000033","S13002841","S99999999","0","393296","0806004","1","S08000020","S99999999","S92000003","S99999999","0","S14000002","S15000001","S09000001","S22000047","S03000012","S30000026","99ZZ00","S00001410","01C26","S99999999","S01000103","S02000018","1","2A1","S00090454","S01006584","S02001249","S34002972","S03000012","S99999999","S99999999","1","2B1",57.144877,-2.112421,"S99999999","","S23000009",6357,"S99999999","S99999999","","",""
"AB1 1UH","AB1  1UH","AB1 1UH","198001","199606","S99999999","S99999999","S12000033","S13002841","S99999999","0","393252","0806132","1","S08000020","S99999999","S92000003","S99999999","0","S14000002","S15000001","S09000001","S22000047","S03000012","S30000026","99ZZ00","S00000016","01C26","S99999999","S01000103","S02000018","1","2A1","S00088972","S01006584","S02001249","S34002972","S03000012","S99999999","S99999999","1","2C1",57.146026,-2.113151,"S99999999","","S23000009",6357,"S99999999","S99999999","","",""
"AB1 1UJ","AB1  1UJ","AB1 1UJ","198001","199606","S99999999","S99999999","S12000033","S13002841","S99999999","0","393260","0806033","1","S08000020","S99999999","S92000003","S99999999","0","S14000002","S15000001","S09000001","S22000047","S03000012","S30000026","99ZZ00","S00001467","01C26","S99999999","S01000103","S02000018","1","2A1","S00090511","S01006584","S02001249","S34002972","S03000012","S99999999","S99999999","1","2B1",57.145137,-2.113016,"S99999999","","S23000009",6357,"S99999999","S99999999","","",""
"AB1 1UL","AB1  1UL","AB1 1UL","198001","199606","S99999999","S99999999","S12000033","S13002844","S99999999","0","392473","0805861","1","S08000020","S99999999","S92000003","S99999999","0","S14000002","S15000001","S09000001","S22000047","S03000012","S30000026","99ZZ00","S00001405","01C25","S99999999","S01000101","S02000019","1","2B2","S00090449","S01006571","S02001247","S34002991","S03000012","S99999999","S99999999","1","2C1",57.143579,-2.126017,"S99999999","","S23000009",6414,"S99999999","S99999999","","",""
"AB1 1UN","AB1  1UN","AB1 1UN","198001","199606","S99999999","S99999999","S12000033","S13002844","S99999999","0","392673","0805885","1","S08000020","S99999999","S92000003","S99999999","0","S14000002","S15000001","S09000001","S22000047","S03000012","S30000026","99ZZ00","S00001405","01C25","S99999999","S01000101","S02000019","1","2B2","S00090449","S01006571","S02001247","S34000022","S03000012","S99999999","S99999999","1","2C1",57.143798,-2.122712,"S99999999","","S23000009",6414,"S99999999","S99999999","","",""
"AB1 1UP","AB1  1UP","AB1 1UP","198001","199606","S99999999","S99999999","S12000033","S13002844","S99999999","0","392615","0805915","1","S08000020","S99999999","S92000003","S99999999","0","S14000002","S15000001","S09000001","S22000047","S03000012","S30000026","99ZZ00","S00001405","01C25","S99999999","S01000101","S02000019","1","2B2","S00090449","S01006571","S02001247","S34002991","S03000012","S99999999","S99999999","1","2C1",57.144067,-2.123672,"S99999999","","S23000009",6414,"S99999999","S99999999","","",""
"AB1 1UQ","AB1  1UQ","AB1 1UQ","198001","199606","S99999999","S99999999","S12000033","S13002844","S99999999","0","392760","0805972","1","S08000020","S99999999","S92000003","S99999999","0","S14000002","S15000001","S09000001","S22000047","S03000012","S30000026","99ZZ00","S00001405","01C25","S99999999","S01000101","S02000019","1","2B2","S00090449","S01006571","S02001247","S34002991","S03000012","S99999999","S99999999","1","2C1",57.144581,-2.121277,"S99999999","","S23000009",6414,"S99999999","S99999999","","",""
"AB1 1UR","AB1  1UR","AB1 1UR","198001","199606","S99999999","S99999999","S12000033","S13002844","S99999999","0","392912","0806027","1","S08000020","S99999999","S92000003","S99999999","0","S14000002","S15000001","S09000001","S22000047","S03000012","S30000026","99ZZ00","S00001407","01C26","S99999999","S01000103","S02000018","1","2A1","S00090451","S01006584","S02001249","S34003044","S03000012","S99999999","S99999999","1","2C3",57.145078,-2.118767,"S99999999","","S23000009",6357,"S99999999","S99999999","","",""
"AB1 1US","AB1  1US","AB1 1US","198001","199606","S99999999","S99999999","S12000033","S13002844","S99999999","0","392940","0805974","1","S08000020","S99999999","S92000003","S99999999","0","S14000002","S15000001","S09000001","S22000047","S03000012","S30000026","99ZZ00","S00000014","01C26","S99999999","S01000101","S02000019","1","6D2","S00088970","S01006571","S02001247","S34003018","S03000012","S99999999","S99999999","1","5A3",57.144602,-2.118303,"S99999999","","S23000009",6414,"S99999999","S99999999","","",""
"AB1 1UT","AB1  1UT","AB1 1UT","198001","199606","S99999999","S99999999","S12000033","S13002841","S99999999","0","393050","0806085","1","S08000020","S99999999","S92000003","S99999999","0","S14000002","S15000001","S09000001","S22000047","S03000012","S30000026","99ZZ00","S00000015","01C26","S99999999","S01000103","S02000018","1","2B2","S00088971","S01006584","S02001249","S34003018","S03000012","S99999999","S99999999","1","2D2",57.145601,-2.116488,"S99999999","","S23000009",6357,"S99999999","S99999999","","",""
"AB1 1UU","AB1  1UU","AB1 1UU","198001","199606","S99999999","S99999999","S12000033","S13002841","S99999999","0","393215","0805948","1","S08000020","S99999999","S92000003","S99999999","0","S14000002","S15000001","S09000001","S22000047","S03000012","S30000026","99ZZ00","S00001468","01C26","S99999999","S01000103","S02000018","1","2B2","S00090512","S01006584","S02001249","S34002972","S03000012","S99999999","S99999999","1","2C3",57.144373,-2.113758,"S99999999","","S23000009",6357,"S99999999","S99999999","","",""
"AB1 1UW","AB1  1UW","AB1 1UW","198001","199606","S99999999","S99999999","S12000033","S13002841","S99999999","0","393251","0805968","1","S08000020","S99999999","S92000003","S99999999","0","S14000002","S15000001","S09000001","S22000047","S03000012","S30000026","99ZZ00","S00001468","01C26","S99999999","S01000103","S02000018","1","2B2","S00090512","S01006584","S02001249","S34002972","S03000012","S99999999","S99999999","1","2C3",57.144553,-2.113163,"S99999999","","S23000009",6357,"S99999999","S99999999","","",""
"AB1 1UX","AB1  1UX","AB1 1UX","198001","199606","S99999999","S99999999","S12000033","S13002841","S99999999","0","393162","0806042","1","S08000020","S99999999","S92000003","S99999999","0","S14000002","S15000001","S09000001","S22000047","S03000012","S30000026","99ZZ00","S00000015","01C26","S99999999","S01000103","S02000018","1","2B2","S00088971","S01006584","S02001249","S34003018","S03000012","S99999999","S99999999","1","2D2",57.145216,-2.114636,"S99999999","","S23000009",6357,"S99999999","S99999999","","",""
"AB1 1UY","AB1  1UY","AB1 1UY","198001","199606","S99999999","S99999999","S12000033","S13002841","S99999999","0","393310","0805893","1","S08000020","S99999999","S92000003","S99999999","0","S14000002","S15000001","S09000001","S22000047","S03000012","S30000026","99ZZ00","S00000020","01C26","S99999999","S01000102","S02000018","1","2A1","S00088976","S01006585","S02001249","S34002972","S03000012","S99999999","S99999999","1","2B1",57.143880,-2.112186,"S99999999","","S23000009",2375,"S99999999","S99999999","","",""
"AB1 1UZ","AB1  1UZ","AB1 1UZ","198001","199606","S99999999","S99999999","S12000033","S13002841","S99999999","0","393298","0805863","1","S08000020","S99999999","S92000003","S99999999","0","S14000002","S15000001","S09000001","S22000047","S03000012","S30000026","99ZZ00","S00000021","01C26","S99999999","S01000102","S02000018","1","2A1","S00088977","S01006585","S02001249","S34003063","S03000012","S99999999","S99999999","1","2B1",57.143610,-2.112384,"S99999999","","S23000009",2375,"S99999999","S99999999","","",""
"AB1 1WA","AB1  1WA","AB1 1WA","199512","199512","S99999999","S99999999","S12000033","S13002841","S99999999","1","393396","0805871","8","S08000020","S99999999","S92000003","S99999999","0","S14000002","S15000001","S09000001","S22000047","S03000012","S30000026","99ZZ00","S00000021","01C26","S99999999","S01000102","S02000018","1","2A1","S00088977","S01006585","S02001249","S34003063","S03000012","S99999999","S99999999","1","2B1",57.143684,-2.110765,"S99999999","","S23000009",2375,"S99999999","S99999999","","",""
"AB1 1XA","AB1  1XA","AB1 1XA","198001","199606","S99999999","S99999999","S12000033","S13002841","S99999999","0","393165","0805969","1","S08000020","S99999999","S92000003","S99999999","0","S14000002","S15000001","S09000001","S22000047","S03000012","S30000026","99ZZ00","S00000015","01C26","S99999999","S01000103","S02000018","1","2B2","S00088971","S01006584","S02001249","S34003018","S03000012","S99999999","S99999999","1","2D2",57.144560,-2.114585,"S99999999","","S23000009",6357,"S99999999","S99999999","","",""
"AB1 1XB","AB1  1XB","AB1 1XB","198001","199606","S99999999","S99999999","S12000033","S13002841","S99999999","0","393242","0805856","1","S08000020","S99999999","S92000003","S99999999","0","S14000002","S15000001","S09000001","S22000047","S03000012","S30000026","99ZZ00","S00001407","01C26","S99999999","S01000103","S02000018","1","2A1","S00088970","S01006571","S02001247","S34003018","S03000012","S99999999","S99999999","1","5A3",57.143547,-2.113309,"S99999999","","S23000009",6414,"S99999999","S99999999","","",""
"AB1 1XD","AB1  1XD","AB1 1XD","198001","199606","S99999999","S99999999","S12000033","S13002841","S99999999","0","393304","0805918","1","S08000020","S99999999","S92000003","S99999999","0","S14000002","S15000001","S09000001","S22000047","S03000012","S30000026","99ZZ00","S00000020","01C26","S99999999","S01000102","S02000018","1","2A1","S00088976","S01006585","S02001249","S34002972","S03000012","S99999999","S99999999","1","2B1",57.144104,-2.112286,"S99999999","","S23000009",2375,"S99999999","S99999999","","",""
"AB1 1XE","AB1  1XE","AB1 1XE","198001","199606","S99999999","S99999999","S12000033","S13002844","S99999999","0","392996","0805853","1","S08000020","S99999999","S92000003","S99999999","0","S14000002","S15000001","S09000001","S22000047","S03000012","S30000026","99ZZ00","S00001405","01C25","S99999999","S01000101","S02000019","1","2B2","S00090448","S01006571","S02001247","S34000021","S03000012","S99999999","S99999999","1","7A2",57.143516,-2.117374,"S99999999","","S23000009",6414,"S99999999","S99999999","","",""
"AB1 1XF","AB1  1XF","AB1 1XF","198001","199606","S99999999","S99999999","S12000033","S13002844","S99999999","0","393010","0805879","1","S08000020","S99999999","S92000003","S99999999","0","S14000002","S15000001","S09000001","S22000047","S03000012","S30000026","99ZZ00","S00000014","01C26","S99999999","S01000101","S02000019","1","6D2","S00088970","S01006571","S02001247","S34003018","S03000012","S99999999","S99999999","1","5A3",57.143750,-2.117143,"S99999999","","S23000009",6414,"S99999999","S99999999","","",""
"AB1 1XG","AB1  1XG","AB1 1XG","198001","199606","S99999999","S99999999","S12000033","S13002841","S99999999","0","393149","0805925","1","S08000020","S99999999","S92000003","S99999999","0","S14000002","S15000001","S09000001","S22000047","S03000012","S30000026","99ZZ00","S00001407","01C26","S99999999","S01000103","S02000018","1","2A1","S00088970","S01006571","S02001247","S34003018","S03000012","S99999999","S99999999","1","5A3",57.144165,-2.114848,"S99999999","","S23000009",6414,"S99999999","S99999999","","",""
"AB1 1XH","AB1  1XH","AB1 1XH","198001","199606","S99999999","S99999999","S12000033","S13002841","S99999999","0","393194","0805879","1","S08000020","S99999999","S92000003","S99999999","0","S14000002","S15000001","S09000001","S22000047","S03000012","S30000026","99ZZ00","S00001407","01C26","S99999999","S01000103","S02000018","1","2A1","S00088970","S01006571","S02001247","S34003018","S03000012","S99999999","S99999999","1","5A3",57.143752,-2.114103,"S99999999","","S23000009",6414,"S99999999","S99999999","","",""
"AB1 1XJ","AB1  1XJ","AB1 1XJ","198001","199606","S99999999","S99999999","S12000033","S13002841","S99999999","0","393396","0805931","1","S08000020","S99999999","S92000003","S99999999","0","S14000002","S15000001","S09000001","S22000047","S03000012","S30000026","99ZZ00","S00000021","01C26","S99999999","S01000102","S02000018","1","2A1","S00088977","S01006585","S02001249","S34003063","S03000012","S99999999","S99999999","1","2B1",57.144223,-2.110766,"S99999999","","S23000009",2375,"S99999999","S99999999","","",""
"AB1 1XL","AB1  1XL","AB1 1XL","198001","199606","S99999999","S99999999","S12000033","S13002844","S99999999","0","392805","0805859","1","S08000020","S99999999","S92000003","S99999999","0","S14000002","S15000001","S09000001","S22000047","S03000012","S30000026","99ZZ00","S00001405","01C25","S99999999","S01000101","S02000019","1","2B2","S00090448","S01006571","S02001247","S34000021","S03000012","S99999999","S99999999","1","7A2",57.143567,-2.120530,"S99999999","","S23000009",6414,"S99999999","S99999999","","",""
"AB1 1XN","AB1  1XN","AB1 1XN","198001","199606","S99999999","S99999999","S12000033","S13002841","S99999999","0","393143","0805854","1","S08000020","S99999999","S92000003","S99999999","0","S14000002","S15000001","S09000001","S22000047","S03000012","S30000026","99ZZ00","S00001407","01C26","S99999999","S01000103","S02000018","1","2A1","S00088970","S01006571","S02001247","S34003018","S03000012","S99999999","S99999999","1","5A3",57.143527,-2.114945,"S99999999","","S23000009",6414,"S99999999","S99999999","","",""
"AB1 1XP","AB1  1XP","AB1 1XP","198001","199606","S99999999","S99999999","S12000033","S13002844","S99999999","0","393064","0805897","1","S08000020","S99999999","S92000003","S99999999","0","S14000002","S15000001","S09000001","S22000047","S03000012","S30000026","99ZZ00","S00000014","01C26","S99999999","S01000101","S02000019","1","6D2","S00088970","S01006571","S02001247","S34003018","S03000012","S99999999","S99999999","1","5A3",57.143912,-2.116252,"S99999999","","S23000009",6414,"S99999999","S99999999","","",""
"AB1 1XQ","AB1  1XQ","AB1 1XQ","198001","199606","S99999999","S99999999","S12000033","S13002844","S99999999","0","393020","0805980","8","S08000020","S99999999","S92000003","S99999999","0","S14000002","S15000001","S09000001","S22000047","S03000012","S30000026","99ZZ00","S00001407","01C26","S99999999","S01000103","S02000018","1","2A1","S00090451","S01006584","S02001249","S34003044","S03000012","S99999999","S99999999","1","2C3",57.144657,-2.116981,"S99999999","","S23000009",6357,"S99999999","S99999999","","",""
"AB1 1XR","AB1  1XR","AB1 1XR","198001","199606","S99999999","S99999999","S12000033","S13002844","S99999999","0","392970","0806080","8","S08000020","S99999999","S92000003","S99999999","0","S14000002","S15000001","S09000001","S22000047","S03000012","S30000026","99ZZ00","S00000756","01C26","S99999999","S01000101","S02000019","1","6D2","S00089765","S01006571","S02001247","S34003044","S03000012","S99999999","S99999999","1","5A1",57.145555,-2.117810,"S99999999","","S23000009",6414,"S99999999","S99999999","","",""
"AB1 1XS","AB1  1XS","AB1 1XS","198001","199606","S99999999","S99999999","S12000033","S13002844","S99999999","0","392930","0806190","8","S08000020","S99999999","S92000003","S99999999","0","S14000002","S15000001","S09000001","S22000047","S03000012","S30000026","99ZZ00","S00001407","01C26","S99999999","S01000103","S02000018","1","2A1","S00090451","S01006584","S02001249","S34003044","S03000012","S99999999","S99999999","1","2C3",57.146542,-2.118474,"S99999999","","S23000009",6357,"S99999999","S99999999","","",""
"AB1 1XT","AB1  1XT","AB1 1XT","198001","199606","S99999999","S99999999","S12000033","S13002841","S99999999","0","392960","0806180","8","S08000020","S99999999","S92000003","S99999999","0","S14000002","S15000001","S09000001","S22000047","S03000012","S30000026","99ZZ00","S00001407","01C26","S99999999","S01000103","S02000018","1","2A1","S00090451","S01006584","S02001249","S34003044","S03000012","S99999999","S99999999","1","2C3",57.146453,-2.117978,"S99999999","","S23000009",6357,"S99999999","S99999999","","",""
"AB1 1XU","AB1  1XU","AB1 1XU","198001","199606","S99999999","S99999999","S12000033","S13002841","S99999999","0","392990","0806120","8","S08000020","S99999999","S92000003","S99999999","0","S14000002","S15000001","S09000001","S22000047","S03000012","S30000026","99ZZ00","S00001407","01C26","S99999999","S01000103","S02000018","1","2A1","S00090451","S01006584","S02001249","S34003044","S03000012","S99999999","S99999999","1","2C3",57.145914,-2.117481,"S99999999","","S23000009",6357,"S99999999","S99999999","","",""
"AB1 1XW","AB1  1XW","AB1 1XW","199103","199606","S99999999","S99999999","S12000033","S13002844","S99999999","0","393001","0805929","3","S08000020","S99999999","S92000003","S99999999","0","S14000002","S15000001","S09000001","S22000047","S03000012","S30000026","99ZZ00","S00000014","01C26","S99999999","S01000101","S02000019","1","6D2","S00088970","S01006571","S02001247","S34003018","S03000012","S99999999","S99999999","1","5A3",57.144199,-2.117294,"S99999999","","S23000009",6414,"S99999999","S99999999","","",""
"AB1 1XX","AB1  1XX","AB1 1XX","198001","199606","S99999999","S99999999","S12000033","S13002841","S99999999","0","393050","0805980","8","S08000020","S99999999","S92000003","S99999999","0","S14000002","S15000001","S09000001","S22000047","S03000012","S30000026","99ZZ00","S00001407","01C26","S99999999","S01000103","S02000018","1","2A1","S00090451","S01006584","S02001249","S34003044","S03000012","S99999999","S99999999","1","2C3",57.144657,-2.116485,"S99999999","","S23000009",6357,"S99999999","S99999999","","",""
"AB1 1XY","AB1  1XY","AB1 1XY","198001","199606","S99999999","S99999999","S12000033","S13002844","S99999999","0","392903","0805917","1","S08000020","S99999999","S92000003","S99999999","0","S14000002","S15000001","S09000001","S22000047","S03000012","S30000026","99ZZ00","S00000014","01C26","S99999999","S01000101","S02000019","1","6D2","S00088970","S01006571","S02001247","S34003018","S03000012","S99999999","S99999999","1","5A3",57.144089,-2.118913,"S99999999","","S23000009",6414,"S99999999","S99999999","","",""
"AB1 1YA","AB1  1YA","AB1 1YA","198001","199606","S99999999","S99999999","S12000033","S13002844","S99999999","0","392729","0805906","1","S08000020","S99999999","S92000003","S99999999","0","S14000002","S15000001","S09000001","S22000047","S03000012","S30000026","99ZZ00","S00001405","01C25","S99999999","S01000101","S02000019","1","2B2","S00090449","S01006571","S02001247","S34000022","S03000012","S99999999","S99999999","1","2C1",57.143988,-2.121788,"S99999999","","S23000009",6414,"S99999999","S99999999","","",""
"AB1 1YB","AB1  1YB","AB1 1YB","198001","199606","S99999999","S99999999","S12000033","S13002844","S99999999","0","393309","0805765","1","S08000020","S99999999","S92000003","S99999999","0","S14000002","S15000001","S09000001","S22000047","S03000012","S30000026","99ZZ00","S00000242","01C27","S99999999","S01000101","S02000019","1","2A1","S00090448","S01006571","S02001247","S34003058","S03000012","S99999999","S99999999","1","7A2",57.142730,-2.112199,"S99999999","","S23000009",6414,"S99999999","S99999999","","",""
"AB1 1YD","AB1  1YD","AB1 1YD","198001","199606","S99999999","S99999999","S12000033","S13002841","S99999999","0","393255","0805797","1","S08000020","S99999999","S92000003","S99999999","0","S14000002","S15000001","S09000001","S22000047","S03000012","S30000026","99ZZ00","S00001405","01C25","S99999999","S01000101","S02000019","1","2B2","S00090448","S01006571","S02001247","S34003058","S03000012","S99999999","S99999999","1","7A2",57.143017,-2.113093,"S99999999","","S23000009",6414,"S99999999","S99999999","","",""
"AB1 1YE","AB1  1YE","AB1 1YE","198001","199606","S99999999","S99999999","S12000033","S13002844","S99999999","0","393170","0805747","1","S08000020","S99999999","S92000003","S99999999","0","S14000002","S15000001","S09000001","S22000047","S03000012","S30000026","99ZZ00","S00001405","01C25","S99999999","S01000101","S02000019","1","2B2","S00090448","S01006571","S02001247","S34000021","S03000012","S99999999","S99999999","1","7A2",57.142566,-2.114496,"S99999999","","S23000009",6414,"S99999999","S99999999","","",""
"AB1 1YG","AB1  1YG","AB1 1YG","199512","199512","S99999999","S99999999","S12000033","S13002844","S99999999","1","393176","0805780","8","S08000020","S99999999","S92000003","S99999999","0","S14000002","S15000001","S09000001","S22000047","S03000012","S30000026","99ZZ00","S00001405","01C25","S99999999","S01000101","S02000019","1","2B2","S00090448","S01006571","S02001247","S34000021","S03000012","S99999999","S99999999","1","7A2",57.142863,-2.114398,"S99999999","","S23000009",6414,"S99999999","S99999999","","",""
"AB1 1YH","AB1  1YH","AB1 1YH","198001","199606","S99999999","S99999999","S12000033","S13002841","S99999999","0","393181","0805813","1","S08000020","S99999999","S92000003","S99999999","0","S14000002","S15000001","S09000001","S22000047","S03000012","S30000026","99ZZ00","S00001405","01C25","S99999999","S01000101","S02000019","1","2B2","S00090448","S01006571","S02001247","S34003058","S03000012","S99999999","S99999999","1","7A2",57.143159,-2.114316,"S99999999","","S23000009",6414,"S99999999","S99999999","","",""
"AB1 1YJ","AB1  1YJ","AB1 1YJ","198001","199606","S99999999","S99999999","S12000033","S13002844","S99999999","0","392897","0805755","1","S08000020","S99999999","S92000003","S99999999","0","S14000002","S15000001","S09000001","S22000047","S03000012","S30000026","99ZZ00","S00001405","01C25","S99999999","S01000101","S02000019","1","2B2","S00090448","S01006571","S02001247","S34000021","S03000012","S99999999","S99999999","1","7A2",57.142634,-2.119007,"S99999999","","S23000009",6414,"S99999999","S99999999","","",""
"AB1 1YL","AB1  1YL","AB1 1YL","198001","199606","S99999999","S99999999","S12000033","S13002844","S99999999","0","392782","0805761","1","S08000020","S99999999","S92000003","S99999999","0","S14000002","S15000001","S09000001","S22000047","S03000012","S30000026","99ZZ00","S00001405","01C25","S99999999","S01000101","S02000019","1","2B2","S00090448","S01006571","S02001247","S34003023","S03000012","S99999999","S99999999","1","7A2",57.142686,-2.120908,"S99999999","","S23000009",6414,"S99999999","S99999999","","",""
"AB1 1YN","AB1  1YN","AB1 1YN","198001","199606","S99999999","S99999999","S12000033","S13002844","S99999999","0","392544","0805769","1","S08000020","S99999999","S92000003","S99999999","0","S14000002","S15000001","S09000001","S22000047","S03000012","S30000026","99ZZ00","S00001405","01C25","S99999999","S01000101","S02000019","1","2B2","S00090449","S01006571","S02001247","S34000022","S03000012","S99999999","S99999999","1","2C1",57.142754,-2.124841,"S99999999","","S23000009",6414,"S99999999","S99999999","","",""
"AB1 1YP","AB1  1YP","AB1 1YP","198001","199606","S99999999","S99999999","S12000033","S13002844","S99999999","0","392663","0805831","1","S08000020","S99999999","S92000003","S99999999","0","S14000002","S15000001","S09000001","S22000047","S03000012","S30000026","99ZZ00","S00001405","01C25","S99999999","S01000101","S02000019","1","2B2","S00090449","S01006571","S02001247","S34000022","S03000012","S99999999","S99999999","1","2C1",57.143313,-2.122876,"S99999999","","S23000009",6414,"S99999999","S99999999","","",""
"AB1 1YT","AB1  1YT","AB1 1YT","199512","199606","S99999999","S99999999","S12000033","S13002844","S99999999","1","392925","0805756","1","S08000020","S99999999","S92000003","S99999999","0","S14000002","S15000001","S09000001","S22000047","S03000012","S30000026","99ZZ00","S00001405","01C25","S99999999","S01000101","S02000019","1","2B2","S00090448","S01006571","S02001247","S34000021","S03000012","S99999999","S99999999","1","7A2",57.142643,-2.118544,"S99999999","","S23000009",6414,"S99999999","S99999999","","",""
"AB1 1YU","AB1  1YU","AB1 1YU","199512","199512","S99999999","S99999999","S12000033","S13002841","S99999999","1","393474","0806106","6","S08000020","S99999999","S92000003","S99999999","0","S14000002","S15000001","S09000001","S22000047","S03000012","S30000026","99ZZ00","S00001819","01C26","S99999999","S01000109","S02000018","1","2A1","S00090901","S01006586","S02001249","S34003020","S03000012","S99999999","S99999999","1","2B1",57.145796,-2.109482,"S99999999","","S23000009",3228,"S99999999","S99999999","","",""
"AB1 1YW","AB1  1YW","AB1 1YW","199512","199512","S99999999","S99999999","S12000033","S13002841","S99999999","1","393474","0806106","6","S08000020","S99999999","S92000003","S99999999","0","S14000002","S15000001","S09000001","S22000047","S03000012","S30000026","99ZZ00","S00001819","01C26","S99999999","S01000109","S02000018","1","2A1","S00090901","S01006586","S02001249","S34003020","S03000012","S99999999","S99999999","1","2B1",57.145796,-2.109482,"S99999999","","S23000009",3228,"S99999999","S99999999","","",""
"AB1 2AA","AB1  2AA","AB1 2AA","198001","199606","S99999999","S99999999","S12000033","S13002842","S99999999","0","394337","0806116","1","S08000020","S99999999","S92000003","S99999999","0","S14000001","S15000001","S09000001","S22000047","S03000012","S30000026","99ZZ00","S00000076","01C28","S99999999","S01000098","S02000018","1","2A1","S00089038","S01006587","S02001250","S34000007","S03000012","S99999999","S99999999","1","2B1",57.145897,-2.095221,"S99999999","","S23000009",1562,"S99999999","S99999999","","",""
"AB1 2AB","AB1  2AB","AB1 2AB","198001","199606","S99999999","S99999999","S12000033","S13002842","S99999999","0","394541","0806212","1","S08000020","S99999999","S92000003","S99999999","0","S14000001","S15000001","S09000001","S22000047","S03000012","S30000026","99ZZ00","S00000076","01C28","S99999999","S01000098","S02000018","1","2A1","S00089039","S01006587","S02001250","S34003092","S03000012","S99999999","S99999999","1","2B1",57.146762,-2.091851,"S99999999","","S23000009",1562,"S99999999","S99999999","","",""
"AB1 2AD","AB1  2AD","AB1 2AD","198001","199606","S99999999","S99999999","S12000033","S13002842","S99999999","0","394486","0806289","1","S08000020","S99999999","S92000003","S99999999","0","S14000001","S15000001","S09000001","S22000047","S03000012","S30000026","99ZZ00","S00001615","01C28","S99999999","S01000107","S02000018","1","2A1","S00090676","S01006589","S02001250","S34003122","S03000012","S99999999","S99999999","1","2B1",57.147453,-2.092762,"S99999999","","S23000009",3415,"S99999999","S99999999","","",""
"AB1 2AE","AB1  2AE","AB1 2AE","198001","199606","S99999999","S99999999","S12000033","S13002842","S99999999","0","394445","0806165","1","S08000020","S99999999","S92000003","S99999999","0","S14000001","S15000001","S09000001","S22000047","S03000012","S30000026","99ZZ00","S00000076","01C28","S99999999","S01000098","S02000018","1","2A1","S00089039","S01006587","S02001250","S34003092","S03000012","S99999999","S99999999","1","2B1",57.146339,-2.093437,"S99999999","","S23000009",1562,"S99999999","S99999999","","",""
"AB1 2AF","AB1  2AF","AB1 2AF","198001","199606","S99999999","S99999999","S12000033","S13002842","S99999999","0","394476","0806183","1","S08000020","S99999999","S92000003","S99999999","0","S14000001","S15000001","S09000001","S22000047","S03000012","S30000026","99ZZ00","S00000076","01C28","S99999999","S01000098","S02000018","1","2A1","S00089039","S01006587","S02001250","S34003092","S03000012","S99999999","S99999999","1","2B1",57.146501,-2.092925,"S99999999","","S23000009",1562,"S99999999","S99999999","","",""
"AB1 2AG","AB1  2AG","AB1 2AG","197308","198105","S99999999","S99999999","S12000033","S13002842","S99999999","0","394490","0806190","8","S08000020","S99999999","S92000003","S99999999","0","S14000001","S15000001","S09000001","S22000047","S03000012","S30000026","99ZZ00","S00000076","01C28","S99999999","S01000098","S02000018","1","2A1","S00089039","S01006587","S02001250","S34003092","S03000012","S99999999","S99999999","1","2B1",57.146564,-2.092694,"S99999999","","S23000009",1562,"S99999999","S99999999","","",""
"AB1 2AH","AB1  2AH","AB1 2AH","198001","199606","S99999999","S99999999","S12000033","S13002842","S99999999","0","394506","0806174","1","S08000020","S99999999","S92000003","S99999999","0","S14000001","S15000001","S09000001","S22000047","S03000012","S30000026","99ZZ00","S00000076","01C28","S99999999","S01000098","S02000018","1","2A1","S00089039","S01006587","S02001250","S34003092","S03000012","S99999999","S99999999","1","2B1",57.146420,-2.092429,"S99999999","","S23000009",1562,"S99999999","S99999999","","",""
"AB1 2AJ","AB1  2AJ","AB1 2AJ","198001","199606","S99999999","S99999999","S12000033","S13002842","S99999999","0","394463","0806284","1","S08000020","S99999999","S92000003","S99999999","0","S14000001","S15000001","S09000001","S22000047","S03000012","S30000026","99ZZ00","S00001615","01C28","S99999999","S01000107","S02000018","1","2A1","S00090676","S01006589","S02001250","S34003122","S03000012","S99999999","S99999999","1","2B1",57.147408,-2.093142,"S99999999","","S23000009",3415,"S99999999","S99999999","","",""
"AB1 2AL","AB1  2AL","AB1 2AL","198001","199606","S99999999","S99999999","S12000033","S13002842","S99999999","0","394513","0806216","1","S08000020","S99999999","S92000003","S99999999","0","S14000001","S15000001","S09000001","S22000047","S03000012","S30000026","99ZZ00","S00000076","01C28","S99999999","S01000098","S02000018","1","2A1","S00089039","S01006587","S02001250","S34003092","S03000012","S99999999","S99999999","1","2B1",57.146798,-2.092314,"S99999999","","S23000009",1562,"S99999999","S99999999","","",""
"AB1 2AN","AB1  2AN","AB1 2AN","197308","198105","S99999999","S99999999","S12000033","S13002842","S99999999","0","394550","0806300","8","S08000020","S99999999","S92000003","S99999999","0","S14000001","S15000001","S09000001","S22000047","S03000012","S30000026","99ZZ00","S00001614","01C28","S99999999","S01000107","S02000018","1","2A1","S00090674","S01006589","S02001250","S34003122","S03000012","S99999999","S99999999","1","2B1",57.147553,-2.091705,"S99999999","","S23000009",3415,"S99999999","S99999999","","",""
"AB1 2AP","AB1  2AP","AB1 2AP","198001","199606","S99999999","S99999999","S12000033","S13002842","S99999999","0","394649","0806224","1","S08000020","S99999999","S92000003","S99999999","0","S14000001","S15000001","S09000001","S22000047","S03000012","S30000026","99ZZ00","S00001614","01C28","S99999999","S01000107","S02000018","1","2A1","S00090675","S01006589","S02001250","S34003092","S03000012","S99999999","S99999999","1","2B1",57.146871,-2.090067,"S99999999","","S23000009",3415,"S99999999","S99999999","","",""
"AB1 2AQ","AB1  2AQ","AB1 2AQ","198001","199606","S99999999","S99999999","S12000033","S13002842","S99999999","0","394677","0806197","1","S08000020","S99999999","S92000003","S99999999","0","S14000001","S15000001","S09000001","S22000047","S03000012","S30000026","99ZZ00","S00001616","01C28","S99999999","S01000108","S02000022","1","2A1","S00090678","S01006637","S02001259","S34003092","S03000012","S99999999","S99999999","1","2B1",57.146629,-2.089604,"S99999999","","S23000009",2463,"S99999999","S99999999","","",""
"AB1 2AR","AB1  2AR","AB1 2AR","198001","199606","S99999999","S99999999","S12000033","S13002842","S99999999","0","394745","0806211","1","S08000020","S99999999","S92000003","S99999999","0","S14000001","S15000001","S09000001","S22000047","S03000012","S30000026","99ZZ00","S00001616","01C28","S99999999","S01000108","S02000022","1","2A1","S00090677","S01006637","S02001259","S34000046","S03000012","S99999999","S99999999","1","2B1",57.146756,-2.088480,"S99999999","","S23000009",2463,"S99999999","S99999999","","",""
"AB1 2AS","AB1  2AS","AB1 2AS","198001","199606","S99999999","S99999999","S12000033","S13002842","S99999999","0","394857","0806193","1","S08000020","S99999999","S92000003","S99999999","0","S14000001","S15000001","S09000001","S22000047","S03000012","S30000026","99ZZ00","S00001616","01C28","S99999999","S01000108","S02000022","1","2A1","S00090677","S01006637","S02001259","S34000046","S03000012","S99999999","S99999999","1","2B1",57.146595,-2.086629,"S99999999","","S23000009",2463,"S99999999","S99999999","","",""
"AB1 2AT","AB1  2AT","AB1 2AT","198001","199606","S99999999","S99999999","S12000033","S13002842","S99999999","0","394705","0806258","1","S08000020","S99999999","S92000003","S99999999","0","S14000001","S15000001","S09000001","S22000047","S03000012","S30000026","99ZZ00","S00001616","01C28","S99999999","S01000108","S02000022","1","2A1","S00090677","S01006637","S02001259","S34000046","S03000012","S99999999","S99999999","1","2B1",57.147177,-2.089142,"S99999999","","S23000009",2463,"S99999999","S99999999","","",""
"AB1 2AU","AB1  2AU","AB1 2AU","198001","199606","S99999999","S99999999","S12000033","S13002842","S99999999","0","394610","0806273","1","S08000020","S99999999","S92000003","S99999999","0","S14000001","S15000001","S09000001","S22000047","S03000012","S30000026","99ZZ00","S00001614","01C28","S99999999","S01000107","S02000018","1","2A1","S00090675","S01006589","S02001250","S34003092","S03000012","S99999999","S99999999","1","2B1",57.147311,-2.090712,"S99999999","","S23000009",3415,"S99999999","S99999999","","",""
"AB1 2AW","AB1  2AW","AB1 2AW","198001","199606","S99999999","S99999999","S12000033","S13002842","S99999999","0","394508","0806200","1","S08000020","S99999999","S92000003","S99999999","0","S14000001","S15000001","S09000001","S22000047","S03000012","S30000026","99ZZ00","S00000076","01C28","S99999999","S01000098","S02000018","1","2A1","S00089039","S01006587","S02001250","S34003092","S03000012","S99999999","S99999999","1","2B1",57.146654,-2.092397,"S99999999","","S23000009",1562,"S99999999","S99999999","","",""
"AB1 2AX","AB1  2AX","AB1 2AX","199512","199606","S99999999","S99999999","S12000033","S13002842","S99999999","0","394569","0806319","1","S08000020","S99999999","S92000003","S99999999","0","S14000001","S15000001","S09000001","S22000047","S03000012","S30000026","99ZZ00","S00001614","01C28","S99999999","S01000107","S02000018","1","2A1","S00090674","S01006589","S02001250","S34003122","S03000012","S99999999","S99999999","1","2B1",57.147724,-2.091391,"S99999999","","S23000009",3415,"S99999999","S99999999","","",""
"AB1 2AY","AB1  2AY","AB1 2AY","198001","199606","S99999999","S99999999","S12000033","S13002842","S99999999","0","394713","0806294","1","S08000020","S99999999","S92000003","S99999999","0","S14000001","S15000001","S09000001","S22000047","S03000012","S30000026","99ZZ00","S00001616","01C28","S99999999","S01000108","S02000022","1","2A1","S00090677","S01006637","S02001259","S34000046","S03000012","S99999999","S99999999","1","2B1",57.147501,-2.089011,"S99999999","","S23000009",2463,"S99999999","S99999999","","",""
"AB1 2AZ","AB1  2AZ","AB1 2AZ","198001","199606","S99999999","S99999999","S12000033","S13002842","S99999999","0","394420","0806255","1","S08000020","S99999999","S92000003","S99999999","0","S14000001","S15000001","S09000001","S22000047","S03000012","S30000026","99ZZ00","S00001615","01C28","S99999999","S01000107","S02000018","1","2A1","S00090676","S01006589","S02001250","S34003122","S03000012","S99999999","S99999999","1","2B1",57.147147,-2.093852,"S99999999","","S23000009",3415,"S99999999","S99999999","","",""
"AB1 2BA","AB1  2BA","AB1 2BA","198001","199606","S99999999","S99999999","S12000033","S13002846","S99999999","0","393792","0806003","1","S08000020","S99999999","S92000003","S99999999","0","S14000002","S15000001","S09000001","S22000047","S03000012","S30000026","99ZZ00","S00001527","01C27","S99999999","S01000109","S02000018","1","2A1","S00090579","S01006586","S02001249","S34000033","S03000012","S99999999","S99999999","1","2B1",57.144875,-2.104224,"S99999999","","S23000009",3228,"S99999999","S99999999","","",""
"AB1 2BB","AB1  2BB","AB1 2BB","198001","199606","S99999999","S99999999","S12000033","S13002846","S99999999","0","393874","0806030","1","S08000020","S99999999","S92000003","S99999999","0","S14000002","S15000001","S09000001","S22000047","S03000012","S30000026","99ZZ00","S00001527","01C27","S99999999","S01000109","S02000018","1","2A1","S00090579","S01006586","S02001249","S34000033","S03000012","S99999999","S99999999","1","2B1",57.145119,-2.102870,"S99999999","","S23000009",3228,"S99999999","S99999999","","",""
"AB1 2BD","AB1  2BD","AB1 2BD","198001","199606","S99999999","S99999999","S12000033","S13002842","S99999999","0","394146","0806175","1","S08000020","S99999999","S92000003","S99999999","0","S14000001","S15000001","S09000001","S22000047","S03000012","S30000026","99ZZ00","S00001531","01C28","S99999999","S01000107","S02000018","1","2A1","S00090584","S01006588","S02001250","S34000041","S03000012","S99999999","S99999999","1","2B1",57.146425,-2.098378,"S99999999","","S23000009",3265,"S99999999","S99999999","","",""
"AB1 2BE","AB1  2BE","AB1 2BE","198001","199606","S99999999","S99999999","S12000033","S13002842","S99999999","0","394621","0806190","1","S08000020","S99999999","S92000003","S99999999","0","S14000001","S15000001","S09000001","S22000047","S03000012","S30000026","99ZZ00","S00001616","01C28","S99999999","S01000108","S02000022","1","2A1","S00090678","S01006637","S02001259","S34003092","S03000012","S99999999","S99999999","1","2B1",57.146565,-2.090529,"S99999999","","S23000009",2463,"S99999999","S99999999","","",""
"AB1 2BF","AB1  2BF","AB1 2BF","198208","199606","S99999999","S99999999","S12000033","S13002842","S99999999","0","394566","0806211","1","S08000020","S99999999","S92000003","S99999999","0","S14000001","S15000001","S09000001","S22000047","S03000012","S30000026","99ZZ00","S00001616","01C28","S99999999","S01000108","S02000022","1","2A1","S00090675","S01006589","S02001250","S34003092","S03000012","S99999999","S99999999","1","2B1",57.146753,-2.091438,"S99999999","","S23000009",3415,"S99999999","S99999999","","",""
"AB1 2BG","AB1  2BG","AB1 2BG","198001","199606","S99999999","S99999999","S12000033","S13002842","S99999999","0","393972","0806090","1","S08000020","S99999999","S92000003","S99999999","0","S14000001","S15000001","S09000001","S22000047","S03000012","S30000026","99ZZ00","S00001527","01C27","S99999999","S01000109","S02000018","1","2A1","S00090579","S01006586","S02001249","S34000033","S03000012","S99999999","S99999999","1","2B1",57.145659,-2.101252,"S99999999","","S23000009",3228,"S99999999","S99999999","","",""
"AB1 2BH","AB1  2BH","AB1 2BH","198001","199606","S99999999","S99999999","S12000033","S13002842","S99999999","0","394067","0806140","1","S08000020","S99999999","S92000003","S99999999","0","S14000001","S15000001","S09000001","S22000047","S03000012","S30000026","99ZZ00","S00001531","01C28","S99999999","S01000107","S02000018","1","2A1","S00090584","S01006588","S02001250","S34000042","S03000012","S99999999","S99999999","1","2B1",57.146109,-2.099683,"S99999999","","S23000009",3265,"S99999999","S99999999","","",""
"AB1 2BJ","AB1  2BJ","AB1 2BJ","198001","199606","S99999999","S99999999","S12000033","S13002842","S99999999","0","394257","0806238","1","S08000020","S99999999","S92000003","S99999999","0","S14000001","S15000001","S09000001","S22000047","S03000012","S30000026","99ZZ00","S00001617","01C28","S99999999","S01000107","S02000018","1","2A1","S00090679","S01006588","S02001250","S34003079","S03000012","S99999999","S99999999","1","2B1",57.146992,-2.096545,"S99999999","","S23000009",3265,"S99999999","S99999999","","",""
"AB1 2BL","AB1  2BL","AB1 2BL","198001","199606","S99999999","S99999999","S12000033","S13002842","S99999999","0","394306","0806205","1","S08000020","S99999999","S92000003","S99999999","0","S14000001","S15000001","S09000001","S22000047","S03000012","S30000026","99ZZ00","S00001617","01C28","S99999999","S01000107","S02000018","1","2A1","S00090679","S01006588","S02001250","S34003079","S03000012","S99999999","S99999999","1","2B1",57.146696,-2.095735,"S99999999","","S23000009",3265,"S99999999","S99999999","","",""
"AB1 2BN","AB1  2BN","AB1 2BN","198001","199606","S99999999","S99999999","S12000033","S13002842","S99999999","0","394311","0806264","1","S08000020","S99999999","S92000003","S99999999","0","S14000001","S15000001","S09000001","S22000047","S03000012","S30000026","99ZZ00","S00001617","01C28","S99999999","S01000107","S02000018","1","2A1","S00090679","S01006588","S02001250","S34003079","S03000012","S99999999","S99999999","1","2B1",57.147226,-2.095654,"S99999999","","S23000009",3265,"S99999999","S99999999","","",""
"AB1 2BP","AB1  2BP","AB1 2BP","198001","199606","S99999999","S99999999","S12000033","S13002842","S99999999","0","394342","0806279","1","S08000020","S99999999","S92000003","S99999999","0","S14000001","S15000001","S09000001","S22000047","S03000012","S30000026","99ZZ00","S00001615","01C28","S99999999","S01000107","S02000018","1","2A1","S00090676","S01006589","S02001250","S34003122","S03000012","S99999999","S99999999","1","2B1",57.147361,-2.095142,"S99999999","","S23000009",3415,"S99999999","S99999999","","",""
"AB1 2BQ","AB1  2BQ","AB1 2BQ","198001","199606","S99999999","S99999999","S12000033","S13002846","S99999999","0","393734","0805965","1","S08000020","S99999999","S92000003","S99999999","0","S14000002","S15000001","S09000001","S22000047","S03000012","S30000026","99ZZ00","S00001528","01C27","S99999999","S01000100","S02000018","1","2A1","S00090580","S01006582","S02001249","S34002969","S03000012","S99999999","S99999999","1","2B2",57.144533,-2.105182,"S99999999","","S23000009",3921,"S99999999","S99999999","","",""
"AB1 2BR","AB1  2BR","AB1 2BR","198001","199606","S99999999","S99999999","S12000033","S13002846","S99999999","0","393701","0805941","1","S08000020","S99999999","S92000003","S99999999","0","S14000002","S15000001","S09000001","S22000047","S03000012","S30000026","99ZZ00","S00001528","01C27","S99999999","S01000100","S02000018","1","2A1","S00090580","S01006582","S02001249","S34002969","S03000012","S99999999","S99999999","1","2B2",57.144317,-2.105726,"S99999999","","S23000009",3921,"S99999999","S99999999","","",""
"AB1 2BS","AB1  2BS","AB1 2BS","198001","199606","S99999999","S99999999","S12000033","S13002846","S99999999","0","393617","0805890","1","S08000020","S99999999","S92000003","S99999999","0","S14000002","S15000001","S09000001","S22000047","S03000012","S30000026","99ZZ00","S00001523","01C27","S99999999","S01000100","S02000018","1","2B2","S00090575","S01006582","S02001249","S34000032","S03000012","S99999999","S99999999","1","2C1",57.143857,-2.107113,"S99999999","","S23000009",3921,"S99999999","S99999999","","",""
"AB1 2BT","AB1  2BT","AB1 2BT","198001","199606","S99999999","S99999999","S12000033","S13002846","S99999999","0","393588","0805876","1","S08000020","S99999999","S92000003","S99999999","0","S14000002","S15000001","S09000001","S22000047","S03000012","S30000026","99ZZ00","S00001523","01C27","S99999999","S01000100","S02000018","1","2B2","S00090575","S01006582","S02001249","S34000032","S03000012","S99999999","S99999999","1","2C1",57.143731,-2.107592,"S99999999","","S23000009",3921,"S99999999","S99999999","","",""
"AB1 2BU","AB1  2BU","AB1 2BU","198001","199606","S99999999","S99999999","S12000033","S13002842","S99999999","0","394372","0806298","1","S08000020","S99999999","S92000003","S99999999","0","S14000001","S15000001","S09000001","S22000047","S03000012","S30000026","99ZZ00","S00001615","01C28","S99999999","S01000107","S02000018","1","2A1","S00090676","S01006589","S02001250","S34003122","S03000012","S99999999","S99999999","1","2B1",57.147533,-2.094646,"S99999999","","S23000009",3415,"S99999999","S99999999","","",""
"AB1 2BW","AB1  2BW","AB1 2BW","198001","199606","S99999999","S99999999","S12000033","S13002842","S99999999","0","394368","0806285","1","S08000020","S99999999","S92000003","S99999999","0","S14000001","S15000001","S09000001","S22000047","S03000012","S30000026","99ZZ00","S00001615","01C28","S99999999","S01000107","S02000018","1","2A1","S00090676","S01006589","S02001250","S34003122","S03000012","S99999999","S99999999","1","2B1",57.147416,-2.094712,"S99999999","","S23000009",3415,"S99999999","S99999999","","",""
"AB1 2BX","AB1  2BX","AB1 2BX","198001","199606","S99999999","S99999999","S12000033","S13002846","S99999999","0","393546","0805856","1","S08000020","S99999999","S92000003","S99999999","0","S14000002","S15000001","S09000001","S22000047","S03000012","S30000026","99ZZ00","S00001523","01C27","S99999999","S01000100","S02000018","1","2B2","S00090575","S01006582","S02001249","S34000032","S03000012","S99999999","S99999999","1","2C1",57.143551,-2.108286,"S99999999","","S23000009",3921,"S99999999","S99999999","","",""
"AB1 2BY","AB1  2BY","AB1 2BY","198001","199606","S99999999","S99999999","S12000033","S13002842","S99999999","0","394354","0806274","1","S08000020","S99999999","S92000003","S99999999","0","S14000001","S15000001","S09000001","S22000047","S03000012","S30000026","99ZZ00","S00001615","01C28","S99999999","S01000107","S02000018","1","2A1","S00090676","S01006589","S02001250","S34003122","S03000012","S99999999","S99999999","1","2B1",57.147317,-2.094943,"S99999999","","S23000009",3415,"S99999999","S99999999","","",""
"AB1 2BZ","AB1  2BZ","AB1 2BZ","198001","199606","S99999999","S99999999","S12000033","S13002842","S99999999","0","394306","0806136","1","S08000020","S99999999","S92000003","S99999999","0","S14000001","S15000001","S09000001","S22000047","S03000012","S30000026","99ZZ00","S00001615","01C28","S99999999","S01000107","S02000018","1","2A1","S00090676","S01006589","S02001250","S34003122","S03000012","S99999999","S99999999","1","2B1",57.146076,-2.095733,"S99999999","","S23000009",3415,"S99999999","S99999999","","",""
"AB1 2DA","AB1  2DA","AB1 2DA","198001","199606","S99999999","S99999999","S12000033","S13002846","S99999999","0","393468","0805829","1","S08000020","S99999999","S92000003","S99999999","0","S14000002","S15000001","S09000001","S22000047","S03000012","S30000026","99ZZ00","S00001523","01C27","S99999999","S01000100","S02000018","1","2B2","S00090575","S01006582","S02001249","S34000030","S03000012","S99999999","S99999999","1","2C1",57.143307,-2.109574,"S99999999","","S23000009",3921,"S99999999","S99999999","","",""
"AB1 2DB","AB1  2DB","AB1 2DB","198001","199606","S99999999","S99999999","S12000033","S13002846","S99999999","0","393403","0805798","1","S08000020","S99999999","S92000003","S99999999","0","S14000002","S15000001","S09000001","S22000047","S03000012","S30000026","99ZZ00","S00001523","01C27","S99999999","S01000100","S02000018","1","2B2","S00090575","S01006582","S02001249","S34002995","S03000012","S99999999","S99999999","1","2C1",57.143028,-2.110647,"S99999999","","S23000009",3921,"S99999999","S99999999","","",""
"AB1 2DD","AB1  2DD","AB1 2DD","197308","199606","S99999999","S99999999","S12000033","S13002846","S99999999","0","393793","0805876","1","S08000020","S99999999","S92000003","S99999999","0","S14000002","S15000001","S09000001","S22000047","S03000012","S30000026","99ZZ00","S00001529","01C27","S99999999","S01000100","S02000018","1","5C2","S00090581","S01006582","S02001249","S34003029","S03000012","S99999999","S99999999","1","7B1",57.143734,-2.104204,"S99999999","","S23000009",3921,"S99999999","S99999999","","",""
"AB1 2DE","AB1  2DE","AB1 2DE","198001","199606","S99999999","S99999999","S12000033","S13002846","S99999999","0","393692","0805648","1","S08000020","S99999999","S92000003","S99999999","0","S14000002","S15000001","S09000001","S22000047","S03000012","S30000026","99ZZ00","S00001523","01C27","S99999999","S01000100","S02000018","1","2B2","S00090575","S01006582","S02001249","S34000031","S03000012","S99999999","S99999999","1","2C1",57.141685,-2.105868,"S99999999","","S23000009",3921,"S99999999","S99999999","","",""
"AB1 2DF","AB1  2DF","AB1 2DF","199402","199606","S99999999","S99999999","S12000033","S13002846","S99999999","0","393705","0805688","3","S08000020","S99999999","S92000003","S99999999","0","S14000002","S15000001","S09000001","S22000047","S03000012","S30000026","99ZZ00","S00001523","01C27","S99999999","S01000100","S02000018","1","2B2","S00090575","S01006582","S02001249","S34000029","S03000012","S99999999","S99999999","1","2C1",57.142044,-2.105654,"S99999999","","S23000009",3921,"S99999999","S99999999","","",""
"AB1 2DG","AB1  2DG","AB1 2DG","198001","199512","S99999999","S99999999","S12000033","S13002846","S99999999","0","393690","0805750","8","S08000020","S99999999","S92000003","S99999999","0","S14000002","S15000001","S09000001","S22000047","S03000012","S30000026","99ZZ00","S00001523","01C27","S99999999","S01000100","S02000018","1","2B2","S00090575","S01006582","S02001249","S34000029","S03000012","S99999999","S99999999","1","2C1",57.142601,-2.105903,"S99999999","","S23000009",3921,"S99999999","S99999999","","",""
"AB1 2DH","AB1  2DH","AB1 2DH","198001","199606","S99999999","S99999999","S12000033","S13002846","S99999999","0","393639","0805690","1","S08000020","S99999999","S92000003","S99999999","0","S14000002","S15000001","S09000001","S22000047","S03000012","S30000026","99ZZ00","S00001523","01C27","S99999999","S01000100","S02000018","1","2B2","S00090575","S01006582","S02001249","S34000030","S03000012","S99999999","S99999999","1","2C1",57.142061,-2.106744,"S99999999","","S23000009",3921,"S99999999","S99999999","","",""
"AB1 2DJ","AB1  2DJ","AB1 2DJ","198001","199606","S99999999","S99999999","S12000033","S13002846","S99999999","0","393653","0805760","1","S08000020","S99999999","S92000003","S99999999","0","S14000002","S15000001","S09000001","S22000047","S03000012","S30000026","99ZZ00","S00001523","01C27","S99999999","S01000100","S02000018","1","2B2","S00090575","S01006582","S02001249","S34000029","S03000012","S99999999","S99999999","1","2C1",57.142690,-2.106515,"S99999999","","S23000009",3921,"S99999999","S99999999","","",""
"AB1 2DL","AB1  2DL","AB1 2DL","198001","199606","S99999999","S99999999","S12000033","S13002846","S99999999","0","393577","0805763","1","S08000020","S99999999","S92000003","S99999999","0","S14000002","S15000001","S09000001","S22000047","S03000012","S30000026","99ZZ00","S00001523","01C27","S99999999","S01000100","S02000018","1","2B2","S00090575","S01006582","S02001249","S34000030","S03000012","S99999999","S99999999","1","2C1",57.142716,-2.107771,"S99999999","","S23000009",3921,"S99999999","S99999999","","",""
"AB1 2DN","AB1  2DN","AB1 2DN","198001","199606","S99999999","S99999999","S12000033","S13002846","S99999999","0","393653","0805681","1","S08000020","S99999999","S92000003","S99999999","0","S14000002","S15000001","S09000001","S22000047","S03000012","S30000026","99ZZ00","S00001523","01C27","S99999999","S01000100","S02000018","1","2B2","S00090575","S01006582","S02001249","S34000030","S03000012","S99999999","S99999999","1","2C1",57.141980,-2.106513,"S99999999","","S23000009",3921,"S99999999","S99999999","","",""
"AB1 2DP","AB1  2DP","AB1 2DP","198001","199606","S99999999","S99999999","S12000033","S13002846","S99999999","0","393510","0805831","1","S08000020","S99999999","S92000003","S99999999","0","S14000002","S15000001","S09000001","S22000047","S03000012","S30000026","99ZZ00","S00001523","01C27","S99999999","S01000100","S02000018","1","2B2","S00090575","S01006582","S02001249","S34000030","S03000012","S99999999","S99999999","1","2C1",57.143326,-2.108880,"S99999999","","S23000009",3921,"S99999999","S99999999","","",""
"AB1 2DQ","AB1  2DQ","AB1 2DQ","198001","199606","S99999999","S99999999","S12000033","S13002846","S99999999","0","393782","0805985","1","S08000020","S99999999","S92000003","S99999999","0","S14000002","S15000001","S09000001","S22000047","S03000012","S30000026","99ZZ00","S00001530","01C28","S99999999","S01000098","S02000018","1","2A1","S00090582","S01006587","S02001250","S34003003","S03000012","S99999999","S99999999","1","2B1",57.144713,-2.104389,"S99999999","","S23000009",1562,"S99999999","S99999999","","",""
"AB1 2DR","AB1  2DR","AB1 2DR","198001","199606","S99999999","S99999999","S12000033","S13002846","S99999999","0","393770","0805945","1","S08000020","S99999999","S92000003","S99999999","0","S14000002","S15000001","S09000001","S22000047","S03000012","S30000026","99ZZ00","S00001530","01C28","S99999999","S01000098","S02000018","1","2A1","S00090582","S01006587","S02001250","S34003003","S03000012","S99999999","S99999999","1","2B1",57.144354,-2.104586,"S99999999","","S23000009",1562,"S99999999","S99999999","","",""
"AB1 2DS","AB1  2DS","AB1 2DS","198001","199606","S99999999","S99999999","S12000033","S13002846","S99999999","0","393834","0805766","1","S08000020","S99999999","S92000003","S99999999","0","S14000002","S15000001","S09000001","S22000047","S03000012","S30000026","99ZZ00","S00001520","01C27","S99999999","S01000098","S02000018","1","2A1","S00090571","S01006590","S02001250","S34003029","S03000012","S99999999","S99999999","1","2A3",57.142747,-2.103524,"S99999999","","S23000009",2720,"S99999999","S99999999","","",""
"AB1 2DT","AB1  2DT","AB1 2DT","198001","199606","S99999999","S99999999","S12000033","S13002846","S99999999","0","393692","0805934","1","S08000020","S99999999","S92000003","S99999999","0","S14000002","S15000001","S09000001","S22000047","S03000012","S30000026","99ZZ00","S00001528","01C27","S99999999","S01000100","S02000018","1","2A1","S00090580","S01006582","S02001249","S34002969","S03000012","S99999999","S99999999","1","2B2",57.144254,-2.105875,"S99999999","","S23000009",3921,"S99999999","S99999999","","",""
"AB1 2DU","AB1  2DU","AB1 2DU","198001","199606","S99999999","S99999999","S12000033","S13002846","S99999999","0","393546","0805714","1","S08000020","S99999999","S92000003","S99999999","0","S14000002","S15000001","S09000001","S22000047","S03000012","S30000026","99ZZ00","S00001524","01C27","S99999999","S01000100","S02000018","1","2B2","S00090576","S01006582","S02001249","S34002995","S03000012","S99999999","S99999999","1","2C1",57.142275,-2.108282,"S99999999","","S23000009",3921,"S99999999","S99999999","","",""
"AB1 2DW","AB1  2DW","AB1 2DW","198001","199606","S99999999","S99999999","S12000033","S13002846","S99999999","0","393569","0805758","8","S08000020","S99999999","S92000003","S99999999","0","S14000002","S15000001","S09000001","S22000047","S03000012","S30000026","99ZZ00","S00001523","01C27","S99999999","S01000100","S02000018","1","2B2","S00090575","S01006582","S02001249","S34000030","S03000012","S99999999","S99999999","1","2C1",57.142671,-2.107903,"S99999999","","S23000009",3921,"S99999999","S99999999","","",""
"AB1 2DX","AB1  2DX","AB1 2DX","198001","199606","S99999999","S99999999","S12000033","S13002846","S99999999","0","393713","0805624","6","S08000020","S99999999","S92000003","S99999999","0","S14000002","S15000001","S09000001","S22000047","S03000012","S30000026","99ZZ00","S00001523","01C27","S99999999","S01000100","S02000018","1","2B2","S00090575","S01006582","S02001249","S34000031","S03000012","S99999999","S99999999","1","2C1",57.141469,-2.105520,"S99999999","","S23000009",3921,"S99999999","S99999999","","",""
"AB1 2DY","AB1  2DY","AB1 2DY","198001","199606","S99999999","S99999999","S12000033","S13002846","S99999999","0","393843","0805847","1","S08000020","S99999999","S92000003","S99999999","0","S14000002","S15000001","S09000001","S22000047","S03000012","S30000026","99ZZ00","S00001520","01C27","S99999999","S01000098","S02000018","1","2A1","S00090570","S01006590","S02001250","S34003029","S03000012","S99999999","S99999999","1","2B2",57.143474,-2.103377,"S99999999","","S23000009",2720,"S99999999","S99999999","","",""
"AB1 2DZ","AB1  2DZ","AB1 2DZ","198001","199606","S99999999","S99999999","S12000033","S13002846","S99999999","0","393883","0805833","1","S08000020","S99999999","S92000003","S99999999","0","S14000002","S15000001","S09000001","S22000047","S03000012","S30000026","99ZZ00","S00001522","01C27","S99999999","S01000098","S02000018","1","2A1","S00090573","S01006590","S02001250","S34003029","S03000012","S99999999","S99999999","1","2B1",57.143349,-2.102716,"S99999999","","S23000009",2720,"S99999999","S99999999","","",""
"AB1 2EA","AB1  2EA","AB1 2EA","198001","199606","S99999999","S99999999","S12000033","S13002846","S99999999","0","393705","0805867","1","S08000020","S99999999","S92000003","S99999999","0","S14000002","S15000001","S09000001","S22000047","S03000012","S30000026","99ZZ00","S00001528","01C27","S99999999","S01000100","S02000018","1","2A1","S00090580","S01006582","S02001249","S34002969","S03000012","S99999999","S99999999","1","2B2",57.143652,-2.105658,"S99999999","","S23000009",3921,"S99999999","S99999999","","",""
"AB1 2EB","AB1  2EB","AB1 2EB","198001","199606","S99999999","S99999999","S12000033","S13002846","S99999999","0","393737","0805774","1","S08000020","S99999999","S92000003","S99999999","0","S14000002","S15000001","S09000001","S22000047","S03000012","S30000026","99ZZ00","S00000075","01C27","S99999999","S01000100","S02000018","1","2A1","S00089037","S01006582","S02001249","S34002969","S03000012","S99999999","S99999999","1","2B1",57.142817,-2.105127,"S99999999","","S23000009",3921,"S99999999","S99999999","","",""
"AB1 2ED","AB1  2ED","AB1 2ED","198001","199606","S99999999","S99999999","S12000033","S13002846","S99999999","0","393763","0805695","1","S08000020","S99999999","S92000003","S99999999","0","S14000002","S15000001","S09000001","S22000047","S03000012","S30000026","99ZZ00","S00001521","01C27","S99999999","S01000100","S02000018","1","2B2","S00090572","S01006582","S02001249","S34002969","S03000012","S99999999","S99999999","1","2C1",57.142108,-2.104696,"S99999999","","S23000009",3921,"S99999999","S99999999","","",""
"AB1 2EE","AB1  2EE","AB1 2EE","198001","199606","S99999999","S99999999","S12000033","S13002846","S99999999","0","393867","0805750","1","S08000020","S99999999","S92000003","S99999999","0","S14000002","S15000001","S09000001","S22000047","S03000012","S30000026","99ZZ00","S00001520","01C27","S99999999","S01000098","S02000018","1","2A1","S00090571","S01006590","S02001250","S34003029","S03000012","S99999999","S99999999","1","2A3",57.142603,-2.102978,"S99999999","","S23000009",2720,"S99999999","S99999999","","",""
"AB1 2EF","AB1  2EF","AB1 2EF","198001","199606","S99999999","S99999999","S12000033","S13002846","S99999999","0","393894","0805666","1","S08000020","S99999999","S92000003","S99999999","0","S14000002","S15000001","S09000001","S22000047","S03000012","S30000026","99ZZ00","S00000072","01C27","S99999999","S01000098","S02000018","1","2A1","S00089034","S01006590","S02001250","S34002969","S03000012","S99999999","S99999999","1","2D1",57.141849,-2.102530,"S99999999","","S23000009",2720,"S99999999","S99999999","","",""
"AB1 2EG","AB1  2EG","AB1 2EG","198001","199606","S99999999","S99999999","S12000033","S13002846","S99999999","0","393833","0805674","1","S08000020","S99999999","S92000003","S99999999","0","S14000002","S15000001","S09000001","S22000047","S03000012","S30000026","99ZZ00","S00000072","01C27","S99999999","S01000098","S02000018","1","2A1","S00089034","S01006590","S02001250","S34002969","S03000012","S99999999","S99999999","1","2D1",57.141920,-2.103538,"S99999999","","S23000009",2720,"S99999999","S99999999","","",""
"AB1 2EH","AB1  2EH","AB1 2EH","198001","199606","S99999999","S99999999","S12000033","S13002846","S99999999","0","393792","0805608","1","S08000020","S99999999","S92000003","S99999999","0","S14000002","S15000001","S09000001","S22000047","S03000012","S30000026","99ZZ00","S00000069","01C27","S99999999","S01000098","S02000018","1","2B2","S00089032","S01006590","S02001250","S34002969","S03000012","S99999999","S99999999","1","2C1",57.141327,-2.104214,"S99999999","","S23000009",2720,"S99999999","S99999999","","",""
"AB1 2EJ","AB1  2EJ","AB1 2EJ","198001","199606","S99999999","S99999999","S12000033","S13002846","S99999999","0","393777","0805581","1","S08000020","S99999999","S92000003","S99999999","0","S14000002","S15000001","S09000001","S22000047","S03000012","S30000026","99ZZ00","S00001523","01C27","S99999999","S01000100","S02000018","1","2B2","S00090575","S01006582","S02001249","S34000031","S03000012","S99999999","S99999999","1","2C1",57.141084,-2.104461,"S99999999","","S23000009",3921,"S99999999","S99999999","","",""
"AB1 2EL","AB1  2EL","AB1 2EL","198001","199606","S99999999","S99999999","S12000033","S13002846","S99999999","0","393717","0805745","1","S08000020","S99999999","S92000003","S99999999","0","S14000002","S15000001","S09000001","S22000047","S03000012","S30000026","99ZZ00","S00001523","01C27","S99999999","S01000100","S02000018","1","2B2","S00090575","S01006582","S02001249","S34000029","S03000012","S99999999","S99999999","1","2C1",57.142556,-2.105457,"S99999999","","S23000009",3921,"S99999999","S99999999","","",""
"AB1 2EN","AB1  2EN","AB1 2EN","198001","199606","S99999999","S99999999","S12000033","S13002846","S99999999","0","393551","0805802","1","S08000020","S99999999","S92000003","S99999999","0","S14000002","S15000001","S09000001","S22000047","S03000012","S30000026","99ZZ00","S00001523","01C27","S99999999","S01000100","S02000018","1","2B2","S00090575","S01006582","S02001249","S34000030","S03000012","S99999999","S99999999","1","2C1",57.143066,-2.108201,"S99999999","","S23000009",3921,"S99999999","S99999999","","",""
"AB1 2EP","AB1  2EP","AB1 2EP","198001","199606","S99999999","S99999999","S12000033","S13002846","S99999999","0","393361","0805727","1","S08000020","S99999999","S92000003","S99999999","0","S14000002","S15000001","S09000001","S22000047","S03000012","S30000026","99ZZ00","S00000242","01C27","S99999999","S01000101","S02000019","1","2A1","S00089212","S01006571","S02001247","S34003058","S03000012","S99999999","S99999999","1","2B1",57.142389,-2.111339,"S99999999","","S23000009",6414,"S99999999","S99999999","","",""
"AB1 2EQ","AB1  2EQ","AB1 2EQ","198001","199606","S99999999","S99999999","S12000033","S13002846","S99999999","0","393410","0805680","8","S08000020","S99999999","S92000003","S99999999","0","S14000002","S15000001","S09000001","S22000047","S03000012","S30000026","99ZZ00","S00001523","01C27","S99999999","S01000100","S02000018","1","2B2","S00090575","S01006582","S02001249","S34002995","S03000012","S99999999","S99999999","1","2C1",57.141968,-2.110528,"S99999999","","S23000009",3921,"S99999999","S99999999","","",""
"AB1 2ER","AB1  2ER","AB1 2ER","198001","199606","S99999999","S99999999","S12000033","S13002846","S99999999","0","393305","0805560","1","S08000020","S99999999","S92000003","S99999999","0","S14000002","S15000001","S09000001","S22000047","S03000012","S30000026","99ZZ00","S00001515","01C27","S99999999","S01000094","S02000018","1","2A1","S00090565","S01006583","S02001249","S34003095","S03000012","S99999999","S99999999","1","2B1",57.140888,-2.112260,"S99999999","","S23000009",5250,"S99999999","S99999999","","",""
"AB1 2ES","AB1  2ES","AB1 2ES","198001","199606","S99999999","S99999999","S12000033","S13002846","S99999999","0","393539","0805552","1","S08000020","S99999999","S92000003","S99999999","0","S14000002","S15000001","S09000001","S22000047","S03000012","S30000026","99ZZ00","S00001513","01C27","S99999999","S01000094","S02000018","1","2A1","S00090563","S01006583","S02001249","S34002995","S03000012","S99999999","S99999999","1","2C2",57.140820,-2.108393,"S99999999","","S23000009",5250,"S99999999","S99999999","","",""
"AB1 2ET","AB1  2ET","AB1 2ET","198001","199606","S99999999","S99999999","S12000033","S13002846","S99999999","0","393899","0805846","1","S08000020","S99999999","S92000003","S99999999","0","S14000002","S15000001","S09000001","S22000047","S03000012","S30000026","99ZZ00","S00001522","01C27","S99999999","S01000098","S02000018","1","2A1","S00090573","S01006590","S02001250","S34003029","S03000012","S99999999","S99999999","1","2B1",57.143466,-2.102452,"S99999999","","S23000009",2720,"S99999999","S99999999","","",""
"AB1 2EU","AB1  2EU","AB1 2EU","198001","199606","S99999999","S99999999","S12000033","S13002846","S99999999","0","393797","0805796","1","S08000020","S99999999","S92000003","S99999999","0","S14000002","S15000001","S09000001","S22000047","S03000012","S30000026","99ZZ00","S00001520","01C27","S99999999","S01000098","S02000018","1","2A1","S00090571","S01006590","S02001250","S34003029","S03000012","S99999999","S99999999","1","2A3",57.143016,-2.104136,"S99999999","","S23000009",2720,"S99999999","S99999999","","",""
"AB1 2EW","AB1  2EW","AB1 2EW","198001","199606","S99999999","S99999999","S12000033","S13002846","S99999999","0","393798","0805732","1","S08000020","S99999999","S92000003","S99999999","0","S14000002","S15000001","S09000001","S22000047","S03000012","S30000026","99ZZ00","S00001521","01C27","S99999999","S01000100","S02000018","1","2B2","S00090572","S01006582","S02001249","S34002969","S03000012","S99999999","S99999999","1","2C1",57.142441,-2.104118,"S99999999","","S23000009",3921,"S99999999","S99999999","","",""
"AB1 2EX","AB1  2EX","AB1 2EX","198001","199606","S99999999","S99999999","S12000033","S13002846","S99999999","0","393921","0805867","1","S08000020","S99999999","S92000003","S99999999","0","S14000002","S15000001","S09000001","S22000047","S03000012","S30000026","99ZZ00","S00001522","01C27","S99999999","S01000098","S02000018","1","2A1","S00090573","S01006590","S02001250","S34003029","S03000012","S99999999","S99999999","1","2B1",57.143655,-2.102089,"S99999999","","S23000009",2720,"S99999999","S99999999","","",""
"AB1 2EY","AB1  2EY","AB1 2EY","198001","199512","S99999999","S99999999","S12000033","S13002846","S99999999","0","393770","0805860","8","S08000020","S99999999","S92000003","S99999999","0","S14000002","S15000001","S09000001","S22000047","S03000012","S30000026","99ZZ00","S00001529","01C27","S99999999","S01000100","S02000018","1","5C2","S00090581","S01006582","S02001249","S34003029","S03000012","S99999999","S99999999","1","7B1",57.143590,-2.104584,"S99999999","","S23000009",3921,"S99999999","S99999999","","",""
"AB1 2EZ","AB1  2EZ","AB1 2EZ","199308","199606","S99999999","S99999999","S12000033","S13002846","S99999999","0","393795","0805814","1","S08000020","S99999999","S92000003","S99999999","0","S14000002","S15000001","S09000001","S22000047","S03000012","S30000026","99ZZ00","S00001521","01C27","S99999999","S01000100","S02000018","1","2B2","S00090572","S01006582","S02001249","S34002969","S03000012","S99999999","S99999999","1","2C1",57.143177,-2.104170,"S99999999","","S23000009",3921,"S99999999","S99999999","","",""
"AB1 2FA","AB1  2FA","AB1 2FA","199410","199606","S99999999","S99999999","S12000033","S13002842","S99999999","0","393961","0806016","1","S08000020","S99999999","S92000003","S99999999","0","S14000001","S15000001","S09000001","S22000047","S03000012","S30000026","99ZZ00","S00001527","01C27","S99999999","S01000109","S02000018","1","2A1","S00090579","S01006586","S02001249","S34000033","S03000012","S99999999","S99999999","1","2B1",57.144994,-2.101432,"S99999999","","S23000009",3228,"S99999999","S99999999","","",""
"AB1 2FB","AB1  2FB","AB1 2FB","197308","199201","S99999999","S99999999","S12000033","S13002842","S99999999","0","394730","0806270","8","S08000020","S99999999","S92000003","S99999999","0","S14000001","S15000001","S09000001","S22000047","S03000012","S30000026","99ZZ00","S00001616","01C28","S99999999","S01000108","S02000022","1","2A1","S00090677","S01006637","S02001259","S34000046","S03000012","S99999999","S99999999","1","2B1",57.147285,-2.088729,"S99999999","","S23000009",2463,"S99999999","S99999999","","",""
"AB1 2FD","AB1  2FD","AB1 2FD","198001","199606","S99999999","S99999999","S12000033","S13002846","S99999999","0","394072","0805840","1","S08000020","S99999999","S92000003","S99999999","0","S14000001","S15000001","S09000001","S22000047","S03000012","S30000026","99ZZ00","S00000073","01C27","S99999999","S01000098","S02000018","1","2A2","S00089035","S01006587","S02001250","S34003111","S03000012","S99999999","S99999999","1","2C2",57.143414,-2.099593,"S99999999","","S23000009",1562,"S99999999","S99999999","","",""
"AB1 2FF","AB1  2FF","AB1 2FF","198904","199606","S99999999","S99999999","S12000033","S13002846","S99999999","0","393896","0805692","1","S08000020","S99999999","S92000003","S99999999","0","S14000002","S15000001","S09000001","S22000047","S03000012","S30000026","99ZZ00","S00001522","01C27","S99999999","S01000098","S02000018","1","2A1","S00090574","S01006590","S02001250","S34003029","S03000012","S99999999","S99999999","1","2C3",57.142083,-2.102498,"S99999999","","S23000009",2720,"S99999999","S99999999","","",""
"AB1 2FG","AB1  2FG","AB1 2FG","198610","199606","S99999999","S99999999","S12000033","S13002846","S99999999","0","393784","0805790","1","S08000020","S99999999","S92000003","S99999999","0","S14000002","S15000001","S09000001","S22000047","S03000012","S30000026","99ZZ00","S00000075","01C27","S99999999","S01000100","S02000018","1","2A1","S00089037","S01006582","S02001249","S34002969","S03000012","S99999999","S99999999","1","2B1",57.142961,-2.104351,"S99999999","","S23000009",3921,"S99999999","S99999999","","",""
"AB1 2FH","AB1  2FH","AB1 2FH","199009","199512","S99999999","S99999999","S12000033","S13002846","S99999999","0","393780","0805730","8","S08000020","S99999999","S92000003","S99999999","0","S14000002","S15000001","S09000001","S22000047","S03000012","S30000026","99ZZ00","S00001521","01C27","S99999999","S01000100","S02000018","1","2B2","S00090572","S01006582","S02001249","S34002969","S03000012","S99999999","S99999999","1","2C1",57.142422,-2.104416,"S99999999","","S23000009",3921,"S99999999","S99999999","","",""
"AB1 2FJ","AB1  2FJ","AB1 2FJ","199201","199606","S99999999","S99999999","S12000033","S13002846","S99999999","0","393529","0805578","1","S08000020","S99999999","S92000003","S99999999","0","S14000002","S15000001","S09000001","S22000047","S03000012","S30000026","99ZZ00","S00001525","01C27","S99999999","S01000100","S02000018","1","2A1","S00090577","S01006582","S02001249","S34002995","S03000012","S99999999","S99999999","1","2B1",57.141053,-2.108559,"S99999999","","S23000009",3921,"S99999999","S99999999","","",""
"AB1 2FL","AB1  2FL","AB1 2FL","199302","199606","S99999999","S99999999","S12000033","S13002846","S99999999","0","393546","0805409","1","S08000020","S99999999","S92000003","S99999999","0","S14000002","S15000001","S09000001","S22000047","S03000012","S30000026","99ZZ00","S00001508","01C38","S99999999","S01000088","S02000016","1","2A1","S00090557","S01006595","S02001251","S34002995","S03000012","S99999999","S99999999","1","2B1",57.139536,-2.108274,"S99999999","","S23000009",6116,"S99999999","S99999999","","",""
"AB1 2FN","AB1  2FN","AB1 2FN","199302","199606","S99999999","S99999999","S12000033","S13002846","S99999999","0","393439","0805579","1","S08000020","S99999999","S92000003","S99999999","0","S14000002","S15000001","S09000001","S22000047","S03000012","S30000026","99ZZ00","S00001516","01C27","S99999999","S01000094","S02000018","1","2A1","S00090567","S01006583","S02001249","S34002995","S03000012","S99999999","S99999999","1","2B1",57.141061,-2.110046,"S99999999","","S23000009",5250,"S99999999","S99999999","","",""
"AB1 2FP","AB1  2FP","AB1 2FP","199302","199606","S99999999","S99999999","S12000033","S13002846","S99999999","0","393379","0805575","1","S08000020","S99999999","S92000003","S99999999","0","S14000002","S15000001","S09000001","S22000047","S03000012","S30000026","99ZZ00","S00001514","01C27","S99999999","S01000094","S02000018","1","2A1","S00090564","S01006583","S02001249","S34003095","S03000012","S99999999","S99999999","1","2B1",57.141024,-2.111038,"S99999999","","S23000009",5250,"S99999999","S99999999","","",""
"AB1 2FR","AB1  2FR","AB1 2FR","199410","199606","S99999999","S99999999","S12000033","S13002846","S99999999","0","393321","0805547","1","S08000020","S99999999","S92000003","S99999999","0","S14000002","S15000001","S09000001","S22000047","S03000012","S30000026","99ZZ00","S00001515","01C27","S99999999","S01000094","S02000018","1","2A1","S00090566","S01006583","S02001249","S34003095","S03000012","S99999999","S99999999","1","2B1",57.140772,-2.111995,"S99999999","","S23000009",5250,"S99999999","S99999999","","",""
"AB1 2HA","AB1  2HA","AB1 2HA","198001","199606","S99999999","S99999999","S12000033","S13002846","S99999999","0","393865","0805966","1","S08000020","S99999999","S92000003","S99999999","0","S14000002","S15000001","S09000001","S22000047","S03000012","S30000026","99ZZ00","S00001530","01C28","S99999999","S01000098","S02000018","1","2A1","S00090582","S01006587","S02001250","S34003003","S03000012","S99999999","S99999999","1","2B1",57.144544,-2.103017,"S99999999","","S23000009",1562,"S99999999","S99999999","","",""
"AB1 2HB","AB1  2HB","AB1 2HB","198001","199606","S99999999","S99999999","S12000033","S13002846","S99999999","0","393814","0805978","1","S08000020","S99999999","S92000003","S99999999","0","S14000002","S15000001","S09000001","S22000047","S03000012","S30000026","99ZZ00","S00001530","01C28","S99999999","S01000098","S02000018","1","2A1","S00090582","S01006587","S02001250","S34003003","S03000012","S99999999","S99999999","1","2B1",57.144651,-2.103860,"S99999999","","S23000009",1562,"S99999999","S99999999","","",""
"AB1 2HD","AB1  2HD","AB1 2HD","198001","199606","S99999999","S99999999","S12000033","S13002846","S99999999","0","393997","0805873","1","S08000020","S99999999","S92000003","S99999999","0","S14000002","S15000001","S09000001","S22000047","S03000012","S30000026","99ZZ00","S00000073","01C27","S99999999","S01000098","S02000018","1","2A2","S00089035","S01006587","S02001250","S34003111","S03000012","S99999999","S99999999","1","2C2",57.143710,-2.100833,"S99999999","","S23000009",1562,"S99999999","S99999999","","",""
"AB1 2HE","AB1  2HE","AB1 2HE","198001","199606","S99999999","S99999999","S12000033","S13002846","S99999999","0","393955","0805910","1","S08000020","S99999999","S92000003","S99999999","0","S14000002","S15000001","S09000001","S22000047","S03000012","S30000026","99ZZ00","S00001522","01C27","S99999999","S01000098","S02000018","1","2A1","S00090573","S01006590","S02001250","S34003029","S03000012","S99999999","S99999999","1","2B1",57.144042,-2.101528,"S99999999","","S23000009",2720,"S99999999","S99999999","","",""
"AB1 2HF","AB1  2HF","AB1 2HF","199111","199606","S99999999","S99999999","S12000033","S13002846","S99999999","0","393944","0805911","1","S08000020","S99999999","S92000003","S99999999","0","S14000002","S15000001","S09000001","S22000047","S03000012","S30000026","99ZZ00","S00001522","01C27","S99999999","S01000098","S02000018","1","2A1","S00090573","S01006590","S02001250","S34003029","S03000012","S99999999","S99999999","1","2B1",57.144051,-2.101710,"S99999999","","S23000009",2720,"S99999999","S99999999","","",""
"AB1 2HG","AB1  2HG","AB1 2HG","198001","199606","S99999999","S99999999","S12000033","S13002846","S99999999","0","393972","0805833","1","S08000020","S99999999","S92000003","S99999999","0","S14000002","S15000001","S09000001","S22000047","S03000012","S30000026","99ZZ00","S00000074","01C27","S99999999","S01000098","S02000018","1","2A1","S00089036","S01006590","S02001250","S34003111","S03000012","S99999999","S99999999","1","2B1",57.143350,-2.101245,"S99999999","","S23000009",2720,"S99999999","S99999999","","",""
"AB1 2HH","AB1  2HH","AB1 2HH","198001","199606","S99999999","S99999999","S12000033","S13002846","S99999999","0","393942","0805809","1","S08000020","S99999999","S92000003","S99999999","0","S14000002","S15000001","S09000001","S22000047","S03000012","S30000026","99ZZ00","S00001522","01C27","S99999999","S01000098","S02000018","1","2A1","S00090574","S01006590","S02001250","S34003029","S03000012","S99999999","S99999999","1","2C3",57.143134,-2.101741,"S99999999","","S23000009",2720,"S99999999","S99999999","","",""
"AB1 2HJ","AB1  2HJ","AB1 2HJ","198001","199606","S99999999","S99999999","S12000033","S13002846","S99999999","0","393928","0805756","1","S08000020","S99999999","S92000003","S99999999","0","S14000002","S15000001","S09000001","S22000047","S03000012","S30000026","99ZZ00","S00001522","01C27","S99999999","S01000098","S02000018","1","2A1","S00090574","S01006590","S02001250","S34003029","S03000012","S99999999","S99999999","1","2C3",57.142658,-2.101971,"S99999999","","S23000009",2720,"S99999999","S99999999","","",""
"AB1 2HL","AB1  2HL","AB1 2HL","198001","199606","S99999999","S99999999","S12000033","S13002846","S99999999","0","393997","0805766","1","S08000020","S99999999","S92000003","S99999999","0","S14000002","S15000001","S09000001","S22000047","S03000012","S30000026","99ZZ00","S00000074","01C27","S99999999","S01000098","S02000018","1","2A1","S00089036","S01006590","S02001250","S34003111","S03000012","S99999999","S99999999","1","2B1",57.142749,-2.100831,"S99999999","","S23000009",2720,"S99999999","S99999999","","",""
"AB1 2HN","AB1  2HN","AB1 2HN","198001","199606","S99999999","S99999999","S12000033","S13002846","S99999999","0","393965","0805731","1","S08000020","S99999999","S92000003","S99999999","0","S14000002","S15000001","S09000001","S22000047","S03000012","S30000026","99ZZ00","S00000074","01C27","S99999999","S01000098","S02000018","1","2A1","S00089036","S01006590","S02001250","S34003111","S03000012","S99999999","S99999999","1","2B1",57.142434,-2.101359,"S99999999","","S23000009",2720,"S99999999","S99999999","","",""
"AB1 2HP","AB1  2HP","AB1 2HP","198001","199606","S99999999","S99999999","S12000033","S13002846","S99999999","0","393985","0805657","1","S08000020","S99999999","S92000003","S99999999","0","S14000002","S15000001","S09000001","S22000047","S03000012","S30000026","99ZZ00","S00000071","01C27","S99999999","S01000098","S02000018","1","2A1","S00089033","S01006590","S02001250","S34002969","S03000012","S99999999","S99999999","1","2C2",57.141769,-2.101026,"S99999999","","S23000009",2720,"S99999999","S99999999","","",""
"AB1 2HQ","AB1  2HQ","AB1 2HQ","198001","199606","S99999999","S99999999","S12000033","S13002846","S99999999","0","393952","0805667","1","S08000020","S99999999","S92000003","S99999999","0","S14000002","S15000001","S09000001","S22000047","S03000012","S30000026","99ZZ00","S00000071","01C27","S99999999","S01000098","S02000018","1","2A1","S00089033","S01006590","S02001250","S34002969","S03000012","S99999999","S99999999","1","2C2",57.141859,-2.101572,"S99999999","","S23000009",2720,"S99999999","S99999999","","",""
"AB1 2HR","AB1  2HR","AB1 2HR","198001","199606","S99999999","S99999999","S12000033","S13002846","S99999999","0","393998","0805602","1","S08000020","S99999999","S92000003","S99999999","0","S14000002","S15000001","S09000001","S22000047","S03000012","S30000026","99ZZ00","S00000051","01C27","S99999999","S01000098","S02000018","1","2A2","S00089011","S01006587","S02001250","S34002969","S03000012","S99999999","S99999999","1","2B1",57.141276,-2.100810,"S99999999","","S23000009",1562,"S99999999","S99999999","","",""
"AB1 2HS","AB1  2HS","AB1 2HS","198001","199606","S99999999","S99999999","S12000033","S13002846","S99999999","0","393972","0805589","1","S08000020","S99999999","S92000003","S99999999","0","S14000002","S15000001","S09000001","S22000047","S03000012","S30000026","99ZZ00","S00000051","01C27","S99999999","S01000098","S02000018","1","2A2","S00089011","S01006587","S02001250","S34002969","S03000012","S99999999","S99999999","1","2B1",57.141158,-2.101239,"S99999999","","S23000009",1562,"S99999999","S99999999","","",""
"AB1 2HT","AB1  2HT","AB1 2HT","198001","199606","S99999999","S99999999","S12000033","S13002846","S99999999","0","394015","0805543","1","S08000020","S99999999","S92000003","S99999999","0","S14000002","S15000001","S09000001","S22000047","S03000012","S30000026","99ZZ00","S00001325","01C38","S99999999","S01000093","S02000016","1","2A1","S00090359","S01006591","S02001251","S34002969","S03000012","S99999999","S99999999","1","2A3",57.140746,-2.100528,"S99999999","","S23000009",4598,"S99999999","S99999999","","",""
"AB1 2HU","AB1  2HU","AB1 2HU","198001","199606","S99999999","S99999999","S12000033","S13002846","S99999999","0","393859","0805986","1","S08000020","S99999999","S92000003","S99999999","0","S14000002","S15000001","S09000001","S22000047","S03000012","S30000026","99ZZ00","S00001527","01C27","S99999999","S01000109","S02000018","1","2A1","S00090579","S01006586","S02001249","S34000033","S03000012","S99999999","S99999999","1","2B1",57.144723,-2.103117,"S99999999","","S23000009",3228,"S99999999","S99999999","","",""
"AB1 2HW","AB1  2HW","AB1 2HW","197308","198011","S99999999","S99999999","S12000033","S13002846","S99999999","0","393850","0806000","8","S08000020","S99999999","S92000003","S99999999","0","S14000002","S15000001","S09000001","S22000047","S03000012","S30000026","99ZZ00","S00001527","01C27","S99999999","S01000109","S02000018","1","2A1","S00090579","S01006586","S02001249","S34000033","S03000012","S99999999","S99999999","1","2B1",57.144849,-2.103266,"S99999999","","S23000009",3228,"S99999999","S99999999","","",""
"AB1 2HX","AB1  2HX","AB1 2HX","198001","199606","S99999999","S99999999","S12000033","S13002846","S99999999","0","393982","0805540","1","S08000020","S99999999","S92000003","S99999999","0","S14000002","S15000001","S09000001","S22000047","S03000012","S30000026","99ZZ00","S00001325","01C38","S99999999","S01000093","S02000016","1","2A1","S00090359","S01006591","S02001251","S34002969","S03000012","S99999999","S99999999","1","2A3",57.140718,-2.101073,"S99999999","","S23000009",4598,"S99999999","S99999999","","",""
"AB1 2HY","AB1  2HY","AB1 2HY","198001","199606","S99999999","S99999999","S12000033","S13002846","S99999999","0","393936","0806002","1","S08000020","S99999999","S92000003","S99999999","0","S14000002","S15000001","S09000001","S22000047","S03000012","S30000026","99ZZ00","S00001527","01C27","S99999999","S01000109","S02000018","1","2A1","S00090579","S01006586","S02001249","S34000033","S03000012","S99999999","S99999999","1","2B1",57.144868,-2.101845,"S99999999","","S23000009",3228,"S99999999","S99999999","","",""
"AB1 2HZ","AB1  2HZ","AB1 2HZ","198001","199606","S99999999","S99999999","S12000033","S13002846","S99999999","0","393942","0805958","1","S08000020","S99999999","S92000003","S99999999","0","S14000002","S15000001","S09000001","S22000047","S03000012","S30000026","99ZZ00","S00001530","01C28","S99999999","S01000098","S02000018","1","2A1","S00090582","S01006587","S02001250","S34000034","S03000012","S99999999","S99999999","1","2B1",57.144473,-2.101744,"S99999999","","S23000009",1562,"S99999999","S99999999","","",""
"AB1 2JA","AB1  2JA","AB1 2JA","198001","199606","S99999999","S99999999","S12000033","S13002846","S99999999","0","394020","0805461","1","S08000020","S99999999","S92000003","S99999999","0","S14000002","S15000001","S09000001","S22000047","S03000012","S30000026","99ZZ00","S00001504","01C38","S99999999","S01000093","S02000016","1","2A1","S00090552","S01006591","S02001251","S34003078","S03000012","S99999999","S99999999","1","2B1",57.140009,-2.100443,"S99999999","","S23000009",4598,"S99999999","S99999999","","",""
"AB1 2JB","AB1  2JB","AB1 2JB","198001","199606","S99999999","S99999999","S12000033","S13002846","S99999999","0","393986","0805477","1","S08000020","S99999999","S92000003","S99999999","0","S14000002","S15000001","S09000001","S22000047","S03000012","S30000026","99ZZ00","S00001504","01C38","S99999999","S01000093","S02000016","1","2A1","S00090552","S01006591","S02001251","S34003078","S03000012","S99999999","S99999999","1","2B1",57.140152,-2.101005,"S99999999","","S23000009",4598,"S99999999","S99999999","","",""
"AB1 2JD","AB1  2JD","AB1 2JD","198001","199606","S99999999","S99999999","S12000033","S13002846","S99999999","0","393986","0805403","1","S08000020","S99999999","S92000003","S99999999","0","S14000002","S15000001","S09000001","S22000047","S03000012","S30000026","99ZZ00","S00000052","01C38","S99999999","S01000079","S02000016","1","2A1","S00089012","S01006593","S02001251","S34003078","S03000012","S99999999","S99999999","1","2C1",57.139488,-2.101004,"S99999999","","S23000009",6609,"S99999999","S99999999","","",""
"AB1 2JE","AB1  2JE","AB1 2JE","199302","199606","S99999999","S99999999","S12000033","S13002846","S99999999","0","394015","0805699","1","S08000020","S99999999","S92000003","S99999999","0","S14000002","S15000001","S09000001","S22000047","S03000012","S30000026","99ZZ00","S00000074","01C27","S99999999","S01000098","S02000018","1","2A1","S00089011","S01006587","S02001250","S34002969","S03000012","S99999999","S99999999","1","2B1",57.142147,-2.100532,"S99999999","","S23000009",1562,"S99999999","S99999999","","",""
"AB1 2JF","AB1  2JF","AB1 2JF","198001","199606","S99999999","S99999999","S12000033","S13002846","S99999999","0","394063","0805701","1","S08000020","S99999999","S92000003","S99999999","0","S14000002","S15000001","S09000001","S22000047","S03000012","S30000026","99ZZ00","S00000073","01C27","S99999999","S01000098","S02000018","1","2A2","S00089035","S01006587","S02001250","S34003111","S03000012","S99999999","S99999999","1","2C2",57.142166,-2.099739,"S99999999","","S23000009",1562,"S99999999","S99999999","","",""
"AB1 2JG","AB1  2JG","AB1 2JG","198001","199606","S99999999","S99999999","S12000033","S13002846","S99999999","0","394023","0805667","1","S08000020","S99999999","S92000003","S99999999","0","S14000002","S15000001","S09000001","S22000047","S03000012","S30000026","99ZZ00","S00000074","01C27","S99999999","S01000098","S02000018","1","2A1","S00089011","S01006587","S02001250","S34002969","S03000012","S99999999","S99999999","1","2B1",57.141860,-2.100399,"S99999999","","S23000009",1562,"S99999999","S99999999","","",""
"AB1 2JH","AB1  2JH","AB1 2JH","198001","199606","S99999999","S99999999","S12000033","S13002846","S99999999","0","394040","0805662","1","S08000020","S99999999","S92000003","S99999999","0","S14000002","S15000001","S09000001","S22000047","S03000012","S30000026","99ZZ00","S00000051","01C27","S99999999","S01000098","S02000018","1","2A2","S00089011","S01006587","S02001250","S34002969","S03000012","S99999999","S99999999","1","2B1",57.141815,-2.100118,"S99999999","","S23000009",1562,"S99999999","S99999999","","",""
"AB1 2JJ","AB1  2JJ","AB1 2JJ","198001","199606","S99999999","S99999999","S12000033","S13002846","S99999999","0","393926","0806007","1","S08000020","S99999999","S92000003","S99999999","0","S14000002","S15000001","S09000001","S22000047","S03000012","S30000026","99ZZ00","S00001527","01C27","S99999999","S01000109","S02000018","1","2A1","S00090579","S01006586","S02001249","S34000033","S03000012","S99999999","S99999999","1","2B1",57.144913,-2.102010,"S99999999","","S23000009",3228,"S99999999","S99999999","","",""
"AB1 2JL","AB1  2JL","AB1 2JL","198001","199606","S99999999","S99999999","S12000033","S13002842","S99999999","0","393977","0805994","1","S08000020","S99999999","S92000003","S99999999","0","S14000001","S15000001","S09000001","S22000047","S03000012","S30000026","99ZZ00","S00001527","01C27","S99999999","S01000109","S02000018","1","2A1","S00090579","S01006586","S02001249","S34000033","S03000012","S99999999","S99999999","1","2B1",57.144797,-2.101167,"S99999999","","S23000009",3228,"S99999999","S99999999","","",""
"AB1 2JN","AB1  2JN","AB1 2JN","198001","199606","S99999999","S99999999","S12000033","S13002846","S99999999","0","393981","0805943","1","S08000020","S99999999","S92000003","S99999999","0","S14000002","S15000001","S09000001","S22000047","S03000012","S30000026","99ZZ00","S00001530","01C28","S99999999","S01000098","S02000018","1","2A1","S00090582","S01006587","S02001250","S34000034","S03000012","S99999999","S99999999","1","2B1",57.144338,-2.101099,"S99999999","","S23000009",1562,"S99999999","S99999999","","",""
"AB1 2JP","AB1  2JP","AB1 2JP","197308","199201","S99999999","S99999999","S12000033","S13002846","S99999999","0","394020","0805820","8","S08000020","S99999999","S92000003","S99999999","0","S14000002","S15000001","S09000001","S22000047","S03000012","S30000026","99ZZ00","S00000073","01C27","S99999999","S01000098","S02000018","1","2A2","S00089035","S01006587","S02001250","S34003111","S03000012","S99999999","S99999999","1","2C2",57.143234,-2.100452,"S99999999","","S23000009",1562,"S99999999","S99999999","","",""
"AB1 2JQ","AB1  2JQ","AB1 2JQ","197308","198011","S99999999","S99999999","S12000033","S13002846","S99999999","0","394010","0805730","8","S08000020","S99999999","S92000003","S99999999","0","S14000002","S15000001","S09000001","S22000047","S03000012","S30000026","99ZZ00","S00000073","01C27","S99999999","S01000098","S02000018","1","2A2","S00089035","S01006587","S02001250","S34003111","S03000012","S99999999","S99999999","1","2C2",57.142426,-2.100615,"S99999999","","S23000009",1562,"S99999999","S99999999","","",""
"AB1 2JR","AB1  2JR","AB1 2JR","198001","199606","S99999999","S99999999","S12000033","S13002846","S99999999","0","394020","0805727","1","S08000020","S99999999","S92000003","S99999999","0","S14000002","S15000001","S09000001","S22000047","S03000012","S30000026","99ZZ00","S00000073","01C27","S99999999","S01000098","S02000018","1","2A2","S00089035","S01006587","S02001250","S34003111","S03000012","S99999999","S99999999","1","2C2",57.142399,-2.100450,"S99999999","","S23000009",1562,"S99999999","S99999999","","",""
"AB1 2JS","AB1  2JS","AB1 2JS","198001","199606","S99999999","S99999999","S12000033","S13002846","S99999999","0","394041","0805575","1","S08000020","S99999999","S92000003","S99999999","0","S14000002","S15000001","S09000001","S22000047","S03000012","S30000026","99ZZ00","S00000051","01C27","S99999999","S01000098","S02000018","1","2A2","S00089011","S01006587","S02001250","S34002969","S03000012","S99999999","S99999999","1","2B1",57.141034,-2.100099,"S99999999","","S23000009",1562,"S99999999","S99999999","","",""
"AB1 2JT","AB1  2JT","AB1 2JT","197308","199201","S99999999","S99999999","S12000033","S13002846","S99999999","0","394130","0805290","8","S08000020","S99999999","S92000003","S99999999","0","S14000002","S15000001","S09000001","S22000047","S03000012","S30000026","99ZZ00","S00000054","01C38","S99999999","S01000079","S02000016","1","2A1","S00089014","S01006593","S02001251","S34003078","S03000012","S99999999","S99999999","1","2C1",57.138475,-2.098622,"S99999999","","S23000009",6609,"S99999999","S99999999","","",""
"AB1 2JU","AB1  2JU","AB1 2JU","197308","197705","S99999999","S99999999","S12000033","S13002846","S99999999","0","394190","0805380","8","S08000020","S99999999","S92000003","S99999999","0","S14000002","S15000001","S09000001","S22000047","S03000012","S30000026","99ZZ00","S00000051","01C27","S99999999","S01000098","S02000018","1","2A2","S00090582","S01006587","S02001250","S34000037","S03000012","S99999999","S99999999","1","2B1",57.139284,-2.097632,"S99999999","","S23000009",1562,"S99999999","S99999999","","",""
"AB1 2JW","AB1  2JW","AB1 2JW","199205","199606","S99999999","S99999999","S12000033","S13002846","S99999999","0","394125","0805869","1","S08000020","S99999999","S92000003","S99999999","0","S14000001","S15000001","S09000001","S22000047","S03000012","S30000026","99ZZ00","S00001530","01C28","S99999999","S01000098","S02000018","1","2A1","S00090582","S01006587","S02001250","S34000036","S03000012","S99999999","S99999999","1","2B1",57.143676,-2.098718,"S99999999","","S23000009",1562,"S99999999","S99999999","","",""
"AB1 2JX","AB1  2JX","AB1 2JX","198001","199606","S99999999","S99999999","S12000033","S13002846","S99999999","0","394191","0805227","3","S08000020","S99999999","S92000003","S99999999","0","S14000002","S15000001","S09000001","S22000047","S03000012","S30000026","99ZZ00","S00000050","01C38","S99999999","S01000079","S02000016","1","2B2","S00089009","S01006592","S02001251","S34003078","S03000012","S99999999","S99999999","1","2C3",57.137909,-2.097612,"S99999999","","S23000009",6908,"S99999999","S99999999","","",""
"AB1 2JY","AB1  2JY","AB1 2JY","198001","199606","S99999999","S99999999","S12000033","S13002846","S99999999","0","393751","0805545","1","S08000020","S99999999","S92000003","S99999999","0","S14000002","S15000001","S09000001","S22000047","S03000012","S30000026","99ZZ00","S00001519","01C38","S99999999","S01000093","S02000016","1","6D1","S00090569","S01006591","S02001251","S34002955","S03000012","S99999999","S99999999","1","2C1",57.140760,-2.104890,"S99999999","","S23000009",4598,"S99999999","S99999999","","",""
"AB1 2JZ","AB1  2JZ","AB1 2JZ","198001","199606","S99999999","S99999999","S12000033","S13002846","S99999999","0","393753","0805515","1","S08000020","S99999999","S92000003","S99999999","0","S14000002","S15000001","S09000001","S22000047","S03000012","S30000026","99ZZ00","S00001519","01C38","S99999999","S01000093","S02000016","1","6D1","S00090569","S01006591","S02001251","S34002955","S03000012","S99999999","S99999999","1","2C1",57.140491,-2.104856,"S99999999","","S23000009",4598,"S99999999","S99999999","","",""
"AB1 2LA","AB1  2LA","AB1 2LA","198001","199606","S99999999","S99999999","S12000033","S13002846","S99999999","0","394151","0805241","1","S08000020","S99999999","S92000003","S99999999","0","S14000002","S15000001","S09000001","S22000047","S03000012","S30000026","99ZZ00","S00000050","01C38","S99999999","S01000079","S02000016","1","2B2","S00089009","S01006592","S02001251","S34003078","S03000012","S99999999","S99999999","1","2C3",57.138035,-2.098273,"S99999999","","S23000009",6908,"S99999999","S99999999","","",""
"AB1 2LB","AB1  2LB","AB1 2LB","198401","199606","S99999999","S99999999","S12000033","S13002846","S99999999","0","394224","0804982","3","S08000020","S99999999","S92000003","S99999999","0","S14000002","S15000001","S09000001","S22000047","S03000012","S30000026","99ZZ00","S00001502","01C38","S99999999","S01000079","S02000016","1","2B1","S00090549","S01006592","S02001251","S34003021","S03000012","S99999999","S99999999","1","5A1",57.135709,-2.097061,"S99999999","","S23000009",6908,"S99999999","S99999999","","",""
"AB1 2LD","AB1  2LD","AB1 2LD","198208","199502","S99999999","S99999999","S12000033","S13002846","S99999999","0","393780","0805430","8","S08000020","S99999999","S92000003","S99999999","0","S14000002","S15000001","S09000001","S22000047","S03000012","S30000026","99ZZ00","S00000058","01C38","S99999999","S01000086","S02000016","1","2B2","S00089021","S01006596","S02001251","S34002955","S03000012","S99999999","S99999999","1","5A3",57.139727,-2.104408,"S99999999","","S23000009",6881,"S99999999","S99999999","","",""
"AB1 2LE","AB1  2LE","AB1 2LE","198001","199606","S99999999","S99999999","S12000033","S13002846","S99999999","0","394224","0804982","3","S08000020","S99999999","S92000003","S99999999","0","S14000002","S15000001","S09000001","S22000047","S03000012","S30000026","99ZZ00","S00001502","01C38","S99999999","S01000079","S02000016","1","2B1","S00090549","S01006592","S02001251","S34003021","S03000012","S99999999","S99999999","1","5A1",57.135709,-2.097061,"S99999999","","S23000009",6908,"S99999999","S99999999","","",""
"AB1 2LF","AB1  2LF","AB1 2LF","198001","199512","S99999999","S99999999","S12000033","S13002846","S99999999","0","394200","0805480","8","S08000020","S99999999","S92000003","S99999999","0","S14000002","S15000001","S09000001","S22000047","S03000012","S30000026","99ZZ00","S00000051","01C27","S99999999","S01000098","S02000018","1","2A2","S00090582","S01006587","S02001250","S34000037","S03000012","S99999999","S99999999","1","2B1",57.140182,-2.097469,"S99999999","","S23000009",1562,"S99999999","S99999999","","",""
"AB1 2LG","AB1  2LG","AB1 2LG","198001","199606","S99999999","S99999999","S12000033","S13002846","S99999999","0","393928","0805324","1","S08000020","S99999999","S92000003","S99999999","0","S14000002","S15000001","S09000001","S22000047","S03000012","S30000026","99ZZ00","S00000052","01C38","S99999999","S01000079","S02000016","1","2A1","S00089012","S01006593","S02001251","S34003078","S03000012","S99999999","S99999999","1","2C1",57.138777,-2.101960,"S99999999","","S23000009",6609,"S99999999","S99999999","","",""
"AB1 2LH","AB1  2LH","AB1 2LH","198001","199606","S99999999","S99999999","S12000033","S13002846","S99999999","0","394244","0804910","1","S08000020","S99999999","S92000003","S99999999","0","S14000002","S15000001","S09000001","S22000047","S03000012","S30000026","99ZZ00","S00001502","01C38","S99999999","S01000079","S02000016","1","2B1","S00090549","S01006592","S02001251","S34003021","S03000012","S99999999","S99999999","1","5A1",57.135062,-2.096729,"S99999999","","S23000009",6908,"S99999999","S99999999","","",""
"AB1 2LJ","AB1  2LJ","AB1 2LJ","198310","199606","S99999999","S99999999","S12000033","S13002846","S99999999","0","394119","0805413","1","S08000020","S99999999","S92000003","S99999999","0","S14000002","S15000001","S09000001","S22000047","S03000012","S30000026","99ZZ00","S00000054","01C38","S99999999","S01000079","S02000016","1","2A1","S00089016","S01006593","S02001251","S34003078","S03000012","S99999999","S99999999","1","2C1",57.139579,-2.098806,"S99999999","","S23000009",6609,"S99999999","S99999999","","",""
"AB1 2LL","AB1  2LL","AB1 2LL","198001","199606","S99999999","S99999999","S12000033","S13002846","S99999999","0","394071","0805446","1","S08000020","S99999999","S92000003","S99999999","0","S14000002","S15000001","S09000001","S22000047","S03000012","S30000026","99ZZ00","S00000054","01C38","S99999999","S01000079","S02000016","1","2A1","S00089016","S01006593","S02001251","S34003078","S03000012","S99999999","S99999999","1","2C1",57.139875,-2.099600,"S99999999","","S23000009",6609,"S99999999","S99999999","","",""
"AB1 2LN","AB1  2LN","AB1 2LN","198001","199606","S99999999","S99999999","S12000033","S13002846","S99999999","0","394036","0805508","1","S08000020","S99999999","S92000003","S99999999","0","S14000002","S15000001","S09000001","S22000047","S03000012","S30000026","99ZZ00","S00001504","01C38","S99999999","S01000093","S02000016","1","2A1","S00090553","S01006591","S02001251","S34003078","S03000012","S99999999","S99999999","1","2C1",57.140432,-2.100180,"S99999999","","S23000009",4598,"S99999999","S99999999","","",""
"AB1 2LP","AB1  2LP","AB1 2LP","198001","199606","S99999999","S99999999","S12000033","S13002846","S99999999","0","393984","0805531","1","S08000020","S99999999","S92000003","S99999999","0","S14000002","S15000001","S09000001","S22000047","S03000012","S30000026","99ZZ00","S00001519","01C38","S99999999","S01000093","S02000016","1","6D1","S00090569","S01006591","S02001251","S34002955","S03000012","S99999999","S99999999","1","2C1",57.140638,-2.101040,"S99999999","","S23000009",4598,"S99999999","S99999999","","",""
"AB1 2LQ","AB1  2LQ","AB1 2LQ","198001","199606","S99999999","S99999999","S12000033","S13002846","S99999999","0","393755","0805464","1","S08000020","S99999999","S92000003","S99999999","0","S14000002","S15000001","S09000001","S22000047","S03000012","S30000026","99ZZ00","S00000068","01C38","S99999999","S01000093","S02000016","1","2A1","S00089031","S01006591","S02001251","S34002955","S03000012","S99999999","S99999999","1","2C2",57.140033,-2.104822,"S99999999","","S23000009",4598,"S99999999","S99999999","","",""
"AB1 2LR","AB1  2LR","AB1 2LR","198001","199606","S99999999","S99999999","S12000033","S13002846","S99999999","0","393894","0805541","1","S08000020","S99999999","S92000003","S99999999","0","S14000002","S15000001","S09000001","S22000047","S03000012","S30000026","99ZZ00","S00000070","01C38","S99999999","S01000093","S02000016","1","2B2","S00090359","S01006591","S02001251","S34002969","S03000012","S99999999","S99999999","1","2A3",57.140726,-2.102527,"S99999999","","S23000009",4598,"S99999999","S99999999","","",""
"AB1 2LS","AB1  2LS","AB1 2LS","198001","199606","S99999999","S99999999","S12000033","S13002846","S99999999","0","393883","0805589","1","S08000020","S99999999","S92000003","S99999999","0","S14000002","S15000001","S09000001","S22000047","S03000012","S30000026","99ZZ00","S00000069","01C27","S99999999","S01000098","S02000018","1","2B2","S00089032","S01006590","S02001250","S34002969","S03000012","S99999999","S99999999","1","2C1",57.141157,-2.102710,"S99999999","","S23000009",2720,"S99999999","S99999999","","",""
"AB1 2LT","AB1  2LT","AB1 2LT","198001","199606","S99999999","S99999999","S12000033","S13002846","S99999999","0","394153","0805890","1","S08000020","S99999999","S92000003","S99999999","0","S14000001","S15000001","S09000001","S22000047","S03000012","S30000026","99ZZ00","S00001530","01C28","S99999999","S01000098","S02000018","1","2A1","S00090582","S01006587","S02001250","S34000036","S03000012","S99999999","S99999999","1","2B1",57.143865,-2.098256,"S99999999","","S23000009",1562,"S99999999","S99999999","","",""
"AB1 2LU","AB1  2LU","AB1 2LU","198001","199606","S99999999","S99999999","S12000033","S13002846","S99999999","0","393856","0805608","1","S08000020","S99999999","S92000003","S99999999","0","S14000002","S15000001","S09000001","S22000047","S03000012","S30000026","99ZZ00","S00000071","01C27","S99999999","S01000098","S02000018","1","2A1","S00089033","S01006590","S02001250","S34002969","S03000012","S99999999","S99999999","1","2C2",57.141328,-2.103157,"S99999999","","S23000009",2720,"S99999999","S99999999","","",""
"AB1 2LW","AB1  2LW","AB1 2LW","198001","199606","S99999999","S99999999","S12000033","S13002846","S99999999","0","393851","0805620","1","S08000020","S99999999","S92000003","S99999999","0","S14000002","S15000001","S09000001","S22000047","S03000012","S30000026","99ZZ00","S00000071","01C27","S99999999","S01000098","S02000018","1","2A1","S00089033","S01006590","S02001250","S34002969","S03000012","S99999999","S99999999","1","2C2",57.141435,-2.103240,"S99999999","","S23000009",2720,"S99999999","S99999999","","",""
"AB1 2LX","AB1  2LX","AB1 2LX","198001","199606","S99999999","S99999999","S12000033","S13002846","S99999999","0","394153","0805890","1","S08000020","S99999999","S92000003","S99999999","0","S14000001","S15000001","S09000001","S22000047","S03000012","S30000026","99ZZ00","S00001530","01C28","S99999999","S01000098","S02000018","1","2A1","S00090582","S01006587","S02001250","S34000036","S03000012","S99999999","S99999999","1","2B1",57.143865,-2.098256,"S99999999","","S23000009",1562,"S99999999","S99999999","","",""
"AB1 2LY","AB1  2LY","AB1 2LY","198001","199606","S99999999","S99999999","S12000033","S13002842","S99999999","0","394161","0806042","1","S08000020","S99999999","S92000003","S99999999","0","S14000001","S15000001","S09000001","S22000047","S03000012","S30000026","99ZZ00","S00001534","01C28","S99999999","S01000107","S02000018","1","2A1","S00090588","S01006588","S02001250","S34003026","S03000012","S99999999","S99999999","1","2B2",57.145230,-2.098127,"S99999999","","S23000009",3265,"S99999999","S99999999","","",""
"AB1 2LZ","AB1  2LZ","AB1 2LZ","198001","199606","S99999999","S99999999","S12000033","S13002842","S99999999","0","394160","0806060","8","S08000020","S99999999","S92000003","S99999999","0","S14000001","S15000001","S09000001","S22000047","S03000012","S30000026","99ZZ00","S00001533","01C28","S99999999","S01000107","S02000018","1","2A1","S00090586","S01006588","S02001250","S34003026","S03000012","S99999999","S99999999","1","2B1",57.145392,-2.098144,"S99999999","","S23000009",3265,"S99999999","S99999999","","",""
"AB1 2NA","AB1  2NA","AB1 2NA","198001","199606","S99999999","S99999999","S12000033","S13002846","S99999999","0","394188","0805953","1","S08000020","S99999999","S92000003","S99999999","0","S14000001","S15000001","S09000001","S22000047","S03000012","S30000026","99ZZ00","S00001530","01C28","S99999999","S01000098","S02000018","1","2A1","S00090582","S01006587","S02001250","S34000036","S03000012","S99999999","S99999999","1","2B1",57.144431,-2.097679,"S99999999","","S23000009",1562,"S99999999","S99999999","","",""
"AB1 2NB","AB1  2NB","AB1 2NB","198001","199606","S99999999","S99999999","S12000033","S13002842","S99999999","0","394191","0806034","1","S08000020","S99999999","S92000003","S99999999","0","S14000001","S15000001","S09000001","S22000047","S03000012","S30000026","99ZZ00","S00001534","01C28","S99999999","S01000107","S02000018","1","2A1","S00090588","S01006588","S02001250","S34003026","S03000012","S99999999","S99999999","1","2B2",57.145159,-2.097631,"S99999999","","S23000009",3265,"S99999999","S99999999","","",""
"AB1 2ND","AB1  2ND","AB1 2ND","198001","199606","S99999999","S99999999","S12000033","S13002842","S99999999","0","394196","0806118","1","S08000020","S99999999","S92000003","S99999999","0","S14000001","S15000001","S09000001","S22000047","S03000012","S30000026","99ZZ00","S00001534","01C28","S99999999","S01000107","S02000018","1","2A1","S00090587","S01006588","S02001250","S34003026","S03000012","S99999999","S99999999","1","2B1",57.145913,-2.097551,"S99999999","","S23000009",3265,"S99999999","S99999999","","",""
"AB1 2NE","AB1  2NE","AB1 2NE","198001","199606","S99999999","S99999999","S12000033","S13002842","S99999999","0","394285","0806073","1","S08000020","S99999999","S92000003","S99999999","0","S14000001","S15000001","S09000001","S22000047","S03000012","S30000026","99ZZ00","S00001532","01C28","S99999999","S01000107","S02000018","1","2A1","S00090585","S01006588","S02001250","S34003079","S03000012","S99999999","S99999999","1","2B1",57.145510,-2.096079,"S99999999","","S23000009",3265,"S99999999","S99999999","","",""
"AB1 2NF","AB1  2NF","AB1 2NF","198001","199606","S99999999","S99999999","S12000033","S13002842","S99999999","0","394241","0806052","1","S08000020","S99999999","S92000003","S99999999","0","S14000001","S15000001","S09000001","S22000047","S03000012","S30000026","99ZZ00","S00001534","01C28","S99999999","S01000107","S02000018","1","2A1","S00090588","S01006588","S02001250","S34003026","S03000012","S99999999","S99999999","1","2B2",57.145321,-2.096805,"S99999999","","S23000009",3265,"S99999999","S99999999","","",""
"AB1 2NG","AB1  2NG","AB1 2NG","198212","199111","S99999999","S99999999","S12000033","S13002842","S99999999","0","394210","0806100","8","S08000020","S99999999","S92000003","S99999999","0","S14000001","S15000001","S09000001","S22000047","S03000012","S30000026","99ZZ00","S00001534","01C28","S99999999","S01000107","S02000018","1","2A1","S00090587","S01006588","S02001250","S34003026","S03000012","S99999999","S99999999","1","2B1",57.145752,-2.097319,"S99999999","","S23000009",3265,"S99999999","S99999999","","",""
"AB1 2NH","AB1  2NH","AB1 2NH","198001","199606","S99999999","S99999999","S12000033","S13002842","S99999999","0","394230","0806090","8","S08000020","S99999999","S92000003","S99999999","0","S14000001","S15000001","S09000001","S22000047","S03000012","S30000026","99ZZ00","S00001534","01C28","S99999999","S01000107","S02000018","1","2A1","S00090587","S01006588","S02001250","S34003026","S03000012","S99999999","S99999999","1","2B1",57.145662,-2.096988,"S99999999","","S23000009",3265,"S99999999","S99999999","","",""
"AB1 2NJ","AB1  2NJ","AB1 2NJ","198001","199606","S99999999","S99999999","S12000033","S13002846","S99999999","0","394273","0806014","1","S08000020","S99999999","S92000003","S99999999","0","S14000001","S15000001","S09000001","S22000047","S03000012","S30000026","99ZZ00","S00001530","01C28","S99999999","S01000098","S02000018","1","2A1","S00090582","S01006587","S02001250","S34000039","S03000012","S99999999","S99999999","1","2B1",57.144980,-2.096276,"S99999999","","S23000009",1562,"S99999999","S99999999","","",""
"AB1 2NL","AB1  2NL","AB1 2NL","198001","199606","S99999999","S99999999","S12000033","S13002842","S99999999","0","394126","0806097","1","S08000020","S99999999","S92000003","S99999999","0","S14000001","S15000001","S09000001","S22000047","S03000012","S30000026","99ZZ00","S00001533","01C28","S99999999","S01000107","S02000018","1","2A1","S00090586","S01006588","S02001250","S34003026","S03000012","S99999999","S99999999","1","2B1",57.145724,-2.098707,"S99999999","","S23000009",3265,"S99999999","S99999999","","",""
"AB1 2NN","AB1  2NN","AB1 2NN","198001","199412","S99999999","S99999999","S12000033","S13002842","S99999999","0","394100","0806030","8","S08000020","S99999999","S92000003","S99999999","0","S14000001","S15000001","S09000001","S22000047","S03000012","S30000026","99ZZ00","S00001531","01C28","S99999999","S01000107","S02000018","1","2A1","S00090584","S01006588","S02001250","S34000041","S03000012","S99999999","S99999999","1","2B1",57.145122,-2.099135,"S99999999","","S23000009",3265,"S99999999","S99999999","","",""
"AB1 2NP","AB1  2NP","AB1 2NP","198001","199606","S99999999","S99999999","S12000033","S13002842","S99999999","0","394561","0806026","1","S08000020","S99999999","S92000003","S99999999","0","S14000001","S15000001","S09000001","S22000047","S03000012","S30000026","99ZZ00","S00000076","01C28","S99999999","S01000098","S02000018","1","2A1","S00089038","S01006587","S02001250","S34000007","S03000012","S99999999","S99999999","1","2B1",57.145091,-2.091517,"S99999999","","S23000009",1562,"S99999999","S99999999","","",""
"AB1 2NQ","AB1  2NQ","AB1 2NQ","199512","199606","S99999999","S99999999","S12000033","S13002842","S99999999","0","394153","0806110","1","S08000020","S99999999","S92000003","S99999999","0","S14000001","S15000001","S09000001","S22000047","S03000012","S30000026","99ZZ00","S00001533","01C28","S99999999","S01000107","S02000018","1","2A1","S00090586","S01006588","S02001250","S34003026","S03000012","S99999999","S99999999","1","2B1",57.145841,-2.098261,"S99999999","","S23000009",3265,"S99999999","S99999999","","",""
"AB1 2NR","AB1  2NR","AB1 2NR","199512","199606","S99999999","S99999999","S12000033","S13002842","S99999999","0","394126","0806093","1","S08000020","S99999999","S92000003","S99999999","0","S14000001","S15000001","S09000001","S22000047","S03000012","S30000026","99ZZ00","S00001533","01C28","S99999999","S01000107","S02000018","1","2A1","S00090586","S01006588","S02001250","S34003026","S03000012","S99999999","S99999999","1","2B1",57.145688,-2.098707,"S99999999","","S23000009",3265,"S99999999","S99999999","","",""
"AB1 2NS","AB1  2NS","AB1 2NS","198001","199606","S99999999","S99999999","S12000033","S13002842","S99999999","0","394632","0805965","1","S08000020","S99999999","S92000003","S99999999","0","S14000001","S15000001","S09000001","S22000047","S03000012","S30000026","99ZZ00","S00000076","01C28","S99999999","S01000098","S02000018","1","2A1","S00089038","S01006587","S02001250","S34000007","S03000012","S99999999","S99999999","1","2B1",57.144544,-2.090342,"S99999999","","S23000009",1562,"S99999999","S99999999","","",""
"AB1 2NT","AB1  2NT","AB1 2NT","198001","199606","S99999999","S99999999","S12000033","S13002842","S99999999","0","394630","0805899","1","S08000020","S99999999","S92000003","S99999999","0","S14000001","S15000001","S09000001","S22000047","S03000012","S30000026","99ZZ00","S00000076","01C28","S99999999","S01000098","S02000018","1","2A1","S00089038","S01006587","S02001250","S34000007","S03000012","S99999999","S99999999","1","2B1",57.143951,-2.090374,"S99999999","","S23000009",1562,"S99999999","S99999999","","",""
"AB1 2NU","AB1  2NU","AB1 2NU","198001","199606","S99999999","S99999999","S12000033","S13002842","S99999999","0","394178","0806128","1","S08000020","S99999999","S92000003","S99999999","0","S14000001","S15000001","S09000001","S22000047","S03000012","S30000026","99ZZ00","S00001534","01C28","S99999999","S01000107","S02000018","1","2A1","S00090588","S01006588","S02001250","S34003026","S03000012","S99999999","S99999999","1","2B2",57.146003,-2.097848,"S99999999","","S23000009",3265,"S99999999","S99999999","","",""
"AB1 2NX","AB1  2NX","AB1 2NX","198001","199606","S99999999","S99999999","S12000033","S13002842","S99999999","0","394204","0806204","1","S08000020","S99999999","S92000003","S99999999","0","S14000001","S15000001","S09000001","S22000047","S03000012","S30000026","99ZZ00","S00001532","01C28","S99999999","S01000107","S02000018","1","2A1","S00090585","S01006588","S02001250","S34003079","S03000012","S99999999","S99999999","1","2B1",57.146686,-2.097421,"S99999999","","S23000009",3265,"S99999999","S99999999","","",""
"AB1 2NY","AB1  2NY","AB1 2NY","198001","199606","S99999999","S99999999","S12000033","S13002842","S99999999","0","394090","0806111","1","S08000020","S99999999","S92000003","S99999999","0","S14000001","S15000001","S09000001","S22000047","S03000012","S30000026","99ZZ00","S00001531","01C28","S99999999","S01000107","S02000018","1","2A1","S00090584","S01006588","S02001250","S34000041","S03000012","S99999999","S99999999","1","2B1",57.145849,-2.099302,"S99999999","","S23000009",3265,"S99999999","S99999999","","",""
"AB1 2NZ","AB1  2NZ","AB1 2NZ","199512","199606","S99999999","S99999999","S12000033","S13002842","S99999999","0","394102","0806083","1","S08000020","S99999999","S92000003","S99999999","0","S14000001","S15000001","S09000001","S22000047","S03000012","S30000026","99ZZ00","S00001531","01C28","S99999999","S01000107","S02000018","1","2A1","S00090584","S01006588","S02001250","S34000041","S03000012","S99999999","S99999999","1","2B1",57.145598,-2.099103,"S99999999","","S23000009",3265,"S99999999","S99999999","","",""
"AB1 2PA","AB1  2PA","AB1 2PA","198001","199606","S99999999","S99999999","S12000033","S13002842","S99999999","0","394208","0806179","1","S08000020","S99999999","S92000003","S99999999","0","S14000001","S15000001","S09000001","S22000047","S03000012","S30000026","99ZZ00","S00001531","01C28","S99999999","S01000107","S02000018","1","2A1","S00090584","S01006588","S02001250","S34000041","S03000012","S99999999","S99999999","1","2B1",57.146461,-2.097354,"S99999999","","S23000009",3265,"S99999999","S99999999","","",""
"AB1 2PB","AB1  2PB","AB1 2PB","198107","199606","S99999999","S99999999","S12000033","S13002842","S99999999","0","394782","0805948","1","S08000020","S99999999","S92000003","S99999999","0","S14000001","S15000001","S09000001","S22000047","S03000012","S30000026","99ZZ00","S00000076","01C28","S99999999","S01000098","S02000018","1","2A1","S00089038","S01006587","S02001250","S34000009","S03000012","S99999999","S99999999","1","2B1",57.144393,-2.087863,"S99999999","","S23000009",1562,"S99999999","S99999999","","",""
"AB1 2PE","AB1  2PE","AB1 2PE","198001","199606","S99999999","S99999999","S12000033","S13002842","S99999999","0","394073","0806133","1","S08000020","S99999999","S92000003","S99999999","0","S14000001","S15000001","S09000001","S22000047","S03000012","S30000026","99ZZ00","S00001531","01C28","S99999999","S01000107","S02000018","1","2A1","S00090584","S01006588","S02001250","S34000042","S03000012","S99999999","S99999999","1","2B1",57.146046,-2.099584,"S99999999","","S23000009",3265,"S99999999","S99999999","","",""
"AB1 2PF","AB1  2PF","AB1 2PF","199512","199606","S99999999","S99999999","S12000033","S13002842","S99999999","0","393964","0806163","1","S08000020","S99999999","S92000003","S99999999","0","S14000001","S15000001","S09000001","S22000047","S03000012","S30000026","99ZZ00","S00001527","01C27","S99999999","S01000109","S02000018","1","2A1","S00090579","S01006586","S02001249","S34000033","S03000012","S99999999","S99999999","1","2B1",57.146315,-2.101386,"S99999999","","S23000009",3228,"S99999999","S99999999","","",""
"AB1 2PG","AB1  2PG","AB1 2PG","199107","199606","S99999999","S99999999","S12000033","S13002842","S99999999","0","395268","0805805","3","S08000020","S99999999","S92000003","S99999999","0","S14000001","S15000001","S09000001","S22000047","S03000012","S30000026","99ZZ00","S00000076","01C28","S99999999","S01000098","S02000018","1","2A1","S00089038","S01006587","S02001250","S34000009","S03000012","S99999999","S99999999","1","2B1",57.143114,-2.079829,"S99999999","","S23000009",1562,"S99999999","S99999999","","",""
"AB1 2PH","AB1  2PH","AB1 2PH","198001","199606","S99999999","S99999999","S12000033","S13002842","S99999999","0","394769","0805900","1","S08000020","S99999999","S92000003","S99999999","0","S14000001","S15000001","S09000001","S22000047","S03000012","S30000026","99ZZ00","S00000076","01C28","S99999999","S01000098","S02000018","1","2A1","S00089038","S01006587","S02001250","S34000008","S03000012","S99999999","S99999999","1","2B1",57.143962,-2.088077,"S99999999","","S23000009",1562,"S99999999","S99999999","","",""
"AB1 2PJ","AB1  2PJ","AB1 2PJ","199103","199606","S99999999","S99999999","S12000033","S13002846","S99999999","0","394348","0805949","1","S08000020","S99999999","S92000003","S99999999","0","S14000001","S15000001","S09000001","S22000047","S03000012","S30000026","99ZZ00","S00001530","01C28","S99999999","S01000098","S02000018","1","2A1","S00090582","S01006587","S02001250","S34000039","S03000012","S99999999","S99999999","1","2B1",57.144397,-2.095035,"S99999999","","S23000009",1562,"S99999999","S99999999","","",""
"AB1 2PL","AB1  2PL","AB1 2PL","198001","199606","S99999999","S99999999","S12000033","S13002842","S99999999","0","394243","0806128","1","S08000020","S99999999","S92000003","S99999999","0","S14000001","S15000001","S09000001","S22000047","S03000012","S30000026","99ZZ00","S00001532","01C28","S99999999","S01000107","S02000018","1","2A1","S00090585","S01006588","S02001250","S34003079","S03000012","S99999999","S99999999","1","2B1",57.146004,-2.096774,"S99999999","","S23000009",3265,"S99999999","S99999999","","",""
"AB1 2PN","AB1  2PN","AB1 2PN","197308","197810","S99999999","S99999999","S12000033","S13002846","S99999999","0","394320","0805770","8","S08000020","S99999999","S92000003","S99999999","0","S14000001","S15000001","S09000001","S22000047","S03000012","S30000026","99ZZ00","S00001530","01C28","S99999999","S01000098","S02000018","1","2A1","S00090582","S01006587","S02001250","S34000035","S03000012","S99999999","S99999999","1","2B1",57.142789,-2.095493,"S99999999","","S23000009",1562,"S99999999","S99999999","","",""
"AB1 2PP","AB1  2PP","AB1 2PP","198001","199606","S99999999","S99999999","S12000033","S13002846","S99999999","0","394451","0805805","1","S08000020","S99999999","S92000003","S99999999","0","S14000001","S15000001","S09000001","S22000047","S03000012","S30000026","99ZZ00","S00001530","01C28","S99999999","S01000098","S02000018","1","2A1","S00090582","S01006587","S02001250","S34000039","S03000012","S99999999","S99999999","1","2B1",57.143105,-2.093330,"S99999999","","S23000009",1562,"S99999999","S99999999","","",""
"AB1 2PQ","AB1  2PQ","AB1 2PQ","198001","199606","S99999999","S99999999","S12000033","S13002846","S99999999","0","394517","0805712","1","S08000020","S99999999","S92000003","S99999999","0","S14000002","S15000001","S09000001","S22000047","S03000012","S30000026","99ZZ00","S00001530","01C28","S99999999","S01000098","S02000018","1","2A1","S00090582","S01006587","S02001250","S34000039","S03000012","S99999999","S99999999","1","2B1",57.142270,-2.092237,"S99999999","","S23000009",1562,"S99999999","S99999999","","",""
"AB1 2PR","AB1  2PR","AB1 2PR","198001","199606","S99999999","S99999999","S12000033","S13002846","S99999999","0","394567","0805601","3","S08000020","S99999999","S92000003","S99999999","0","S14000002","S15000001","S09000001","S22000047","S03000012","S30000026","99ZZ00","S00001530","01C28","S99999999","S01000098","S02000018","1","2A1","S00090582","S01006587","S02001250","S34000035","S03000012","S99999999","S99999999","1","2B1",57.141274,-2.091408,"S99999999","","S23000009",1562,"S99999999","S99999999","","",""
"AB1 2PS","AB1  2PS","AB1 2PS","197308","197705","S99999999","S99999999","S12000033","S13002846","S99999999","0","394560","0805630","8","S08000020","S99999999","S92000003","S99999999","0","S14000002","S15000001","S09000001","S22000047","S03000012","S30000026","99ZZ00","S00001530","01C28","S99999999","S01000098","S02000018","1","2A1","S00090582","S01006587","S02001250","S34000035","S03000012","S99999999","S99999999","1","2B1",57.141534,-2.091524,"S99999999","","S23000009",1562,"S99999999","S99999999","","",""
"AB1 2PT","AB1  2PT","AB1 2PT","198001","199606","S99999999","S99999999","S12000033","S13002842","S99999999","0","394619","0805641","1","S08000020","S99999999","S92000003","S99999999","0","S14000001","S15000001","S09000001","S22000047","S03000012","S30000026","99ZZ00","S00000076","01C28","S99999999","S01000098","S02000018","1","2A1","S00089038","S01006587","S02001250","S34000008","S03000012","S99999999","S99999999","1","2B1",57.141634,-2.090550,"S99999999","","S23000009",1562,"S99999999","S99999999","","",""
"AB1 2PU","AB1  2PU","AB1 2PU","198001","199606","S99999999","S99999999","S12000033","S13002842","S99999999","0","394632","0805965","1","S08000020","S99999999","S92000003","S99999999","0","S14000001","S15000001","S09000001","S22000047","S03000012","S30000026","99ZZ00","S00000076","01C28","S99999999","S01000098","S02000018","1","2A1","S00089038","S01006587","S02001250","S34000007","S03000012","S99999999","S99999999","1","2B1",57.144544,-2.090342,"S99999999","","S23000009",1562,"S99999999","S99999999","","",""
"AB1 2PW","AB1  2PW","AB1 2PW","198001","199606","S99999999","S99999999","S12000033","S13002842","S99999999","0","394642","0806012","1","S08000020","S99999999","S92000003","S99999999","0","S14000001","S15000001","S09000001","S22000047","S03000012","S30000026","99ZZ00","S00000076","01C28","S99999999","S01000098","S02000018","1","2A1","S00089038","S01006587","S02001250","S34000007","S03000012","S99999999","S99999999","1","2B1",57.144967,-2.090178,"S99999999","","S23000009",1562,"S99999999","S99999999","","",""
"AB1 2PX","AB1  2PX","AB1 2PX","198001","199606","S99999999","S99999999","S12000033","S13002842","S99999999","0","394677","0805710","1","S08000020","S99999999","S92000003","S99999999","0","S14000001","S15000001","S09000001","S22000047","S03000012","S30000026","99ZZ00","S00000076","01C28","S99999999","S01000098","S02000018","1","2A1","S00089038","S01006587","S02001250","S34000008","S03000012","S99999999","S99999999","1","2B1",57.142254,-2.089593,"S99999999","","S23000009",1562,"S99999999","S99999999","","",""
"AB1 2PY","AB1  2PY","AB1 2PY","198001","199606","S99999999","S99999999","S12000033","S13002842","S99999999","0","394261","0806172","1","S08000020","S99999999","S92000003","S99999999","0","S14000001","S15000001","S09000001","S22000047","S03000012","S30000026","99ZZ00","S00001532","01C28","S99999999","S01000107","S02000018","1","2A1","S00090585","S01006588","S02001250","S34003079","S03000012","S99999999","S99999999","1","2B1",57.146399,-2.096478,"S99999999","","S23000009",3265,"S99999999","S99999999","","",""
"AB1 2PZ","AB1  2PZ","AB1 2PZ","198001","199606","S99999999","S99999999","S12000033","S13002842","S99999999","0","394313","0806099","1","S08000020","S99999999","S92000003","S99999999","0","S14000001","S15000001","S09000001","S22000047","S03000012","S30000026","99ZZ00","S00001532","01C28","S99999999","S01000107","S02000018","1","2A1","S00090585","S01006588","S02001250","S34003079","S03000012","S99999999","S99999999","1","2B1",57.145744,-2.095617,"S99999999","","S23000009",3265,"S99999999","S99999999","","",""
"AB1 2QA","AB1  2QA","AB1 2QA","198001","199606","S99999999","S99999999","S12000033","S13002842","S99999999","0","394857","0805641","1","S08000020","S99999999","S92000003","S99999999","0","S14000001","S15000001","S09000001","S22000047","S03000012","S30000026","99ZZ00","S00000076","01C28","S99999999","S01000098","S02000018","1","2A1","S00089038","S01006587","S02001250","S34000008","S03000012","S99999999","S99999999","1","2B1",57.141636,-2.086617,"S99999999","","S23000009",1562,"S99999999","S99999999","","",""
"AB1 2QB","AB1  2QB","AB1 2QB","198001","199606","S99999999","S99999999","S12000033","S13002842","S99999999","0","394914","0805595","1","S08000020","S99999999","S92000003","S99999999","0","S14000001","S15000001","S09000001","S22000047","S03000012","S30000026","99ZZ00","S00000076","01C28","S99999999","S01000098","S02000018","1","2A1","S00089038","S01006587","S02001250","S34000008","S03000012","S99999999","S99999999","1","2B1",57.141224,-2.085674,"S99999999","","S23000009",1562,"S99999999","S99999999","","",""
"AB1 2QD","AB1  2QD","AB1 2QD","198001","199606","S99999999","S99999999","S12000033","S13002842","S99999999","0","394921","0805541","1","S08000020","S99999999","S92000003","S99999999","0","S14000001","S15000001","S09000001","S22000047","S03000012","S30000026","99ZZ00","S00000076","01C28","S99999999","S01000098","S02000018","1","2A1","S00089038","S01006587","S02001250","S34000009","S03000012","S99999999","S99999999","1","2B1",57.140739,-2.085558,"S99999999","","S23000009",1562,"S99999999","S99999999","","",""
"AB1 2QE","AB1  2QE","AB1 2QE","198001","199606","S99999999","S99999999","S12000033","S13002842","S99999999","0","394276","0806082","1","S08000020","S99999999","S92000003","S99999999","0","S14000001","S15000001","S09000001","S22000047","S03000012","S30000026","99ZZ00","S00001532","01C28","S99999999","S01000107","S02000018","1","2A1","S00090585","S01006588","S02001250","S34003079","S03000012","S99999999","S99999999","1","2B1",57.145591,-2.096228,"S99999999","","S23000009",3265,"S99999999","S99999999","","",""
"AB1 2QF","AB1  2QF","AB1 2QF","197308","199512","S99999999","S99999999","S12000033","S13002842","S99999999","0","394250","0806090","8","S08000020","S99999999","S92000003","S99999999","0","S14000001","S15000001","S09000001","S22000047","S03000012","S30000026","99ZZ00","S00001534","01C28","S99999999","S01000107","S02000018","1","2A1","S00090587","S01006588","S02001250","S34003026","S03000012","S99999999","S99999999","1","2B1",57.145663,-2.096658,"S99999999","","S23000009",3265,"S99999999","S99999999","","",""
"AB1 2QG","AB1  2QG","AB1 2QG","198001","199606","S99999999","S99999999","S12000033","S13002842","S99999999","0","394741","0805611","1","S08000020","S99999999","S92000003","S99999999","0","S14000001","S15000001","S09000001","S22000047","S03000012","S30000026","99ZZ00","S00000076","01C28","S99999999","S01000098","S02000018","1","2A1","S00089038","S01006587","S02001250","S34000008","S03000012","S99999999","S99999999","1","2B1",57.141366,-2.088533,"S99999999","","S23000009",1562,"S99999999","S99999999","","",""
"AB1 2QH","AB1  2QH","AB1 2QH","199404","199606","S99999999","S99999999","S12000033","S13002846","S99999999","0","394404","0805438","1","S08000020","S99999999","S92000003","S99999999","0","S14000002","S15000001","S09000001","S22000047","S03000012","S30000026","99ZZ00","S00001530","01C28","S99999999","S01000098","S02000018","1","2A1","S00090582","S01006587","S02001250","S34000040","S03000012","S99999999","S99999999","1","2B1",57.139808,-2.094098,"S99999999","","S23000009",1562,"S99999999","S99999999","","",""
"AB1 2QJ","AB1  2QJ","AB1 2QJ","198001","199606","S99999999","S99999999","S12000033","S13002846","S99999999","0","394298","0805598","1","S08000020","S99999999","S92000003","S99999999","0","S14000002","S15000001","S09000001","S22000047","S03000012","S30000026","99ZZ00","S00001530","01C28","S99999999","S01000098","S02000018","1","2A1","S00090582","S01006587","S02001250","S34000035","S03000012","S99999999","S99999999","1","2B1",57.141243,-2.095853,"S99999999","","S23000009",1562,"S99999999","S99999999","","",""
"AB1 2QL","AB1  2QL","AB1 2QL","198001","199606","S99999999","S99999999","S12000033","S13002846","S99999999","0","394422","0805554","1","S08000020","S99999999","S92000003","S99999999","0","S14000002","S15000001","S09000001","S22000047","S03000012","S30000026","99ZZ00","S00001530","01C28","S99999999","S01000098","S02000018","1","2A1","S00090582","S01006587","S02001250","S34000040","S03000012","S99999999","S99999999","1","2B1",57.140850,-2.093803,"S99999999","","S23000009",1562,"S99999999","S99999999","","",""
"AB1 2QN","AB1  2QN","AB1 2QN","198001","199606","S99999999","S99999999","S12000033","S13002846","S99999999","0","394368","0805720","1","S08000020","S99999999","S92000003","S99999999","0","S14000001","S15000001","S09000001","S22000047","S03000012","S30000026","99ZZ00","S00001530","01C28","S99999999","S01000098","S02000018","1","2A1","S00090582","S01006587","S02001250","S34000035","S03000012","S99999999","S99999999","1","2B1",57.142340,-2.094699,"S99999999","","S23000009",1562,"S99999999","S99999999","","",""
"AB1 2QP","AB1  2QP","AB1 2QP","198001","199606","S99999999","S99999999","S12000033","S13002846","S99999999","0","394454","0805697","1","S08000020","S99999999","S92000003","S99999999","0","S14000002","S15000001","S09000001","S22000047","S03000012","S30000026","99ZZ00","S00001530","01C28","S99999999","S01000098","S02000018","1","2A1","S00090582","S01006587","S02001250","S34000039","S03000012","S99999999","S99999999","1","2B1",57.142135,-2.093278,"S99999999","","S23000009",1562,"S99999999","S99999999","","",""
"AB1 2QR","AB1  2QR","AB1 2QR","198001","199606","S99999999","S99999999","S12000033","S13002846","S99999999","0","394516","0805609","1","S08000020","S99999999","S92000003","S99999999","0","S14000002","S15000001","S09000001","S22000047","S03000012","S30000026","99ZZ00","S00001530","01C28","S99999999","S01000098","S02000018","1","2A1","S00090582","S01006587","S02001250","S34000035","S03000012","S99999999","S99999999","1","2B1",57.141345,-2.092251,"S99999999","","S23000009",1562,"S99999999","S99999999","","",""
"AB1 2QS","AB1  2QS","AB1 2QS","198001","199606","S99999999","S99999999","S12000033","S13002846","S99999999","0","394606","0805558","1","S08000020","S99999999","S92000003","S99999999","0","S14000002","S15000001","S09000001","S22000047","S03000012","S30000026","99ZZ00","S00001530","01C28","S99999999","S01000098","S02000018","1","2A1","S00090582","S01006587","S02001250","S34000035","S03000012","S99999999","S99999999","1","2B1",57.140888,-2.090763,"S99999999","","S23000009",1562,"S99999999","S99999999","","",""
"AB1 2QT","AB1  2QT","AB1 2QT","198001","199512","S99999999","S99999999","S12000033","S13002846","S99999999","0","394420","0805510","8","S08000020","S99999999","S92000003","S99999999","0","S14000002","S15000001","S09000001","S22000047","S03000012","S30000026","99ZZ00","S00001530","01C28","S99999999","S01000098","S02000018","1","2A1","S00090582","S01006587","S02001250","S34000040","S03000012","S99999999","S99999999","1","2B1",57.140455,-2.093835,"S99999999","","S23000009",1562,"S99999999","S99999999","","",""
"AB1 2QU","AB1  2QU","AB1 2QU","198001","199606","S99999999","S99999999","S12000033","S13002842","S99999999","0","394962","0805612","1","S08000020","S99999999","S92000003","S99999999","0","S14000001","S15000001","S09000001","S22000047","S03000012","S30000026","99ZZ00","S00000076","01C28","S99999999","S01000098","S02000018","1","2A1","S00089038","S01006587","S02001250","S34000009","S03000012","S99999999","S99999999","1","2B1",57.141377,-2.084882,"S99999999","","S23000009",1562,"S99999999","S99999999","","",""
"AB1 2QW","AB1  2QW","AB1 2QW","197308","197705","S99999999","S99999999","S12000033","S13002846","S99999999","0","394290","0805540","8","S08000020","S99999999","S92000003","S99999999","0","S14000002","S15000001","S09000001","S22000047","S03000012","S30000026","99ZZ00","S00001530","01C28","S99999999","S01000098","S02000018","1","2A1","S00090582","S01006587","S02001250","S34000035","S03000012","S99999999","S99999999","1","2B1",57.140722,-2.095984,"S99999999","","S23000009",1562,"S99999999","S99999999","","",""
"AB1 2QX","AB1  2QX","AB1 2QX","198001","199606","S99999999","S99999999","S12000033","S13002846","S99999999","0","394331","0805559","1","S08000020","S99999999","S92000003","S99999999","0","S14000002","S15000001","S09000001","S22000047","S03000012","S30000026","99ZZ00","S00001530","01C28","S99999999","S01000098","S02000018","1","2A1","S00090582","S01006587","S02001250","S34000035","S03000012","S99999999","S99999999","1","2B1",57.140894,-2.095307,"S99999999","","S23000009",1562,"S99999999","S99999999","","",""
"AB1 2QY","AB1  2QY","AB1 2QY","198001","199606","S99999999","S99999999","S12000033","S13002842","S99999999","0","394833","0805592","1","S08000020","S99999999","S92000003","S99999999","0","S14000001","S15000001","S09000001","S22000047","S03000012","S30000026","99ZZ00","S00000076","01C28","S99999999","S01000098","S02000018","1","2A1","S00089038","S01006587","S02001250","S34000008","S03000012","S99999999","S99999999","1","2B1",57.141196,-2.087013,"S99999999","","S23000009",1562,"S99999999","S99999999","","",""
"AB1 2QZ","AB1  2QZ","AB1 2QZ","199410","199606","S99999999","S99999999","S12000033","S13002842","S99999999","0","395350","0805590","8","S08000020","S99999999","S92000003","S99999999","0","S14000001","S15000001","S09000001","S22000047","S03000012","S30000026","99ZZ00","S00000076","01C28","S99999999","S01000098","S02000018","1","2A1","S00089038","S01006587","S02001250","S34000009","S03000012","S99999999","S99999999","1","2B1",57.141184,-2.078470,"S99999999","","S23000009",1562,"S99999999","S99999999","","",""
"AB1 2RB","AB1  2RB","AB1 2RB","198001","199606","S99999999","S99999999","S12000033","S13002846","S99999999","0","394295","0805390","1","S08000020","S99999999","S92000003","S99999999","0","S14000002","S15000001","S09000001","S22000047","S03000012","S30000026","99ZZ00","S00001530","01C28","S99999999","S01000098","S02000018","1","2A1","S00090582","S01006587","S02001250","S34000038","S03000012","S99999999","S99999999","1","2B1",57.139375,-2.095898,"S99999999","","S23000009",1562,"S99999999","S99999999","","",""
"AB1 2RD","AB1  2RD","AB1 2RD","197308","199512","S99999999","S99999999","S12000033","S13002846","S99999999","0","394410","0805410","8","S08000020","S99999999","S92000003","S99999999","0","S14000002","S15000001","S09000001","S22000047","S03000012","S30000026","99ZZ00","S00001530","01C28","S99999999","S01000098","S02000018","1","2A1","S00090582","S01006587","S02001250","S34000040","S03000012","S99999999","S99999999","1","2B1",57.139556,-2.093998,"S99999999","","S23000009",1562,"S99999999","S99999999","","",""
"AB1 2RE","AB1  2RE","AB1 2RE","198001","199606","S99999999","S99999999","S12000033","S13002846","S99999999","0","394356","0805618","1","S08000020","S99999999","S92000003","S99999999","0","S14000002","S15000001","S09000001","S22000047","S03000012","S30000026","99ZZ00","S00001530","01C28","S99999999","S01000098","S02000018","1","2A1","S00090582","S01006587","S02001250","S34000035","S03000012","S99999999","S99999999","1","2B1",57.141424,-2.094895,"S99999999","","S23000009",1562,"S99999999","S99999999","","",""
"AB1 2RF","AB1  2RF","AB1 2RF","198001","199606","S99999999","S99999999","S12000033","S13002846","S99999999","0","394249","0805310","1","S08000020","S99999999","S92000003","S99999999","0","S14000002","S15000001","S09000001","S22000047","S03000012","S30000026","99ZZ00","S00001530","01C28","S99999999","S01000098","S02000018","1","2A1","S00090582","S01006587","S02001250","S34000038","S03000012","S99999999","S99999999","1","2B1",57.138656,-2.096656,"S99999999","","S23000009",1562,"S99999999","S99999999","","",""
"AB1 2RG","AB1  2RG","AB1 2RG","199512","199606","S99999999","S99999999","S12000033","S13002846","S99999999","0","393905","0805384","1","S08000020","S99999999","S92000003","S99999999","0","S14000002","S15000001","S09000001","S22000047","S03000012","S30000026","99ZZ00","S00000057","01C38","S99999999","S01000086","S02000016","1","2A1","S00089020","S01006596","S02001251","S34002955","S03000012","S99999999","S99999999","1","2C1",57.139316,-2.102341,"S99999999","","S23000009",6881,"S99999999","S99999999","","",""
"AB1 2RH","AB1  2RH","AB1 2RH","198001","199606","S99999999","S99999999","S12000033","S13002846","S99999999","0","394516","0805609","1","S08000020","S99999999","S92000003","S99999999","0","S14000002","S15000001","S09000001","S22000047","S03000012","S30000026","99ZZ00","S00001530","01C28","S99999999","S01000098","S02000018","1","2A1","S00090582","S01006587","S02001250","S34000035","S03000012","S99999999","S99999999","1","2B1",57.141345,-2.092251,"S99999999","","S23000009",1562,"S99999999","S99999999","","",""
"AB1 2RJ","AB1  2RJ","AB1 2RJ","198001","199606","S99999999","S99999999","S12000033","S13002846","S99999999","0","394335","0805343","1","S08000020","S99999999","S92000003","S99999999","0","S14000002","S15000001","S09000001","S22000047","S03000012","S30000026","99ZZ00","S00001530","01C28","S99999999","S01000098","S02000018","1","2A1","S00090582","S01006587","S02001250","S34000038","S03000012","S99999999","S99999999","1","2B1",57.138953,-2.095236,"S99999999","","S23000009",1562,"S99999999","S99999999","","",""
"AB1 2RL","AB1  2RL","AB1 2RL","198001","199606","S99999999","S99999999","S12000033","S13002846","S99999999","0","394268","0805369","1","S08000020","S99999999","S92000003","S99999999","0","S14000002","S15000001","S09000001","S22000047","S03000012","S30000026","99ZZ00","S00001530","01C28","S99999999","S01000098","S02000018","1","2A1","S00090582","S01006587","S02001250","S34000038","S03000012","S99999999","S99999999","1","2B1",57.139186,-2.096343,"S99999999","","S23000009",1562,"S99999999","S99999999","","",""
"AB1 2RN","AB1  2RN","AB1 2RN","198001","199606","S99999999","S99999999","S12000033","S13002846","S99999999","0","394247","0805168","1","S08000020","S99999999","S92000003","S99999999","0","S14000002","S15000001","S09000001","S22000047","S03000012","S30000026","99ZZ00","S00001530","01C28","S99999999","S01000098","S02000018","1","2A1","S00090582","S01006587","S02001250","S34000038","S03000012","S99999999","S99999999","1","2B1",57.137380,-2.096686,"S99999999","","S23000009",1562,"S99999999","S99999999","","",""
"AB1 2RP","AB1  2RP","AB1 2RP","199107","199606","S99999999","S99999999","S12000033","S13002846","S99999999","0","394356","0805618","1","S08000020","S99999999","S92000003","S99999999","0","S14000002","S15000001","S09000001","S22000047","S03000012","S30000026","99ZZ00","S00001530","01C28","S99999999","S01000098","S02000018","1","2A1","S00090582","S01006587","S02001250","S34000035","S03000012","S99999999","S99999999","1","2B1",57.141424,-2.094895,"S99999999","","S23000009",1562,"S99999999","S99999999","","",""
"AB1 2RQ","AB1  2RQ","AB1 2RQ","198001","199606","S99999999","S99999999","S12000033","S13002846","S99999999","0","393997","0805263","1","S08000020","S99999999","S92000003","S99999999","0","S14000002","S15000001","S09000001","S22000047","S03000012","S30000026","99ZZ00","S00000053","01C38","S99999999","S01000079","S02000016","1","2A1","S00089013","S01006593","S02001251","S34003078","S03000012","S99999999","S99999999","1","2C1",57.138230,-2.100818,"S99999999","","S23000009",6609,"S99999999","S99999999","","",""
"AB1 2RR","AB1  2RR","AB1 2RR","198001","199606","S99999999","S99999999","S12000033","S13002846","S99999999","0","393797","0805196","1","S08000020","S99999999","S92000003","S99999999","0","S14000002","S15000001","S09000001","S22000047","S03000012","S30000026","99ZZ00","S00000055","01C38","S99999999","S01000086","S02000016","1","6D1","S00089018","S01006596","S02001251","S34002955","S03000012","S99999999","S99999999","1","5A3",57.137626,-2.104121,"S99999999","","S23000009",6881,"S99999999","S99999999","","",""
"AB1 2RS","AB1  2RS","AB1 2RS","198001","199606","S99999999","S99999999","S12000033","S13002846","S99999999","0","393838","0804959","1","S08000020","S99999999","S92000003","S99999999","0","S14000002","S15000001","S09000001","S22000047","S03000012","S30000026","99ZZ00","S00001499","01C38","S99999999","S01000059","S02000010","1","2B1","S00090545","S01006598","S02001252","S34003021","S03000012","S99999999","S99999999","1","2C3",57.135497,-2.103438,"S99999999","","S23000009",6810,"S99999999","S99999999","","",""
"AB1 2RT","AB1  2RT","AB1 2RT","198001","199606","S99999999","S99999999","S12000033","S13002846","S99999999","0","393835","0804750","1","S08000020","S99999999","S92000003","S99999999","0","S14000002","S15000001","S09000001","S22000047","S03000012","S30000026","99ZZ00","S00001816","01C38","S99999999","S01000068","S02000010","1","2B1","S00090898","S01006602","S02001252","S34003091","S03000012","S99999999","S99999999","1","5A2",57.133620,-2.103482,"S99999999","","S23000009",6840,"S99999999","S99999999","","",""
"AB1 2RU","AB1  2RU","AB1 2RU","199512","199606","S99999999","S99999999","S12000033","S13002846","S99999999","0","394282","0805530","1","S08000020","S99999999","S92000003","S99999999","0","S14000002","S15000001","S09000001","S22000047","S03000012","S30000026","99ZZ00","S00001530","01C28","S99999999","S01000098","S02000018","1","2A1","S00090582","S01006587","S02001250","S34000035","S03000012","S99999999","S99999999","1","2B1",57.140632,-2.096116,"S99999999","","S23000009",1562,"S99999999","S99999999","","",""
"AB1 2RW","AB1  2RW","AB1 2RW","198001","199606","S99999999","S99999999","S12000033","S13002846","S99999999","0","394470","0805659","1","S08000020","S99999999","S92000003","S99999999","0","S14000002","S15000001","S09000001","S22000047","S03000012","S30000026","99ZZ00","S00001530","01C28","S99999999","S01000098","S02000018","1","2A1","S00090582","S01006587","S02001250","S34000035","S03000012","S99999999","S99999999","1","2B1",57.141794,-2.093012,"S99999999","","S23000009",1562,"S99999999","S99999999","","",""
"AB1 2RX","AB1  2RX","AB1 2RX","198001","199606","S99999999","S99999999","S12000033","S13002846","S99999999","0","393895","0804744","1","S08000020","S99999999","S92000003","S99999999","0","S14000002","S15000001","S09000001","S22000047","S03000012","S30000026","99ZZ00","S00001816","01C38","S99999999","S01000068","S02000010","1","2B1","S00090898","S01006602","S02001252","S34003091","S03000012","S99999999","S99999999","1","5A2",57.133567,-2.102491,"S99999999","","S23000009",6840,"S99999999","S99999999","","",""
"AB1 2RY","AB1  2RY","AB1 2RY","198001","199606","S99999999","S99999999","S12000033","S13002846","S99999999","0","394008","0805156","1","S08000020","S99999999","S92000003","S99999999","0","S14000002","S15000001","S09000001","S22000047","S03000012","S30000026","99ZZ00","S00000047","01C38","S99999999","S01000059","S02000010","1","6D1","S00089005","S01006598","S02001252","S34003021","S03000012","S99999999","S99999999","1","5A1",57.137269,-2.100634,"S99999999","","S23000009",6810,"S99999999","S99999999","","",""
"AB1 2RZ","AB1  2RZ","AB1 2RZ","198001","199606","S99999999","S99999999","S12000033","S13002846","S99999999","0","393970","0805121","1","S08000020","S99999999","S92000003","S99999999","0","S14000002","S15000001","S09000001","S22000047","S03000012","S30000026","99ZZ00","S00000047","01C38","S99999999","S01000059","S02000010","1","6D1","S00089005","S01006598","S02001252","S34003021","S03000012","S99999999","S99999999","1","5A1",57.136954,-2.101261,"S99999999","","S23000009",6810,"S99999999","S99999999","","",""
"AB1 2SA","AB1  2SA","AB1 2SA","198001","199606","S99999999","S99999999","S12000033","S13002846","S99999999","0","393695","0804646","1","S08000020","S99999999","S92000003","S99999999","0","S14000002","S15000001","S09000001","S22000047","S03000012","S30000026","99ZZ00","S00000039","01C38","S99999999","S01000068","S02000010","1","6D2","S00088997","S01006602","S02001252","S34002960","S03000012","S99999999","S99999999","1","5A1",57.132684,-2.105792,"S99999999","","S23000009",6840,"S99999999","S99999999","","",""
"AB1 2SB","AB1  2SB","AB1 2SB","198001","199606","S99999999","S99999999","S12000033","S13002846","S99999999","0","393659","0804685","1","S08000020","S99999999","S92000003","S99999999","0","S14000002","S15000001","S09000001","S22000047","S03000012","S30000026","99ZZ00","S00000039","01C38","S99999999","S01000068","S02000010","1","6D2","S00088997","S01006602","S02001252","S34002960","S03000012","S99999999","S99999999","1","5A1",57.133033,-2.106388,"S99999999","","S23000009",6840,"S99999999","S99999999","","",""
"AB1 2SD","AB1  2SD","AB1 2SD","198001","199606","S99999999","S99999999","S12000033","S13002846","S99999999","0","393790","0804711","1","S08000020","S99999999","S92000003","S99999999","0","S14000002","S15000001","S09000001","S22000047","S03000012","S30000026","99ZZ00","S00000039","01C38","S99999999","S01000068","S02000010","1","6D2","S00088997","S01006602","S02001252","S34002960","S03000012","S99999999","S99999999","1","5A1",57.133269,-2.104225,"S99999999","","S23000009",6840,"S99999999","S99999999","","",""
"AB1 2SE","AB1  2SE","AB1 2SE","198001","199606","S99999999","S99999999","S12000033","S13002846","S99999999","0","393867","0805158","1","S08000020","S99999999","S92000003","S99999999","0","S14000002","S15000001","S09000001","S22000047","S03000012","S30000026","99ZZ00","S00001507","01C38","S99999999","S01000079","S02000016","1","2B2","S00090556","S01006593","S02001251","S34003021","S03000012","S99999999","S99999999","1","5B2",57.137285,-2.102964,"S99999999","","S23000009",6609,"S99999999","S99999999","","",""
"AB1 2SF","AB1  2SF","AB1 2SF","198001","199606","S99999999","S99999999","S12000033","S13002846","S99999999","0","393940","0805255","1","S08000020","S99999999","S92000003","S99999999","0","S14000002","S15000001","S09000001","S22000047","S03000012","S30000026","99ZZ00","S00001506","01C38","S99999999","S01000079","S02000016","1","2B2","S00090555","S01006593","S02001251","S34002955","S03000012","S99999999","S99999999","1","5A3",57.138158,-2.101760,"S99999999","","S23000009",6609,"S99999999","S99999999","","",""
"AB1 2SG","AB1  2SG","AB1 2SG","198001","199606","S99999999","S99999999","S12000033","S13002846","S99999999","0","393870","0805221","1","S08000020","S99999999","S92000003","S99999999","0","S14000002","S15000001","S09000001","S22000047","S03000012","S30000026","99ZZ00","S00000055","01C38","S99999999","S01000086","S02000016","1","6D1","S00089018","S01006596","S02001251","S34002955","S03000012","S99999999","S99999999","1","5A3",57.137851,-2.102916,"S99999999","","S23000009",6881,"S99999999","S99999999","","",""
"AB1 2SH","AB1  2SH","AB1 2SH","199512","199606","S99999999","S99999999","S12000033","S13002846","S99999999","0","393896","0805198","3","S08000020","S99999999","S92000003","S99999999","0","S14000002","S15000001","S09000001","S22000047","S03000012","S30000026","99ZZ00","S00000055","01C38","S99999999","S01000086","S02000016","1","6D1","S00089018","S01006596","S02001251","S34002955","S03000012","S99999999","S99999999","1","5A3",57.137645,-2.102486,"S99999999","","S23000009",6881,"S99999999","S99999999","","",""
"AB1 2SJ","AB1  2SJ","AB1 2SJ","198001","199606","S99999999","S99999999","S12000033","S13002846","S99999999","0","394009","0804661","1","S08000020","S99999999","S92000003","S99999999","0","S14000002","S15000001","S09000001","S22000047","S03000012","S30000026","99ZZ00","S00000040","01C38","S99999999","S01000059","S02000010","1","6D2","S00088999","S01006598","S02001252","S34003141","S03000012","S99999999","S99999999","1","5A2",57.132823,-2.100605,"S99999999","","S23000009",6810,"S99999999","S99999999","","",""
"AB1 2SL","AB1  2SL","AB1 2SL","198001","199606","S99999999","S99999999","S12000033","S13002846","S99999999","0","394210","0804527","1","S08000020","S99999999","S92000003","S99999999","0","S14000002","S15000001","S09000001","S22000047","S03000012","S30000026","99ZZ00","S00000040","01C38","S99999999","S01000059","S02000010","1","6D2","S00088998","S01006598","S02001252","S34003141","S03000012","S99999999","S99999999","1","2D2",57.131622,-2.097282,"S99999999","","S23000009",6810,"S99999999","S99999999","","",""
"AB1 2SN","AB1  2SN","AB1 2SN","198001","199606","S99999999","S99999999","S12000033","S13002846","S99999999","0","394250","0804870","8","S08000020","S99999999","S92000003","S99999999","0","S14000002","S15000001","S09000001","S22000047","S03000012","S30000026","99ZZ00","S00001502","01C38","S99999999","S01000079","S02000016","1","2B1","S00090549","S01006592","S02001251","S34003021","S03000012","S99999999","S99999999","1","5A1",57.134703,-2.096629,"S99999999","","S23000009",6908,"S99999999","S99999999","","",""
"AB1 2SP","AB1  2SP","AB1 2SP","198001","199606","S99999999","S99999999","S12000033","S13002846","S99999999","0","393790","0805080","1","S08000020","S99999999","S92000003","S99999999","0","S14000002","S15000001","S09000001","S22000047","S03000012","S30000026","99ZZ00","S00001507","01C38","S99999999","S01000079","S02000016","1","2B2","S00090556","S01006593","S02001251","S34003021","S03000012","S99999999","S99999999","1","5B2",57.136584,-2.104234,"S99999999","","S23000009",6609,"S99999999","S99999999","","",""
"AB1 2SQ","AB1  2SQ","AB1 2SQ","198001","199606","S99999999","S99999999","S12000033","S13002846","S99999999","0","393918","0805408","1","S08000020","S99999999","S92000003","S99999999","0","S14000002","S15000001","S09000001","S22000047","S03000012","S30000026","99ZZ00","S00000067","01C38","S99999999","S01000086","S02000016","1","2A1","S00089030","S01006596","S02001251","S34002955","S03000012","S99999999","S99999999","1","2B1",57.139532,-2.102127,"S99999999","","S23000009",6881,"S99999999","S99999999","","",""
"AB1 2SR","AB1  2SR","AB1 2SR","198001","199606","S99999999","S99999999","S12000033","S13002846","S99999999","0","393868","0805402","1","S08000020","S99999999","S92000003","S99999999","0","S14000002","S15000001","S09000001","S22000047","S03000012","S30000026","99ZZ00","S00000057","01C38","S99999999","S01000086","S02000016","1","2A1","S00089020","S01006596","S02001251","S34002955","S03000012","S99999999","S99999999","1","2C1",57.139477,-2.102953,"S99999999","","S23000009",6881,"S99999999","S99999999","","",""
"AB1 2SS","AB1  2SS","AB1 2SS","198001","199606","S99999999","S99999999","S12000033","S13002846","S99999999","0","394033","0805320","1","S08000020","S99999999","S92000003","S99999999","0","S14000002","S15000001","S09000001","S22000047","S03000012","S30000026","99ZZ00","S00000054","01C38","S99999999","S01000079","S02000016","1","2A1","S00089014","S01006593","S02001251","S34003078","S03000012","S99999999","S99999999","1","2C1",57.138743,-2.100225,"S99999999","","S23000009",6609,"S99999999","S99999999","","",""
"AB1 2ST","AB1  2ST","AB1 2ST","198001","199606","S99999999","S99999999","S12000033","S13002846","S99999999","0","394133","0805266","1","S08000020","S99999999","S92000003","S99999999","0","S14000002","S15000001","S09000001","S22000047","S03000012","S30000026","99ZZ00","S00000053","01C38","S99999999","S01000079","S02000016","1","2A1","S00089009","S01006592","S02001251","S34003078","S03000012","S99999999","S99999999","1","2C3",57.138259,-2.098571,"S99999999","","S23000009",6908,"S99999999","S99999999","","",""
"AB1 2SU","AB1  2SU","AB1 2SU","197308","198904","S99999999","S99999999","S12000033","S13002846","S99999999","0","393810","0805150","8","S08000020","S99999999","S92000003","S99999999","0","S14000002","S15000001","S09000001","S22000047","S03000012","S30000026","99ZZ00","S00001507","01C38","S99999999","S01000079","S02000016","1","2B2","S00090556","S01006593","S02001251","S34003021","S03000012","S99999999","S99999999","1","5B2",57.137213,-2.103905,"S99999999","","S23000009",6609,"S99999999","S99999999","","",""
"AB1 2SW","AB1  2SW","AB1 2SW","198001","199606","S99999999","S99999999","S12000033","S13002846","S99999999","0","393915","0805209","1","S08000020","S99999999","S92000003","S99999999","0","S14000002","S15000001","S09000001","S22000047","S03000012","S30000026","99ZZ00","S00001506","01C38","S99999999","S01000079","S02000016","1","2B2","S00090555","S01006593","S02001251","S34002955","S03000012","S99999999","S99999999","1","5A3",57.137744,-2.102172,"S99999999","","S23000009",6609,"S99999999","S99999999","","",""
"AB1 2SX","AB1  2SX","AB1 2SX","198001","199606","S99999999","S99999999","S12000033","S13002846","S99999999","0","394046","0805265","1","S08000020","S99999999","S92000003","S99999999","0","S14000002","S15000001","S09000001","S22000047","S03000012","S30000026","99ZZ00","S00000053","01C38","S99999999","S01000079","S02000016","1","2A1","S00089013","S01006593","S02001251","S34003078","S03000012","S99999999","S99999999","1","2C1",57.138249,-2.100009,"S99999999","","S23000009",6609,"S99999999","S99999999","","",""
"AB1 2SY","AB1  2SY","AB1 2SY","198001","199606","S99999999","S99999999","S12000033","S13002846","S99999999","0","393776","0804937","1","S08000020","S99999999","S92000003","S99999999","0","S14000002","S15000001","S09000001","S22000047","S03000012","S30000026","99ZZ00","S00001499","01C38","S99999999","S01000059","S02000010","1","2B1","S00090544","S01006598","S02001252","S34003091","S03000012","S99999999","S99999999","1","2C3",57.135299,-2.104462,"S99999999","","S23000009",6810,"S99999999","S99999999","","",""
"AB1 2SZ","AB1  2SZ","AB1 2SZ","198001","199606","S99999999","S99999999","S12000033","S13002846","S99999999","0","393661","0804841","1","S08000020","S99999999","S92000003","S99999999","0","S14000002","S15000001","S09000001","S22000047","S03000012","S30000026","99ZZ00","S00001818","01C38","S99999999","S01000068","S02000010","1","4C2","S00090900","S01006602","S02001252","S34003091","S03000012","S99999999","S99999999","1","5B1",57.134435,-2.106359,"S99999999","","S23000009",6840,"S99999999","S99999999","","",""
"AB1 2TA","AB1  2TA","AB1 2TA","198001","199606","S99999999","S99999999","S12000033","S13002846","S99999999","0","394042","0805236","1","S08000020","S99999999","S92000003","S99999999","0","S14000002","S15000001","S09000001","S22000047","S03000012","S30000026","99ZZ00","S00000049","01C38","S99999999","S01000079","S02000016","1","2B1","S00089007","S01006592","S02001251","S34003078","S03000012","S99999999","S99999999","1","2C3",57.137988,-2.100074,"S99999999","","S23000009",6908,"S99999999","S99999999","","",""
"AB1 2TB","AB1  2TB","AB1 2TB","198001","199606","S99999999","S99999999","S12000033","S13002846","S99999999","0","394129","0805170","1","S08000020","S99999999","S92000003","S99999999","0","S14000002","S15000001","S09000001","S22000047","S03000012","S30000026","99ZZ00","S00000050","01C38","S99999999","S01000079","S02000016","1","2B2","S00089010","S01006592","S02001251","S34003078","S03000012","S99999999","S99999999","1","5A3",57.137397,-2.098635,"S99999999","","S23000009",6908,"S99999999","S99999999","","",""
"AB1 2TD","AB1  2TD","AB1 2TD","198001","199606","S99999999","S99999999","S12000033","S13002846","S99999999","0","394105","0805153","1","S08000020","S99999999","S92000003","S99999999","0","S14000002","S15000001","S09000001","S22000047","S03000012","S30000026","99ZZ00","S00000050","01C38","S99999999","S01000079","S02000016","1","2B2","S00089010","S01006592","S02001251","S34003078","S03000012","S99999999","S99999999","1","5A3",57.137244,-2.099031,"S99999999","","S23000009",6908,"S99999999","S99999999","","",""
"AB1 2TE","AB1  2TE","AB1 2TE","198001","199606","S99999999","S99999999","S12000033","S13002846","S99999999","0","393707","0804782","1","S08000020","S99999999","S92000003","S99999999","0","S14000002","S15000001","S09000001","S22000047","S03000012","S30000026","99ZZ00","S00001817","01C38","S99999999","S01000068","S02000010","1","6D2","S00090899","S01006602","S02001252","S34003091","S03000012","S99999999","S99999999","1","5B1",57.133905,-2.105597,"S99999999","","S23000009",6840,"S99999999","S99999999","","",""
"AB1 2TF","AB1  2TF","AB1 2TF","198001","199606","S99999999","S99999999","S12000033","S13002846","S99999999","0","393666","0804752","1","S08000020","S99999999","S92000003","S99999999","0","S14000002","S15000001","S09000001","S22000047","S03000012","S30000026","99ZZ00","S00001817","01C38","S99999999","S01000068","S02000010","1","6D2","S00090899","S01006602","S02001252","S34003091","S03000012","S99999999","S99999999","1","5B1",57.133635,-2.106274,"S99999999","","S23000009",6840,"S99999999","S99999999","","",""
"AB1 2TG","AB1  2TG","AB1 2TG","197308","199111","S99999999","S99999999","S12000033","S13002846","S99999999","0","393740","0804550","8","S08000020","S99999999","S92000003","S99999999","0","S14000002","S15000001","S09000001","S22000047","S03000012","S30000026","99ZZ00","S00000040","01C38","S99999999","S01000059","S02000010","1","6D2","S00088999","S01006598","S02001252","S34003141","S03000012","S99999999","S99999999","1","5A2",57.131822,-2.105046,"S99999999","","S23000009",6810,"S99999999","S99999999","","",""
"AB1 2TH","AB1  2TH","AB1 2TH","198001","199606","S99999999","S99999999","S12000033","S13002846","S99999999","0","393936","0804618","1","S08000020","S99999999","S92000003","S99999999","0","S14000002","S15000001","S09000001","S22000047","S03000012","S30000026","99ZZ00","S00000040","01C38","S99999999","S01000059","S02000010","1","6D2","S00088999","S01006598","S02001252","S34003141","S03000012","S99999999","S99999999","1","5A2",57.132435,-2.101810,"S99999999","","S23000009",6810,"S99999999","S99999999","","",""
"AB1 2TJ","AB1  2TJ","AB1 2TJ","198001","199606","S99999999","S99999999","S12000033","S13002846","S99999999","0","394019","0804837","1","S08000020","S99999999","S92000003","S99999999","0","S14000002","S15000001","S09000001","S22000047","S03000012","S30000026","99ZZ00","S00001497","01C38","S99999999","S01000059","S02000010","1","4C2","S00090542","S01006598","S02001252","S34003091","S03000012","S99999999","S99999999","1","5B1",57.134404,-2.100444,"S99999999","","S23000009",6810,"S99999999","S99999999","","",""
"AB1 2TL","AB1  2TL","AB1 2TL","198001","199606","S99999999","S99999999","S12000033","S13002846","S99999999","0","393552","0805355","1","S08000020","S99999999","S92000003","S99999999","0","S14000002","S15000001","S09000001","S22000047","S03000012","S30000026","99ZZ00","S00001510","01C38","S99999999","S01000088","S02000016","1","6D1","S00090559","S01006595","S02001251","S34002995","S03000012","S99999999","S99999999","1","5A3",57.139051,-2.108173,"S99999999","","S23000009",6116,"S99999999","S99999999","","",""
"AB1 2TN","AB1  2TN","AB1 2TN","198001","199606","S99999999","S99999999","S12000033","S13002846","S99999999","0","393552","0805267","1","S08000020","S99999999","S92000003","S99999999","0","S14000002","S15000001","S09000001","S22000047","S03000012","S30000026","99ZZ00","S00000056","01C38","S99999999","S01000086","S02000016","1","2B1","S00089019","S01006596","S02001251","S34002955","S03000012","S99999999","S99999999","1","2C1",57.138260,-2.108171,"S99999999","","S23000009",6881,"S99999999","S99999999","","",""
"AB1 2TP","AB1  2TP","AB1 2TP","198001","199606","S99999999","S99999999","S12000033","S13002846","S99999999","0","393498","0805187","1","S08000020","S99999999","S92000003","S99999999","0","S14000002","S15000001","S09000001","S22000047","S03000012","S30000026","99ZZ00","S00000046","01C38","S99999999","S01000086","S02000016","1","2B1","S00089004","S01006596","S02001251","S34003091","S03000012","S99999999","S99999999","1","2C1",57.137541,-2.109061,"S99999999","","S23000009",6881,"S99999999","S99999999","","",""
"AB1 2TQ","AB1  2TQ","AB1 2TQ","198001","199606","S99999999","S99999999","S12000033","S13002846","S99999999","0","393651","0805264","1","S08000020","S99999999","S92000003","S99999999","0","S14000002","S15000001","S09000001","S22000047","S03000012","S30000026","99ZZ00","S00000056","01C38","S99999999","S01000086","S02000016","1","2B1","S00089019","S01006596","S02001251","S34002955","S03000012","S99999999","S99999999","1","2C1",57.138235,-2.106535,"S99999999","","S23000009",6881,"S99999999","S99999999","","",""
"AB1 2TR","AB1  2TR","AB1 2TR","198001","199606","S99999999","S99999999","S12000033","S13002846","S99999999","0","393721","0805366","1","S08000020","S99999999","S92000003","S99999999","0","S14000002","S15000001","S09000001","S22000047","S03000012","S30000026","99ZZ00","S00000056","01C38","S99999999","S01000086","S02000016","1","2B1","S00089019","S01006596","S02001251","S34002955","S03000012","S99999999","S99999999","1","2C1",57.139152,-2.105381,"S99999999","","S23000009",6881,"S99999999","S99999999","","",""
"AB1 2TS","AB1  2TS","AB1 2TS","198001","199606","S99999999","S99999999","S12000033","S13002846","S99999999","0","393806","0805418","1","S08000020","S99999999","S92000003","S99999999","0","S14000002","S15000001","S09000001","S22000047","S03000012","S30000026","99ZZ00","S00000058","01C38","S99999999","S01000086","S02000016","1","2B2","S00089021","S01006596","S02001251","S34002955","S03000012","S99999999","S99999999","1","5A3",57.139620,-2.103978,"S99999999","","S23000009",6881,"S99999999","S99999999","","",""
"AB1 2TT","AB1  2TT","AB1 2TT","198001","199606","S99999999","S99999999","S12000033","S13002846","S99999999","0","393827","0805310","1","S08000020","S99999999","S92000003","S99999999","0","S14000002","S15000001","S09000001","S22000047","S03000012","S30000026","99ZZ00","S00000058","01C38","S99999999","S01000086","S02000016","1","2B2","S00089021","S01006596","S02001251","S34002955","S03000012","S99999999","S99999999","1","5A3",57.138650,-2.103628,"S99999999","","S23000009",6881,"S99999999","S99999999","","",""
"AB1 2TU","AB1  2TU","AB1 2TU","198001","199606","S99999999","S99999999","S12000033","S13002846","S99999999","0","394139","0804966","1","S08000020","S99999999","S92000003","S99999999","0","S14000002","S15000001","S09000001","S22000047","S03000012","S30000026","99ZZ00","S00001502","01C38","S99999999","S01000079","S02000016","1","2B1","S00090549","S01006592","S02001251","S34003021","S03000012","S99999999","S99999999","1","5A1",57.135564,-2.098465,"S99999999","","S23000009",6908,"S99999999","S99999999","","",""
"AB1 2TW","AB1  2TW","AB1 2TW","198001","199606","S99999999","S99999999","S12000033","S13002846","S99999999","0","394051","0805125","1","S08000020","S99999999","S92000003","S99999999","0","S14000002","S15000001","S09000001","S22000047","S03000012","S30000026","99ZZ00","S00000049","01C38","S99999999","S01000079","S02000016","1","2B1","S00089007","S01006592","S02001251","S34003078","S03000012","S99999999","S99999999","1","2C3",57.136991,-2.099923,"S99999999","","S23000009",6908,"S99999999","S99999999","","",""
"AB1 2TX","AB1  2TX","AB1 2TX","198001","199606","S99999999","S99999999","S12000033","S13002846","S99999999","0","393700","0805253","1","S08000020","S99999999","S92000003","S99999999","0","S14000002","S15000001","S09000001","S22000047","S03000012","S30000026","99ZZ00","S00000055","01C38","S99999999","S01000086","S02000016","1","6D1","S00089018","S01006596","S02001251","S34002955","S03000012","S99999999","S99999999","1","5A3",57.138136,-2.105725,"S99999999","","S23000009",6881,"S99999999","S99999999","","",""
"AB1 2TY","AB1  2TY","AB1 2TY","198001","199606","S99999999","S99999999","S12000033","S13002846","S99999999","0","393990","0804865","1","S08000020","S99999999","S92000003","S99999999","0","S14000002","S15000001","S09000001","S22000047","S03000012","S30000026","99ZZ00","S00001501","01C38","S99999999","S01000059","S02000010","1","4D2","S00090548","S01006598","S02001252","S34003021","S03000012","S99999999","S99999999","1","5B1",57.134655,-2.100924,"S99999999","","S23000009",6810,"S99999999","S99999999","","",""
"AB1 2TZ","AB1  2TZ","AB1 2TZ","198001","199606","S99999999","S99999999","S12000033","S13002846","S99999999","0","394043","0804914","1","S08000020","S99999999","S92000003","S99999999","0","S14000002","S15000001","S09000001","S22000047","S03000012","S30000026","99ZZ00","S00001501","01C38","S99999999","S01000059","S02000010","1","4D2","S00090548","S01006598","S02001252","S34003021","S03000012","S99999999","S99999999","1","5B1",57.135096,-2.100050,"S99999999","","S23000009",6810,"S99999999","S99999999","","",""
"AB1 2UA","AB1  2UA","AB1 2UA","198001","199606","S99999999","S99999999","S12000033","S13002846","S99999999","0","393773","0805236","1","S08000020","S99999999","S92000003","S99999999","0","S14000002","S15000001","S09000001","S22000047","S03000012","S30000026","99ZZ00","S00000055","01C38","S99999999","S01000086","S02000016","1","6D1","S00089018","S01006596","S02001251","S34002955","S03000012","S99999999","S99999999","1","5A3",57.137985,-2.104519,"S99999999","","S23000009",6881,"S99999999","S99999999","","",""
"AB1 2UB","AB1  2UB","AB1 2UB","198001","199606","S99999999","S99999999","S12000033","S13002846","S99999999","0","393722","0805135","1","S08000020","S99999999","S92000003","S99999999","0","S14000002","S15000001","S09000001","S22000047","S03000012","S30000026","99ZZ00","S00000045","01C38","S99999999","S01000086","S02000016","1","2B2","S00089003","S01006596","S02001251","S34003091","S03000012","S99999999","S99999999","1","2A3",57.137077,-2.105359,"S99999999","","S23000009",6881,"S99999999","S99999999","","",""
"AB1 2UD","AB1  2UD","AB1 2UD","198001","199606","S99999999","S99999999","S12000033","S13002846","S99999999","0","393689","0805094","1","S08000020","S99999999","S92000003","S99999999","0","S14000002","S15000001","S09000001","S22000047","S03000012","S30000026","99ZZ00","S00000045","01C38","S99999999","S01000086","S02000016","1","2B2","S00089003","S01006596","S02001251","S34003091","S03000012","S99999999","S99999999","1","2A3",57.136708,-2.105903,"S99999999","","S23000009",6881,"S99999999","S99999999","","",""
"AB1 2UE","AB1  2UE","AB1 2UE","198001","199606","S99999999","S99999999","S12000033","S13002846","S99999999","0","394063","0804755","1","S08000020","S99999999","S92000003","S99999999","0","S14000002","S15000001","S09000001","S22000047","S03000012","S30000026","99ZZ00","S00001498","01C38","S99999999","S01000059","S02000010","1","4C1","S00090543","S01006598","S02001252","S34003091","S03000012","S99999999","S99999999","1","6A4",57.133668,-2.099716,"S99999999","","S23000009",6810,"S99999999","S99999999","","",""
"AB1 2UF","AB1  2UF","AB1 2UF","198001","199606","S99999999","S99999999","S12000033","S13002846","S99999999","0","394035","0804809","1","S08000020","S99999999","S92000003","S99999999","0","S14000002","S15000001","S09000001","S22000047","S03000012","S30000026","99ZZ00","S00001497","01C38","S99999999","S01000059","S02000010","1","4C2","S00090542","S01006598","S02001252","S34003091","S03000012","S99999999","S99999999","1","5B1",57.134152,-2.100179,"S99999999","","S23000009",6810,"S99999999","S99999999","","",""
"AB1 2UG","AB1  2UG","AB1 2UG","198001","199606","S99999999","S99999999","S12000033","S13002846","S99999999","0","393956","0804941","1","S08000020","S99999999","S92000003","S99999999","0","S14000002","S15000001","S09000001","S22000047","S03000012","S30000026","99ZZ00","S00000047","01C38","S99999999","S01000059","S02000010","1","6D1","S00089005","S01006598","S02001252","S34003021","S03000012","S99999999","S99999999","1","5A1",57.135337,-2.101488,"S99999999","","S23000009",6810,"S99999999","S99999999","","",""
"AB1 2UH","AB1  2UH","AB1 2UH","198001","199606","S99999999","S99999999","S12000033","S13002846","S99999999","0","394014","0805025","1","S08000020","S99999999","S92000003","S99999999","0","S14000002","S15000001","S09000001","S22000047","S03000012","S30000026","99ZZ00","S00000047","01C38","S99999999","S01000059","S02000010","1","6D1","S00089005","S01006598","S02001252","S34003021","S03000012","S99999999","S99999999","1","5A1",57.136093,-2.100532,"S99999999","","S23000009",6810,"S99999999","S99999999","","",""
"AB1 2UJ","AB1  2UJ","AB1 2UJ","198001","199606","S99999999","S99999999","S12000033","S13002846","S99999999","0","393552","0805156","1","S08000020","S99999999","S92000003","S99999999","0","S14000002","S15000001","S09000001","S22000047","S03000012","S30000026","99ZZ00","S00000046","01C38","S99999999","S01000086","S02000016","1","2B1","S00089004","S01006596","S02001251","S34003091","S03000012","S99999999","S99999999","1","2C1",57.137263,-2.108168,"S99999999","","S23000009",6881,"S99999999","S99999999","","",""
"AB1 2UL","AB1  2UL","AB1 2UL","198001","199606","S99999999","S99999999","S12000033","S13002846","S99999999","0","393298","0805181","1","S08000020","S99999999","S92000003","S99999999","0","S14000002","S15000001","S09000001","S22000047","S03000012","S30000026","99ZZ00","S00001511","01C38","S99999999","S01000085","S02000016","1","2A1","S00090560","S01006597","S02001251","S34003113","S03000012","S99999999","S99999999","1","2C1",57.137484,-2.112365,"S99999999","","S23000009",3712,"S99999999","S99999999","","",""
"AB1 2UN","AB1  2UN","AB1 2UN","198001","199606","S99999999","S99999999","S12000033","S13002846","S99999999","0","393552","0805111","1","S08000020","S99999999","S92000003","S99999999","0","S14000002","S15000001","S09000001","S22000047","S03000012","S30000026","99ZZ00","S00001500","01C38","S99999999","S01000068","S02000010","1","2B1","S00090547","S01006602","S02001252","S34003091","S03000012","S99999999","S99999999","1","5B2",57.136859,-2.108167,"S99999999","","S23000009",6840,"S99999999","S99999999","","",""
"AB1 2UP","AB1  2UP","AB1 2UP","198001","199606","S99999999","S99999999","S12000033","S13002846","S99999999","0","393291","0805151","1","S08000020","S99999999","S92000003","S99999999","0","S14000002","S15000001","S09000001","S22000047","S03000012","S30000026","99ZZ00","S00000042","01C37","S99999999","S01000085","S02000016","1","2A1","S00089000","S01006595","S02001251","S34003106","S03000012","S99999999","S99999999","1","2C3",57.137214,-2.112480,"S99999999","","S23000009",6116,"S99999999","S99999999","","",""
"AB1 2UQ","AB1  2UQ","AB1 2UQ","198001","199606","S99999999","S99999999","S12000033","S13002846","S99999999","0","393393","0805135","1","S08000020","S99999999","S92000003","S99999999","0","S14000002","S15000001","S09000001","S22000047","S03000012","S30000026","99ZZ00","S00000041","01C37","S99999999","S01000088","S02000016","1","2A1","S00089000","S01006595","S02001251","S34003106","S03000012","S99999999","S99999999","1","2C3",57.137072,-2.110794,"S99999999","","S23000009",6116,"S99999999","S99999999","","",""
"AB1 2UR","AB1  2UR","AB1 2UR","198001","199606","S99999999","S99999999","S12000033","S13002846","S99999999","0","393514","0805056","1","S08000020","S99999999","S92000003","S99999999","0","S14000002","S15000001","S09000001","S22000047","S03000012","S30000026","99ZZ00","S00000044","01C37","S99999999","S01000068","S02000010","1","2B2","S00089002","S01006602","S02001252","S34003091","S03000012","S99999999","S99999999","1","5A2",57.136364,-2.108793,"S99999999","","S23000009",6840,"S99999999","S99999999","","",""
"AB1 2US","AB1  2US","AB1 2US","198001","199606","S99999999","S99999999","S12000033","S13002846","S99999999","0","393485","0804948","1","S08000020","S99999999","S92000003","S99999999","0","S14000002","S15000001","S09000001","S22000047","S03000012","S30000026","99ZZ00","S00000043","01C37","S99999999","S01000075","S02000016","1","6A2","S00089001","S01006594","S02001251","S34003106","S03000012","S99999999","S99999999","1","6B2",57.135394,-2.109269,"S99999999","","S23000009",6383,"S99999999","S99999999","","",""
"AB1 2UU","AB1  2UU","AB1 2UU","198001","199606","S99999999","S99999999","S12000033","S13002846","S99999999","0","393913","0805066","1","S08000020","S99999999","S92000003","S99999999","0","S14000002","S15000001","S09000001","S22000047","S03000012","S30000026","99ZZ00","S00000048","01C38","S99999999","S01000059","S02000010","1","6D2","S00089006","S01006598","S02001252","S34003021","S03000012","S99999999","S99999999","1","5A3",57.136459,-2.102201,"S99999999","","S23000009",6810,"S99999999","S99999999","","",""
"AB1 2UW","AB1  2UW","AB1 2UW","198001","199606","S99999999","S99999999","S12000033","S13002846","S99999999","0","393895","0804979","1","S08000020","S99999999","S92000003","S99999999","0","S14000002","S15000001","S09000001","S22000047","S03000012","S30000026","99ZZ00","S00000048","01C38","S99999999","S01000059","S02000010","1","6D2","S00089006","S01006598","S02001252","S34003021","S03000012","S99999999","S99999999","1","5A3",57.135678,-2.102497,"S99999999","","S23000009",6810,"S99999999","S99999999","","",""
"AB1 2UX","AB1  2UX","AB1 2UX","198001","199606","S99999999","S99999999","S12000033","S13002846","S99999999","0","393545","0805655","1","S08000020","S99999999","S92000003","S99999999","0","S14000002","S15000001","S09000001","S22000047","S03000012","S30000026","99ZZ00","S00001524","01C27","S99999999","S01000100","S02000018","1","2B2","S00090576","S01006582","S02001249","S34002995","S03000012","S99999999","S99999999","1","2C1",57.141745,-2.108297,"S99999999","","S23000009",3921,"S99999999","S99999999","","",""
"AB1 2UY","AB1  2UY","AB1 2UY","198001","199606","S99999999","S99999999","S12000033","S13002846","S99999999","0","393804","0805462","1","S08000020","S99999999","S92000003","S99999999","0","S14000002","S15000001","S09000001","S22000047","S03000012","S30000026","99ZZ00","S00000068","01C38","S99999999","S01000093","S02000016","1","2A1","S00089031","S01006591","S02001251","S34002955","S03000012","S99999999","S99999999","1","2C2",57.140015,-2.104012,"S99999999","","S23000009",4598,"S99999999","S99999999","","",""
"AB1 2UZ","AB1  2UZ","AB1 2UZ","198001","199606","S99999999","S99999999","S12000033","S13002846","S99999999","0","393821","0805525","1","S08000020","S99999999","S92000003","S99999999","0","S14000002","S15000001","S09000001","S22000047","S03000012","S30000026","99ZZ00","S00001519","01C38","S99999999","S01000093","S02000016","1","6D1","S00090569","S01006591","S02001251","S34002955","S03000012","S99999999","S99999999","1","2C1",57.140581,-2.103733,"S99999999","","S23000009",4598,"S99999999","S99999999","","",""
"AB1 2WA","AB1  2WA","AB1 2WA","198001","199606","S99999999","S99999999","S12000033","S13002846","S99999999","0","393967","0804583","1","S08000020","S99999999","S92000003","S99999999","0","S14000002","S15000001","S09000001","S22000047","S03000012","S30000026","99ZZ00","S00000040","01C38","S99999999","S01000059","S02000010","1","6D2","S00088999","S01006598","S02001252","S34003141","S03000012","S99999999","S99999999","1","5A2",57.132121,-2.101297,"S99999999","","S23000009",6810,"S99999999","S99999999","","",""
"AB1 2WB","AB1  2WB","AB1 2WB","198001","199606","S99999999","S99999999","S12000033","S13002846","S99999999","0","393925","0805083","1","S08000020","S99999999","S92000003","S99999999","0","S14000002","S15000001","S09000001","S22000047","S03000012","S30000026","99ZZ00","S00000048","01C38","S99999999","S01000059","S02000010","1","6D2","S00089006","S01006598","S02001252","S34003021","S03000012","S99999999","S99999999","1","5A3",57.136612,-2.102004,"S99999999","","S23000009",6810,"S99999999","S99999999","","",""
"AB1 2WD","AB1  2WD","AB1 2WD","198001","199606","S99999999","S99999999","S12000033","S13002846","S99999999","0","393607","0804908","1","S08000020","S99999999","S92000003","S99999999","0","S14000002","S15000001","S09000001","S22000047","S03000012","S30000026","99ZZ00","S00001818","01C38","S99999999","S01000068","S02000010","1","4C2","S00090900","S01006602","S02001252","S34003091","S03000012","S99999999","S99999999","1","5B1",57.135036,-2.107253,"S99999999","","S23000009",6840,"S99999999","S99999999","","",""
"AB1 2WE","AB1  2WE","AB1 2WE","197504","199111","S99999999","S99999999","S12000033","S13002846","S99999999","0","394200","0804860","8","S08000020","S99999999","S92000003","S99999999","0","S14000002","S15000001","S09000001","S22000047","S03000012","S30000026","99ZZ00","S00001502","01C38","S99999999","S01000079","S02000016","1","2B1","S00090550","S01006592","S02001251","S34003141","S03000012","S99999999","S99999999","1","2B1",57.134613,-2.097455,"S99999999","","S23000009",6908,"S99999999","S99999999","","",""
"AB1 2WF","AB1  2WF","AB1 2WF","199103","199606","S99999999","S99999999","S12000033","S13002846","S99999999","0","393860","0805487","1","S08000020","S99999999","S92000003","S99999999","0","S14000002","S15000001","S09000001","S22000047","S03000012","S30000026","99ZZ00","S00001518","01C38","S99999999","S01000093","S02000016","1","2B1","S00089031","S01006591","S02001251","S34002955","S03000012","S99999999","S99999999","1","2C2",57.140241,-2.103088,"S99999999","","S23000009",4598,"S99999999","S99999999","","",""
"AB1 2WG","AB1  2WG","AB1 2WG","199107","199606","S99999999","S99999999","S12000033","S13002846","S99999999","0","393711","0805023","1","S08000020","S99999999","S92000003","S99999999","0","S14000002","S15000001","S09000001","S22000047","S03000012","S30000026","99ZZ00","S00000045","01C38","S99999999","S01000086","S02000016","1","2B2","S00089003","S01006596","S02001251","S34003091","S03000012","S99999999","S99999999","1","2A3",57.136070,-2.105538,"S99999999","","S23000009",6881,"S99999999","S99999999","","",""
"AB1 2WH","AB1  2WH","AB1 2WH","199201","199606","S99999999","S99999999","S12000033","S13002846","S99999999","0","393952","0805474","1","S08000020","S99999999","S92000003","S99999999","0","S14000002","S15000001","S09000001","S22000047","S03000012","S30000026","99ZZ00","S00001505","01C38","S99999999","S01000093","S02000016","1","2A1","S00090554","S01006591","S02001251","S34002955","S03000012","S99999999","S99999999","1","2C1",57.140125,-2.101567,"S99999999","","S23000009",4598,"S99999999","S99999999","","",""
"AB1 2XA","AB1  2XA","AB1 2XA","198001","199606","S99999999","S99999999","S12000033","S13002846","S99999999","0","393505","0805536","1","S08000020","S99999999","S92000003","S99999999","0","S14000002","S15000001","S09000001","S22000047","S03000012","S30000026","99ZZ00","S00001513","01C27","S99999999","S01000094","S02000018","1","2A1","S00090563","S01006583","S02001249","S34002995","S03000012","S99999999","S99999999","1","2C2",57.140676,-2.108955,"S99999999","","S23000009",5250,"S99999999","S99999999","","",""
"AB1 2XB","AB1  2XB","AB1 2XB","198001","199606","S99999999","S99999999","S12000033","S13002846","S99999999","0","393454","0805548","1","S08000020","S99999999","S92000003","S99999999","0","S14000002","S15000001","S09000001","S22000047","S03000012","S30000026","99ZZ00","S00001513","01C27","S99999999","S01000094","S02000018","1","2A1","S00090563","S01006583","S02001249","S34002995","S03000012","S99999999","S99999999","1","2C2",57.140783,-2.109798,"S99999999","","S23000009",5250,"S99999999","S99999999","","",""
"AB1 2XD","AB1  2XD","AB1 2XD","198001","199606","S99999999","S99999999","S12000033","S13002846","S99999999","0","393332","0805453","1","S08000020","S99999999","S92000003","S99999999","0","S14000002","S15000001","S09000001","S22000047","S03000012","S30000026","99ZZ00","S00000065","01C38","S99999999","S01000094","S02000018","1","2A1","S00089028","S01006583","S02001249","S34003108","S03000012","S99999999","S99999999","1","2B1",57.139928,-2.111811,"S99999999","","S23000009",5250,"S99999999","S99999999","","",""
"AB1 2XE","AB1  2XE","AB1 2XE","198001","199606","S99999999","S99999999","S12000033","S13002846","S99999999","0","393821","0805395","1","S08000020","S99999999","S92000003","S99999999","0","S14000002","S15000001","S09000001","S22000047","S03000012","S30000026","99ZZ00","S00000057","01C38","S99999999","S01000086","S02000016","1","2A1","S00089020","S01006596","S02001251","S34002955","S03000012","S99999999","S99999999","1","2C1",57.139414,-2.103730,"S99999999","","S23000009",6881,"S99999999","S99999999","","",""
"AB1 2XF","AB1  2XF","AB1 2XF","198001","199606","S99999999","S99999999","S12000033","S13002846","S99999999","0","393868","0805382","1","S08000020","S99999999","S92000003","S99999999","0","S14000002","S15000001","S09000001","S22000047","S03000012","S30000026","99ZZ00","S00000058","01C38","S99999999","S01000086","S02000016","1","2B2","S00089021","S01006596","S02001251","S34002955","S03000012","S99999999","S99999999","1","5A3",57.139298,-2.102953,"S99999999","","S23000009",6881,"S99999999","S99999999","","",""
"AB1 2XG","AB1  2XG","AB1 2XG","198001","199606","S99999999","S99999999","S12000033","S13002846","S99999999","0","393640","0804980","8","S08000020","S99999999","S92000003","S99999999","0","S14000002","S15000001","S09000001","S22000047","S03000012","S30000026","99ZZ00","S00001500","01C38","S99999999","S01000068","S02000010","1","2B1","S00090546","S01006602","S02001252","S34003091","S03000012","S99999999","S99999999","1","7D4",57.135683,-2.106709,"S99999999","","S23000009",6840,"S99999999","S99999999","","",""
"AB1 2XH","AB1  2XH","AB1 2XH","198001","199606","S99999999","S99999999","S12000033","S13002846","S99999999","0","393595","0805033","1","S08000020","S99999999","S92000003","S99999999","0","S14000002","S15000001","S09000001","S22000047","S03000012","S30000026","99ZZ00","S00001500","01C38","S99999999","S01000068","S02000010","1","2B1","S00090547","S01006602","S02001252","S34003091","S03000012","S99999999","S99999999","1","5B2",57.136159,-2.107454,"S99999999","","S23000009",6840,"S99999999","S99999999","","",""
"AB1 2XJ","AB1  2XJ","AB1 2XJ","198001","199606","S99999999","S99999999","S12000033","S13002846","S99999999","0","393262","0805462","1","S08000020","S99999999","S92000003","S99999999","0","S14000002","S15000001","S09000001","S22000047","S03000012","S30000026","99ZZ00","S00000065","01C38","S99999999","S01000094","S02000018","1","2A1","S00089028","S01006583","S02001249","S34003108","S03000012","S99999999","S99999999","1","2B1",57.140008,-2.112968,"S99999999","","S23000009",5250,"S99999999","S99999999","","",""
"AB1 2XL","AB1  2XL","AB1 2XL","198001","199606","S99999999","S99999999","S12000033","S13002846","S99999999","0","393294","0805489","1","S08000020","S99999999","S92000003","S99999999","0","S14000002","S15000001","S09000001","S22000047","S03000012","S30000026","99ZZ00","S00001514","01C27","S99999999","S01000094","S02000018","1","2A1","S00090564","S01006583","S02001249","S34003095","S03000012","S99999999","S99999999","1","2B1",57.140251,-2.112440,"S99999999","","S23000009",5250,"S99999999","S99999999","","",""
"AB1 2XN","AB1  2XN","AB1 2XN","198001","199606","S99999999","S99999999","S12000033","S13002846","S99999999","0","393437","0805430","1","S08000020","S99999999","S92000003","S99999999","0","S14000002","S15000001","S09000001","S22000047","S03000012","S30000026","99ZZ00","S00000066","01C38","S99999999","S01000088","S02000016","1","2A1","S00089029","S01006595","S02001251","S34002995","S03000012","S99999999","S99999999","1","2C2",57.139723,-2.110075,"S99999999","","S23000009",6116,"S99999999","S99999999","","",""
"AB1 2XP","AB1  2XP","AB1 2XP","198001","199606","S99999999","S99999999","S12000033","S13002846","S99999999","0","393444","0805398","1","S08000020","S99999999","S92000003","S99999999","0","S14000002","S15000001","S09000001","S22000047","S03000012","S30000026","99ZZ00","S00000066","01C38","S99999999","S01000088","S02000016","1","2A1","S00089029","S01006595","S02001251","S34002995","S03000012","S99999999","S99999999","1","2C2",57.139435,-2.109959,"S99999999","","S23000009",6116,"S99999999","S99999999","","",""
"AB1 2XQ","AB1  2XQ","AB1 2XQ","198001","199606","S99999999","S99999999","S12000033","S13002846","S99999999","0","393357","0805349","1","S08000020","S99999999","S92000003","S99999999","0","S14000002","S15000001","S09000001","S22000047","S03000012","S30000026","99ZZ00","S00000059","01C38","S99999999","S01000088","S02000016","1","2A1","S00089022","S01006595","S02001251","S34002995","S03000012","S99999999","S99999999","1","2C1",57.138994,-2.111395,"S99999999","","S23000009",6116,"S99999999","S99999999","","",""
"AB1 2XR","AB1  2XR","AB1 2XR","198001","199606","S99999999","S99999999","S12000033","S13002846","S99999999","0","393316","0805422","1","S08000020","S99999999","S92000003","S99999999","0","S14000002","S15000001","S09000001","S22000047","S03000012","S30000026","99ZZ00","S00000064","01C38","S99999999","S01000085","S02000016","1","2A1","S00089027","S01006597","S02001251","S34003108","S03000012","S99999999","S99999999","1","2B1",57.139649,-2.112074,"S99999999","","S23000009",3712,"S99999999","S99999999","","",""
"AB1 2XS","AB1  2XS","AB1 2XS","198001","199606","S99999999","S99999999","S12000033","S13002846","S99999999","0","393297","0805397","1","S08000020","S99999999","S92000003","S99999999","0","S14000002","S15000001","S09000001","S22000047","S03000012","S30000026","99ZZ00","S00000063","01C38","S99999999","S01000085","S02000016","1","2A1","S00089026","S01006597","S02001251","S34003108","S03000012","S99999999","S99999999","1","2C3",57.139424,-2.112388,"S99999999","","S23000009",3712,"S99999999","S99999999","","",""
"AB1 2XT","AB1  2XT","AB1 2XT","198001","199606","S99999999","S99999999","S12000033","S13002846","S99999999","0","393283","0805376","1","S08000020","S99999999","S92000003","S99999999","0","S14000002","S15000001","S09000001","S22000047","S03000012","S30000026","99ZZ00","S00000061","01C38","S99999999","S01000085","S02000016","1","2A1","S00089024","S01006597","S02001251","S34003108","S03000012","S99999999","S99999999","1","2B1",57.139235,-2.112618,"S99999999","","S23000009",3712,"S99999999","S99999999","","",""
"AB1 2XU","AB1  2XU","AB1 2XU","198001","199606","S99999999","S99999999","S12000033","S13002846","S99999999","0","393413","0804885","1","S08000020","S99999999","S92000003","S99999999","0","S14000002","S15000001","S09000001","S22000047","S03000012","S30000026","99ZZ00","S00000043","01C37","S99999999","S01000075","S02000016","1","6A2","S00089001","S01006594","S02001251","S34003106","S03000012","S99999999","S99999999","1","6B2",57.134827,-2.110457,"S99999999","","S23000009",6383,"S99999999","S99999999","","",""
"AB1 2XW","AB1  2XW","AB1 2XW","198101","199606","S99999999","S99999999","S12000033","S13002846","S99999999","0","393413","0805320","1","S08000020","S99999999","S92000003","S99999999","0","S14000002","S15000001","S09000001","S22000047","S03000012","S30000026","99ZZ00","S00000060","01C38","S99999999","S01000088","S02000016","1","6D1","S00089023","S01006595","S02001251","S34002995","S03000012","S99999999","S99999999","1","5A3",57.138734,-2.110469,"S99999999","","S23000009",6116,"S99999999","S99999999","","",""
"AB1 2XX","AB1  2XX","AB1 2XX","198001","199606","S99999999","S99999999","S12000033","S13002846","S99999999","0","393267","0805350","1","S08000020","S99999999","S92000003","S99999999","0","S14000002","S15000001","S09000001","S22000047","S03000012","S30000026","99ZZ00","S00000062","01C38","S99999999","S01000085","S02000016","1","2A1","S00089025","S01006597","S02001251","S34003108","S03000012","S99999999","S99999999","1","2B1",57.139001,-2.112882,"S99999999","","S23000009",3712,"S99999999","S99999999","","",""
"AB1 2XY","AB1  2XY","AB1 2XY","198001","199606","S99999999","S99999999","S12000033","S13002846","S99999999","0","393374","0805012","1","S08000020","S99999999","S92000003","S99999999","0","S14000002","S15000001","S09000001","S22000047","S03000012","S30000026","99ZZ00","S00000043","01C37","S99999999","S01000075","S02000016","1","6A2","S00089001","S01006594","S02001251","S34003106","S03000012","S99999999","S99999999","1","6B2",57.135967,-2.111105,"S99999999","","S23000009",6383,"S99999999","S99999999","","",""
"AB1 2XZ","AB1  2XZ","AB1 2XZ","198001","199606","S99999999","S99999999","S12000033","S13002846","S99999999","0","393360","0805095","1","S08000020","S99999999","S92000003","S99999999","0","S14000002","S15000001","S09000001","S22000047","S03000012","S30000026","99ZZ00","S00000043","01C37","S99999999","S01000075","S02000016","1","6A2","S00089001","S01006594","S02001251","S34003106","S03000012","S99999999","S99999999","1","6B2",57.136712,-2.111339,"S99999999","","S23000009",6383,"S99999999","S99999999","","",""
"AB1 2YA","AB1  2YA","AB1 2YA","199402","199606","S99999999","S99999999","S12000033","S13002846","S99999999","0","393293","0805255","3","S08000020","S99999999","S92000003","S99999999","0","S14000002","S15000001","S09000001","S22000047","S03000012","S30000026","99ZZ00","S00001511","01C38","S99999999","S01000085","S02000016","1","2A1","S00090560","S01006597","S02001251","S34003113","S03000012","S99999999","S99999999","1","2C1",57.138148,-2.112450,"S99999999","","S23000009",3712,"S99999999","S99999999","","",""
"AB1 2YB","AB1  2YB","AB1 2YB","198001","199606","S99999999","S99999999","S12000033","S13002846","S99999999","0","393285","0805233","1","S08000020","S99999999","S92000003","S99999999","0","S14000002","S15000001","S09000001","S22000047","S03000012","S30000026","99ZZ00","S00001511","01C38","S99999999","S01000085","S02000016","1","2A1","S00090560","S01006597","S02001251","S34003113","S03000012","S99999999","S99999999","1","2C1",57.137951,-2.112581,"S99999999","","S23000009",3712,"S99999999","S99999999","","",""
"AB1 2YD","AB1  2YD","AB1 2YD","198302","199606","S99999999","S99999999","S12000033","S13002846","S99999999","0","393455","0805337","1","S08000020","S99999999","S92000003","S99999999","0","S14000002","S15000001","S09000001","S22000047","S03000012","S30000026","99ZZ00","S00000060","01C38","S99999999","S01000088","S02000016","1","6D1","S00089023","S01006595","S02001251","S34002995","S03000012","S99999999","S99999999","1","5A3",57.138887,-2.109775,"S99999999","","S23000009",6116,"S99999999","S99999999","","",""
"AB1 2YE","AB1  2YE","AB1 2YE","198001","199606","S99999999","S99999999","S12000033","S13002846","S99999999","0","393504","0805718","1","S08000020","S99999999","S92000003","S99999999","0","S14000002","S15000001","S09000001","S22000047","S03000012","S30000026","99ZZ00","S00001523","01C27","S99999999","S01000100","S02000018","1","2B2","S00090575","S01006582","S02001249","S34002995","S03000012","S99999999","S99999999","1","2C1",57.142311,-2.108976,"S99999999","","S23000009",3921,"S99999999","S99999999","","",""
"AB1 2YF","AB1  2YF","AB1 2YF","199512","199512","S99999999","S99999999","S12000033","S13002842","S99999999","1","394643","0806194","6","S08000020","S99999999","S92000003","S99999999","0","S14000001","S15000001","S09000001","S22000047","S03000012","S30000026","99ZZ00","S00001616","01C28","S99999999","S01000108","S02000022","1","2A1","S00090678","S01006637","S02001259","S34003092","S03000012","S99999999","S99999999","1","2B1",57.146602,-2.090165,"S99999999","","S23000009",2463,"S99999999","S99999999","","",""
"AB1 2YG","AB1  2YG","AB1 2YG","198001","199606","S99999999","S99999999","S12000033","S13002846","S99999999","0","393472","0805444","1","S08000020","S99999999","S92000003","S99999999","0","S14000002","S15000001","S09000001","S22000047","S03000012","S30000026","99ZZ00","S00001517","01C27","S99999999","S01000094","S02000018","1","5C2","S00090568","S01006583","S02001249","S34002995","S03000012","S99999999","S99999999","1","2A3",57.139849,-2.109497,"S99999999","","S23000009",5250,"S99999999","S99999999","","",""
"AB1 2YH","AB1  2YH","AB1 2YH","198001","199606","S99999999","S99999999","S12000033","S13002846","S99999999","0","393522","0805506","1","S08000020","S99999999","S92000003","S99999999","0","S14000002","S15000001","S09000001","S22000047","S03000012","S30000026","99ZZ00","S00001517","01C27","S99999999","S01000094","S02000018","1","5C2","S00090568","S01006583","S02001249","S34002995","S03000012","S99999999","S99999999","1","2A3",57.140407,-2.108673,"S99999999","","S23000009",5250,"S99999999","S99999999","","",""
"AB1 2YJ","AB1  2YJ","AB1 2YJ","199205","199405","S99999999","S99999999","S12000033","S13002846","S99999999","0","393550","0805410","8","S08000020","S99999999","S92000003","S99999999","0","S14000002","S15000001","S09000001","S22000047","S03000012","S30000026","99ZZ00","S00001508","01C38","S99999999","S01000088","S02000016","1","2A1","S00090557","S01006595","S02001251","S34002995","S03000012","S99999999","S99999999","1","2B1",57.139545,-2.108208,"S99999999","","S23000009",6116,"S99999999","S99999999","","",""
"AB1 2YQ","AB1  2YQ","AB1 2YQ","199512","199606","S99999999","S99999999","S12000033","S13002846","S99999999","1","393838","0804959","6","S08000020","S99999999","S92000003","S99999999","0","S14000002","S15000001","S09000001","S22000047","S03000012","S30000026","99ZZ00","S00001499","01C38","S99999999","S01000059","S02000010","1","2B1","S00090545","S01006598","S02001252","S34003021","S03000012","S99999999","S99999999","1","2C3",57.135497,-2.103438,"S99999999","","S23000009",6810,"S99999999","S99999999","","",""
"AB1 2YU","AB1  2YU","AB1 2YU","198001","199606","S99999999","S99999999","S12000033","S13002846","S99999999","0","393365","0805410","1","S08000020","S99999999","S92000003","S99999999","0","S14000002","S15000001","S09000001","S22000047","S03000012","S30000026","99ZZ00","S00000064","01C38","S99999999","S01000085","S02000016","1","2A1","S00089027","S01006597","S02001251","S34003108","S03000012","S99999999","S99999999","1","2B1",57.139542,-2.111264,"S99999999","","S23000009",3712,"S99999999","S99999999","","",""
"AB1 2YW","AB1  2YW","AB1 2YW","199512","199512","S99999999","S99999999","S12000033","S13002846","S99999999","0","394070","0804950","8","S08000020","S99999999","S92000003","S99999999","0","S14000002","S15000001","S09000001","S22000047","S03000012","S30000026","99ZZ00","S00001502","01C38","S99999999","S01000079","S02000016","1","2B1","S00090549","S01006592","S02001251","S34003021","S03000012","S99999999","S99999999","1","5A1",57.135420,-2.099605,"S99999999","","S23000009",6908,"S99999999","S99999999","","",""
"AB1 2YZ","AB1  2YZ","AB1 2YZ","198001","199606","S99999999","S99999999","S12000033","S13002846","S99999999","0","394085","0804974","1","S08000020","S99999999","S92000003","S99999999","0","S14000002","S15000001","S09000001","S22000047","S03000012","S30000026","99ZZ00","S00001502","01C38","S99999999","S01000079","S02000016","1","2B1","S00090549","S01006592","S02001251","S34003021","S03000012","S99999999","S99999999","1","5A1",57.135635,-2.099357,"S99999999","","S23000009",6908,"S99999999","S99999999","","",""
"AB1 3AA","AB1  3AA","AB1 3AA","198001","199606","S99999999","S99999999","S12000033","S13002846","S99999999","0","394583","0805250","1","S08000020","S99999999","S92000003","S99999999","0","S14000002","S15000001","S09000001","S22000047","S03000012","S30000026","99ZZ00","S00000102","01C39","S99999999","S01000084","S02000012","1","2A1","S00089068","S01006627","S02001257","S34003074","S03000012","S99999999","S99999999","1","7B1",57.138121,-2.091136,"S99999999","","S23000009",1238,"S99999999","S99999999","","",""
"AB1 3AB","AB1  3AB","AB1 3AB","198001","199606","S99999999","S99999999","S12000033","S13002846","S99999999","0","394405","0805032","1","S08000020","S99999999","S92000003","S99999999","0","S14000002","S15000001","S09000001","S22000047","S03000012","S30000026","99ZZ00","S00000102","01C39","S99999999","S01000084","S02000012","1","2A1","S00089068","S01006627","S02001257","S34003074","S03000012","S99999999","S99999999","1","7B1",57.136160,-2.094072,"S99999999","","S23000009",1238,"S99999999","S99999999","","",""
"AB1 3AD","AB1  3AD","AB1 3AD","198001","199606","S99999999","S99999999","S12000033","S13002846","S99999999","0","394568","0805221","1","S08000020","S99999999","S92000003","S99999999","0","S14000002","S15000001","S09000001","S22000047","S03000012","S30000026","99ZZ00","S00000102","01C39","S99999999","S01000084","S02000012","1","2A1","S00089068","S01006627","S02001257","S34003074","S03000012","S99999999","S99999999","1","7B1",57.137860,-2.091383,"S99999999","","S23000009",1238,"S99999999","S99999999","","",""
"AB1 3AE","AB1  3AE","AB1 3AE","198001","199606","S99999999","S99999999","S12000033","S13002846","S99999999","0","394554","0805202","1","S08000020","S99999999","S92000003","S99999999","0","S14000002","S15000001","S09000001","S22000047","S03000012","S30000026","99ZZ00","S00000102","01C39","S99999999","S01000084","S02000012","1","2A1","S00089066","S01006628","S02001257","S34003074","S03000012","S99999999","S99999999","1","2C2",57.137689,-2.091614,"S99999999","","S23000009",2163,"S99999999","S99999999","","",""
"AB1 3AH","AB1  3AH","AB1 3AH","198001","199606","S99999999","S99999999","S12000033","S13002846","S99999999","0","394481","0805046","1","S08000020","S99999999","S92000003","S99999999","0","S14000002","S15000001","S09000001","S22000047","S03000012","S30000026","99ZZ00","S00000091","01C39","S99999999","S01000066","S02000012","1","2A1","S00089055","S01006624","S02001257","S34003141","S03000012","S99999999","S99999999","1","2C2",57.136287,-2.092817,"S99999999","","S23000009",2058,"S99999999","S99999999","","",""
"AB1 3AJ","AB1  3AJ","AB1 3AJ","198001","199606","S99999999","S99999999","S12000033","S13002846","S99999999","0","394467","0804990","1","S08000020","S99999999","S92000003","S99999999","0","S14000002","S15000001","S09000001","S22000047","S03000012","S30000026","99ZZ00","S00000091","01C39","S99999999","S01000066","S02000012","1","2A1","S00089055","S01006624","S02001257","S34003141","S03000012","S99999999","S99999999","1","2C2",57.135784,-2.093047,"S99999999","","S23000009",2058,"S99999999","S99999999","","",""
"AB1 3AL","AB1  3AL","AB1 3AL","198001","199606","S99999999","S99999999","S12000033","S13002846","S99999999","0","394419","0804796","1","S08000020","S99999999","S92000003","S99999999","0","S14000002","S15000001","S09000001","S22000047","S03000012","S30000026","99ZZ00","S00000090","01C39","S99999999","S01000066","S02000012","1","2A1","S00089054","S01006624","S02001257","S34003141","S03000012","S99999999","S99999999","1","2C1",57.134041,-2.093835,"S99999999","","S23000009",2058,"S99999999","S99999999","","",""
"AB1 3AN","AB1  3AN","AB1 3AN","198001","199606","S99999999","S99999999","S12000033","S13002846","S99999999","0","394456","0804864","1","S08000020","S99999999","S92000003","S99999999","0","S14000002","S15000001","S09000001","S22000047","S03000012","S30000026","99ZZ00","S00000091","01C39","S99999999","S01000066","S02000012","1","2A1","S00089055","S01006624","S02001257","S34003141","S03000012","S99999999","S99999999","1","2C2",57.134652,-2.093226,"S99999999","","S23000009",2058,"S99999999","S99999999","","",""
"AB1 3AP","AB1  3AP","AB1 3AP","198001","199606","S99999999","S99999999","S12000033","S13002846","S99999999","0","394473","0804909","1","S08000020","S99999999","S92000003","S99999999","0","S14000002","S15000001","S09000001","S22000047","S03000012","S30000026","99ZZ00","S00000092","01C39","S99999999","S01000066","S02000012","1","2A1","S00089056","S01006624","S02001257","S34003087","S03000012","S99999999","S99999999","1","2C1",57.135056,-2.092946,"S99999999","","S23000009",2058,"S99999999","S99999999","","",""
"AB1 3AQ","AB1  3AQ","AB1 3AQ","198001","199606","S99999999","S99999999","S12000033","S13002846","S99999999","0","394489","0804962","1","S08000020","S99999999","S92000003","S99999999","0","S14000002","S15000001","S09000001","S22000047","S03000012","S30000026","99ZZ00","S00000092","01C39","S99999999","S01000066","S02000012","1","2A1","S00089056","S01006624","S02001257","S34003087","S03000012","S99999999","S99999999","1","2C1",57.135533,-2.092683,"S99999999","","S23000009",2058,"S99999999","S99999999","","",""
"AB1 3AR","AB1  3AR","AB1 3AR","198001","199606","S99999999","S99999999","S12000033","S13002846","S99999999","0","394506","0805006","1","S08000020","S99999999","S92000003","S99999999","0","S14000002","S15000001","S09000001","S22000047","S03000012","S30000026","99ZZ00","S00000096","01C39","S99999999","S01000078","S02000012","1","2A1","S00089061","S01006628","S02001257","S34003087","S03000012","S99999999","S99999999","1","2C2",57.135928,-2.092403,"S99999999","","S23000009",2163,"S99999999","S99999999","","",""
"AB1 3AS","AB1  3AS","AB1 3AS","198001","199606","S99999999","S99999999","S12000033","S13002846","S99999999","0","394572","0805084","1","S08000020","S99999999","S92000003","S99999999","0","S14000002","S15000001","S09000001","S22000047","S03000012","S30000026","99ZZ00","S00000096","01C39","S99999999","S01000078","S02000012","1","2A1","S00089060","S01006628","S02001257","S34003087","S03000012","S99999999","S99999999","1","2C2",57.136630,-2.091314,"S99999999","","S23000009",2163,"S99999999","S99999999","","",""
"AB1 3AT","AB1  3AT","AB1 3AT","198001","199606","S99999999","S99999999","S12000033","S13002846","S99999999","0","394605","0805117","1","S08000020","S99999999","S92000003","S99999999","0","S14000002","S15000001","S09000001","S22000047","S03000012","S30000026","99ZZ00","S00000100","01C39","S99999999","S01000078","S02000012","1","2A1","S00089066","S01006628","S02001257","S34003074","S03000012","S99999999","S99999999","1","2C2",57.136926,-2.090770,"S99999999","","S23000009",2163,"S99999999","S99999999","","",""
"AB1 3AU","AB1  3AU","AB1 3AU","198001","199606","S99999999","S99999999","S12000033","S13002846","S99999999","0","394652","0805164","1","S08000020","S99999999","S92000003","S99999999","0","S14000002","S15000001","S09000001","S22000047","S03000012","S30000026","99ZZ00","S00000099","01C39","S99999999","S01000078","S02000012","1","2A1","S00089065","S01006628","S02001257","S34003074","S03000012","S99999999","S99999999","1","2C2",57.137349,-2.089994,"S99999999","","S23000009",2163,"S99999999","S99999999","","",""
"AB1 3AX","AB1  3AX","AB1 3AX","198001","199606","S99999999","S99999999","S12000033","S13002846","S99999999","0","394689","0805202","1","S08000020","S99999999","S92000003","S99999999","0","S14000002","S15000001","S09000001","S22000047","S03000012","S30000026","99ZZ00","S00000099","01C39","S99999999","S01000078","S02000012","1","2A1","S00089065","S01006628","S02001257","S34003074","S03000012","S99999999","S99999999","1","2C2",57.137691,-2.089384,"S99999999","","S23000009",2163,"S99999999","S99999999","","",""
"AB1 3AY","AB1  3AY","AB1 3AY","198001","199606","S99999999","S99999999","S12000033","S13002846","S99999999","0","394718","0805234","1","S08000020","S99999999","S92000003","S99999999","0","S14000002","S15000001","S09000001","S22000047","S03000012","S30000026","99ZZ00","S00000101","01C39","S99999999","S01000078","S02000012","1","5C2","S00089067","S01006628","S02001257","S34003074","S03000012","S99999999","S99999999","1","2C2",57.137979,-2.088905,"S99999999","","S23000009",2163,"S99999999","S99999999","","",""
"AB1 3BA","AB1  3BA","AB1 3BA","198001","199606","S99999999","S99999999","S12000033","S13002846","S99999999","0","394692","0805258","1","S08000020","S99999999","S92000003","S99999999","0","S14000002","S15000001","S09000001","S22000047","S03000012","S30000026","99ZZ00","S00000101","01C39","S99999999","S01000078","S02000012","1","5C2","S00089067","S01006628","S02001257","S34003074","S03000012","S99999999","S99999999","1","2C2",57.138194,-2.089335,"S99999999","","S23000009",2163,"S99999999","S99999999","","",""
"AB1 3BB","AB1  3BB","AB1 3BB","198001","199606","S99999999","S99999999","S12000033","S13002846","S99999999","0","394671","0805235","1","S08000020","S99999999","S92000003","S99999999","0","S14000002","S15000001","S09000001","S22000047","S03000012","S30000026","99ZZ00","S00000099","01C39","S99999999","S01000078","S02000012","1","2A1","S00089065","S01006628","S02001257","S34003074","S03000012","S99999999","S99999999","1","2C2",57.137987,-2.089682,"S99999999","","S23000009",2163,"S99999999","S99999999","","",""
"AB1 3BD","AB1  3BD","AB1 3BD","198001","199606","S99999999","S99999999","S12000033","S13002846","S99999999","0","394642","0805204","1","S08000020","S99999999","S92000003","S99999999","0","S14000002","S15000001","S09000001","S22000047","S03000012","S30000026","99ZZ00","S00000100","01C39","S99999999","S01000078","S02000012","1","2A1","S00089066","S01006628","S02001257","S34003074","S03000012","S99999999","S99999999","1","2C2",57.137708,-2.090160,"S99999999","","S23000009",2163,"S99999999","S99999999","","",""
"AB1 3BE","AB1  3BE","AB1 3BE","198001","199606","S99999999","S99999999","S12000033","S13002846","S99999999","0","394601","0805173","1","S08000020","S99999999","S92000003","S99999999","0","S14000002","S15000001","S09000001","S22000047","S03000012","S30000026","99ZZ00","S00000100","01C39","S99999999","S01000078","S02000012","1","2A1","S00089066","S01006628","S02001257","S34003074","S03000012","S99999999","S99999999","1","2C2",57.137429,-2.090837,"S99999999","","S23000009",2163,"S99999999","S99999999","","",""
"AB1 3BH","AB1  3BH","AB1 3BH","198001","199606","S99999999","S99999999","S12000033","S13002846","S99999999","0","394530","0805088","1","S08000020","S99999999","S92000003","S99999999","0","S14000002","S15000001","S09000001","S22000047","S03000012","S30000026","99ZZ00","S00000095","01C39","S99999999","S01000078","S02000012","1","2A1","S00089059","S01006628","S02001257","S34003074","S03000012","S99999999","S99999999","1","2C2",57.136665,-2.092008,"S99999999","","S23000009",2163,"S99999999","S99999999","","",""
"AB1 3BJ","AB1  3BJ","AB1 3BJ","198001","199606","S99999999","S99999999","S12000033","S13002846","S99999999","0","394707","0805124","1","S08000020","S99999999","S92000003","S99999999","0","S14000002","S15000001","S09000001","S22000047","S03000012","S30000026","99ZZ00","S00000098","01C39","S99999999","S01000078","S02000012","1","2A1","S00089064","S01006628","S02001257","S34003087","S03000012","S99999999","S99999999","1","2C2",57.136991,-2.089085,"S99999999","","S23000009",2163,"S99999999","S99999999","","",""
"AB1 3BL","AB1  3BL","AB1 3BL","198001","199606","S99999999","S99999999","S12000033","S13002846","S99999999","0","394677","0805083","1","S08000020","S99999999","S92000003","S99999999","0","S14000002","S15000001","S09000001","S22000047","S03000012","S30000026","99ZZ00","S00000097","01C39","S99999999","S01000078","S02000012","1","2A1","S00089063","S01006628","S02001257","S34003087","S03000012","S99999999","S99999999","1","3C2",57.136622,-2.089579,"S99999999","","S23000009",2163,"S99999999","S99999999","","",""
"AB1 3BN","AB1  3BN","AB1 3BN","198001","199606","S99999999","S99999999","S12000033","S13002846","S99999999","0","394631","0805037","1","S08000020","S99999999","S92000003","S99999999","0","S14000002","S15000001","S09000001","S22000047","S03000012","S30000026","99ZZ00","S00000097","01C39","S99999999","S01000078","S02000012","1","2A1","S00089062","S01006628","S02001257","S34003087","S03000012","S99999999","S99999999","1","7B1",57.136208,-2.090338,"S99999999","","S23000009",2163,"S99999999","S99999999","","",""
"AB1 3BP","AB1  3BP","AB1 3BP","198001","199606","S99999999","S99999999","S12000033","S13002846","S99999999","0","394601","0805007","1","S08000020","S99999999","S92000003","S99999999","0","S14000002","S15000001","S09000001","S22000047","S03000012","S30000026","99ZZ00","S00000093","01C39","S99999999","S01000066","S02000012","1","2A1","S00089057","S01006624","S02001257","S34003087","S03000012","S99999999","S99999999","1","2C2",57.135938,-2.090833,"S99999999","","S23000009",2058,"S99999999","S99999999","","",""
"AB1 3BQ","AB1  3BQ","AB1 3BQ","198001","199606","S99999999","S99999999","S12000033","S13002846","S99999999","0","394558","0805012","1","S08000020","S99999999","S92000003","S99999999","0","S14000002","S15000001","S09000001","S22000047","S03000012","S30000026","99ZZ00","S00000096","01C39","S99999999","S01000078","S02000012","1","2A1","S00089061","S01006628","S02001257","S34003087","S03000012","S99999999","S99999999","1","2C2",57.135983,-2.091544,"S99999999","","S23000009",2163,"S99999999","S99999999","","",""
"AB1 3BR","AB1  3BR","AB1 3BR","198001","199606","S99999999","S99999999","S12000033","S13002846","S99999999","0","394533","0804928","1","S08000020","S99999999","S92000003","S99999999","0","S14000002","S15000001","S09000001","S22000047","S03000012","S30000026","99ZZ00","S00000093","01C39","S99999999","S01000066","S02000012","1","2A1","S00089057","S01006624","S02001257","S34003087","S03000012","S99999999","S99999999","1","2C2",57.135228,-2.091955,"S99999999","","S23000009",2058,"S99999999","S99999999","","",""
"AB1 3BS","AB1  3BS","AB1 3BS","198001","199606","S99999999","S99999999","S12000033","S13002846","S99999999","0","394503","0804870","1","S08000020","S99999999","S92000003","S99999999","0","S14000002","S15000001","S09000001","S22000047","S03000012","S30000026","99ZZ00","S00000094","01C39","S99999999","S01000066","S02000012","1","2A1","S00089058","S01006624","S02001257","S34003087","S03000012","S99999999","S99999999","1","2C2",57.134706,-2.092449,"S99999999","","S23000009",2058,"S99999999","S99999999","","",""
"AB1 3BT","AB1  3BT","AB1 3BT","198001","199606","S99999999","S99999999","S12000033","S13002846","S99999999","0","394488","0804829","1","S08000020","S99999999","S92000003","S99999999","0","S14000002","S15000001","S09000001","S22000047","S03000012","S30000026","99ZZ00","S00000089","01C39","S99999999","S01000066","S02000012","1","2A1","S00089053","S01006624","S02001257","S34003141","S03000012","S99999999","S99999999","1","3C1",57.134338,-2.092696,"S99999999","","S23000009",2058,"S99999999","S99999999","","",""
"AB1 3BU","AB1  3BU","AB1 3BU","198001","199606","S99999999","S99999999","S12000033","S13002846","S99999999","0","394753","0805160","1","S08000020","S99999999","S92000003","S99999999","0","S14000002","S15000001","S09000001","S22000047","S03000012","S30000026","99ZZ00","S00000109","01C39","S99999999","S01000078","S02000012","1","2A1","S00089075","S01006628","S02001257","S34003087","S03000012","S99999999","S99999999","1","2C2",57.137314,-2.088325,"S99999999","","S23000009",2163,"S99999999","S99999999","","",""
"AB1 3BW","AB1  3BW","AB1 3BW","198001","199606","S99999999","S99999999","S12000033","S13002846","S99999999","0","394697","0805166","1","S08000020","S99999999","S92000003","S99999999","0","S14000002","S15000001","S09000001","S22000047","S03000012","S30000026","99ZZ00","S00000101","01C39","S99999999","S01000078","S02000012","1","5C2","S00089067","S01006628","S02001257","S34003074","S03000012","S99999999","S99999999","1","2C2",57.137368,-2.089251,"S99999999","","S23000009",2163,"S99999999","S99999999","","",""
"AB1 3BX","AB1  3BX","AB1 3BX","198001","199606","S99999999","S99999999","S12000033","S13002846","S99999999","0","394469","0804774","1","S08000020","S99999999","S92000003","S99999999","0","S14000002","S15000001","S09000001","S22000047","S03000012","S30000026","99ZZ00","S00000090","01C39","S99999999","S01000066","S02000012","1","2A1","S00089054","S01006624","S02001257","S34003141","S03000012","S99999999","S99999999","1","2C1",57.133844,-2.093009,"S99999999","","S23000009",2058,"S99999999","S99999999","","",""
"AB1 3BY","AB1  3BY","AB1 3BY","198001","199606","S99999999","S99999999","S12000033","S13002846","S99999999","0","394424","0804558","1","S08000020","S99999999","S92000003","S99999999","0","S14000002","S15000001","S09000001","S22000047","S03000012","S30000026","99ZZ00","S00000082","01C39","S99999999","S01000066","S02000012","1","5B1","S00089046","S01006624","S02001257","S34003141","S03000012","S99999999","S99999999","1","5A3",57.131903,-2.093747,"S99999999","","S23000009",2058,"S99999999","S99999999","","",""
"AB1 3DA","AB1  3DA","AB1 3DA","198001","199606","S99999999","S99999999","S12000033","S13002846","S99999999","0","394480","0804510","1","S08000020","S99999999","S92000003","S99999999","0","S14000002","S15000001","S09000001","S22000047","S03000012","S30000026","99ZZ00","S00000082","01C39","S99999999","S01000066","S02000012","1","5B1","S00089045","S01006624","S02001257","S34003141","S03000012","S99999999","S99999999","1","7B1",57.131472,-2.092821,"S99999999","","S23000009",2058,"S99999999","S99999999","","",""
"AB1 3DB","AB1  3DB","AB1 3DB","198001","199606","S99999999","S99999999","S12000033","S13002846","S99999999","0","394610","0804482","1","S08000020","S99999999","S92000003","S99999999","0","S14000002","S15000001","S09000001","S22000047","S03000012","S30000026","99ZZ00","S00000084","01C39","S99999999","S01000064","S02000012","1","5A1","S00089048","S01006625","S02001257","S34003081","S03000012","S99999999","S99999999","1","7A1",57.131222,-2.090673,"S99999999","","S23000009",3148,"S99999999","S99999999","","",""
"AB1 3DD","AB1  3DD","AB1 3DD","198001","199606","S99999999","S99999999","S12000033","S13002846","S99999999","0","394655","0804517","1","S08000020","S99999999","S92000003","S99999999","0","S14000002","S15000001","S09000001","S22000047","S03000012","S30000026","99ZZ00","S00000084","01C39","S99999999","S01000064","S02000012","1","5A1","S00089048","S01006625","S02001257","S34003081","S03000012","S99999999","S99999999","1","7A1",57.131537,-2.089930,"S99999999","","S23000009",3148,"S99999999","S99999999","","",""
"AB1 3DE","AB1  3DE","AB1 3DE","198001","199606","S99999999","S99999999","S12000033","S13002846","S99999999","0","394525","0804545","1","S08000020","S99999999","S92000003","S99999999","0","S14000002","S15000001","S09000001","S22000047","S03000012","S30000026","99ZZ00","S00000082","01C39","S99999999","S01000066","S02000012","1","5B1","S00089046","S01006624","S02001257","S34003141","S03000012","S99999999","S99999999","1","5A3",57.131787,-2.092079,"S99999999","","S23000009",2058,"S99999999","S99999999","","",""
"AB1 3DH","AB1  3DH","AB1 3DH","198001","199606","S99999999","S99999999","S12000033","S13002846","S99999999","0","394492","0804651","1","S08000020","S99999999","S92000003","S99999999","0","S14000002","S15000001","S09000001","S22000047","S03000012","S30000026","99ZZ00","S00000082","01C39","S99999999","S01000066","S02000012","1","5B1","S00089046","S01006624","S02001257","S34003141","S03000012","S99999999","S99999999","1","5A3",57.132739,-2.092626,"S99999999","","S23000009",2058,"S99999999","S99999999","","",""
"AB1 3DJ","AB1  3DJ","AB1 3DJ","198001","199606","S99999999","S99999999","S12000033","S13002846","S99999999","0","394516","0804791","1","S08000020","S99999999","S92000003","S99999999","0","S14000002","S15000001","S09000001","S22000047","S03000012","S30000026","99ZZ00","S00000089","01C39","S99999999","S01000066","S02000012","1","2A1","S00089053","S01006624","S02001257","S34003141","S03000012","S99999999","S99999999","1","3C1",57.133997,-2.092233,"S99999999","","S23000009",2058,"S99999999","S99999999","","",""
"AB1 3DL","AB1  3DL","AB1 3DL","198001","199606","S99999999","S99999999","S12000033","S13002846","S99999999","0","394576","0804909","1","S08000020","S99999999","S92000003","S99999999","0","S14000002","S15000001","S09000001","S22000047","S03000012","S30000026","99ZZ00","S00000094","01C39","S99999999","S01000066","S02000012","1","2A1","S00089058","S01006624","S02001257","S34003087","S03000012","S99999999","S99999999","1","2C2",57.135058,-2.091244,"S99999999","","S23000009",2058,"S99999999","S99999999","","",""
"AB1 3DN","AB1  3DN","AB1 3DN","198001","199606","S99999999","S99999999","S12000033","S13002846","S99999999","0","394675","0805028","1","S08000020","S99999999","S92000003","S99999999","0","S14000002","S15000001","S09000001","S22000047","S03000012","S30000026","99ZZ00","S00000097","01C39","S99999999","S01000078","S02000012","1","2A1","S00089063","S01006628","S02001257","S34003087","S03000012","S99999999","S99999999","1","3C2",57.136128,-2.089611,"S99999999","","S23000009",2163,"S99999999","S99999999","","",""
"AB1 3DP","AB1  3DP","AB1 3DP","198001","199606","S99999999","S99999999","S12000033","S13002846","S99999999","0","394709","0805068","1","S08000020","S99999999","S92000003","S99999999","0","S14000002","S15000001","S09000001","S22000047","S03000012","S30000026","99ZZ00","S00000098","01C39","S99999999","S01000078","S02000012","1","2A1","S00089064","S01006628","S02001257","S34003087","S03000012","S99999999","S99999999","1","2C2",57.136488,-2.089050,"S99999999","","S23000009",2163,"S99999999","S99999999","","",""
"AB1 3DQ","AB1  3DQ","AB1 3DQ","198001","199606","S99999999","S99999999","S12000033","S13002846","S99999999","0","394755","0805114","1","S08000020","S99999999","S92000003","S99999999","0","S14000002","S15000001","S09000001","S22000047","S03000012","S30000026","99ZZ00","S00000109","01C39","S99999999","S01000078","S02000012","1","2A1","S00089075","S01006628","S02001257","S34003087","S03000012","S99999999","S99999999","1","2C2",57.136901,-2.088291,"S99999999","","S23000009",2163,"S99999999","S99999999","","",""
"AB1 3DR","AB1  3DR","AB1 3DR","198001","199606","S99999999","S99999999","S12000033","S13002846","S99999999","0","394706","0805302","1","S08000020","S99999999","S92000003","S99999999","0","S14000002","S15000001","S09000001","S22000047","S03000012","S30000026","99ZZ00","S00000102","01C39","S99999999","S01000084","S02000012","1","2A1","S00089068","S01006627","S02001257","S34003074","S03000012","S99999999","S99999999","1","7B1",57.138589,-2.089105,"S99999999","","S23000009",1238,"S99999999","S99999999","","",""
"AB1 3DS","AB1  3DS","AB1 3DS","198001","199606","S99999999","S99999999","S12000033","S13002846","S99999999","0","394739","0805222","1","S08000020","S99999999","S92000003","S99999999","0","S14000002","S15000001","S09000001","S22000047","S03000012","S30000026","99ZZ00","S00000101","01C39","S99999999","S01000078","S02000012","1","5C2","S00089067","S01006628","S02001257","S34003074","S03000012","S99999999","S99999999","1","2C2",57.137871,-2.088558,"S99999999","","S23000009",2163,"S99999999","S99999999","","",""
"AB1 3DT","AB1  3DT","AB1 3DT","198001","199606","S99999999","S99999999","S12000033","S13002846","S99999999","0","394757","0805192","1","S08000020","S99999999","S92000003","S99999999","0","S14000002","S15000001","S09000001","S22000047","S03000012","S30000026","99ZZ00","S00000104","01C39","S99999999","S01000084","S02000012","1","5C2","S00089070","S01006628","S02001257","S34003074","S03000012","S99999999","S99999999","1","2C2",57.137602,-2.088260,"S99999999","","S23000009",2163,"S99999999","S99999999","","",""
"AB1 3DU","AB1  3DU","AB1 3DU","198001","199606","S99999999","S99999999","S12000033","S13002846","S99999999","0","394808","0805128","1","S08000020","S99999999","S92000003","S99999999","0","S14000002","S15000001","S09000001","S22000047","S03000012","S30000026","99ZZ00","S00000108","01C39","S99999999","S01000078","S02000012","1","2A1","S00089074","S01006628","S02001257","S34003087","S03000012","S99999999","S99999999","1","7B1",57.137028,-2.087416,"S99999999","","S23000009",2163,"S99999999","S99999999","","",""
"AB1 3DX","AB1  3DX","AB1 3DX","198001","199606","S99999999","S99999999","S12000033","S13002846","S99999999","0","394810","0805073","1","S08000020","S99999999","S92000003","S99999999","0","S14000002","S15000001","S09000001","S22000047","S03000012","S30000026","99ZZ00","S00000108","01C39","S99999999","S01000078","S02000012","1","2A1","S00089074","S01006628","S02001257","S34003087","S03000012","S99999999","S99999999","1","7B1",57.136534,-2.087382,"S99999999","","S23000009",2163,"S99999999","S99999999","","",""
"AB1 3DY","AB1  3DY","AB1 3DY","198001","199606","S99999999","S99999999","S12000033","S13002846","S99999999","0","394755","0805015","1","S08000020","S99999999","S92000003","S99999999","0","S14000002","S15000001","S09000001","S22000047","S03000012","S30000026","99ZZ00","S00000087","01C39","S99999999","S01000064","S02000012","1","5B2","S00089051","S01006625","S02001257","S34003081","S03000012","S99999999","S99999999","1","7A1",57.136012,-2.088289,"S99999999","","S23000009",3148,"S99999999","S99999999","","",""
"AB1 3DZ","AB1  3DZ","AB1 3DZ","198107","199606","S99999999","S99999999","S12000033","S13002846","S99999999","0","394720","0805030","8","S08000020","S99999999","S92000003","S99999999","0","S14000002","S15000001","S09000001","S22000047","S03000012","S30000026","99ZZ00","S00000098","01C39","S99999999","S01000078","S02000012","1","2A1","S00089064","S01006628","S02001257","S34003087","S03000012","S99999999","S99999999","1","2C2",57.136146,-2.088868,"S99999999","","S23000009",2163,"S99999999","S99999999","","",""
"AB1 3EA","AB1  3EA","AB1 3EA","198001","199606","S99999999","S99999999","S12000033","S13002846","S99999999","0","394609","0804861","1","S08000020","S99999999","S92000003","S99999999","0","S14000002","S15000001","S09000001","S22000047","S03000012","S30000026","99ZZ00","S00000087","01C39","S99999999","S01000064","S02000012","1","5B2","S00089051","S01006625","S02001257","S34003081","S03000012","S99999999","S99999999","1","7A1",57.134627,-2.090698,"S99999999","","S23000009",3148,"S99999999","S99999999","","",""
"AB1 3EB","AB1  3EB","AB1 3EB","198001","199606","S99999999","S99999999","S12000033","S13002846","S99999999","0","394847","0805045","1","S08000020","S99999999","S92000003","S99999999","0","S14000002","S15000001","S09000001","S22000047","S03000012","S30000026","99ZZ00","S00000108","01C39","S99999999","S01000078","S02000012","1","2A1","S00089074","S01006628","S02001257","S34003087","S03000012","S99999999","S99999999","1","7B1",57.136282,-2.086770,"S99999999","","S23000009",2163,"S99999999","S99999999","","",""
"AB1 3ED","AB1  3ED","AB1 3ED","198001","199606","S99999999","S99999999","S12000033","S13002846","S99999999","0","394708","0804899","1","S08000020","S99999999","S92000003","S99999999","0","S14000002","S15000001","S09000001","S22000047","S03000012","S30000026","99ZZ00","S00000088","01C39","S99999999","S01000064","S02000012","1","5B1","S00089052","S01006625","S02001257","S34003081","S03000012","S99999999","S99999999","1","7A1",57.134969,-2.089063,"S99999999","","S23000009",3148,"S99999999","S99999999","","",""
"AB1 3EE","AB1  3EE","AB1 3EE","198001","199606","S99999999","S99999999","S12000033","S13002846","S99999999","0","394553","0804648","1","S08000020","S99999999","S92000003","S99999999","0","S14000002","S15000001","S09000001","S22000047","S03000012","S30000026","99ZZ00","S00000083","01C39","S99999999","S01000066","S02000012","1","2B1","S00089047","S01006624","S02001257","S34003081","S03000012","S99999999","S99999999","1","7A1",57.132713,-2.091618,"S99999999","","S23000009",2058,"S99999999","S99999999","","",""
"AB1 3EH","AB1  3EH","AB1 3EH","198001","199606","S99999999","S99999999","S12000033","S13002846","S99999999","0","394600","0804644","1","S08000020","S99999999","S92000003","S99999999","0","S14000002","S15000001","S09000001","S22000047","S03000012","S30000026","99ZZ00","S00000083","01C39","S99999999","S01000066","S02000012","1","2B1","S00089047","S01006624","S02001257","S34003081","S03000012","S99999999","S99999999","1","7A1",57.132677,-2.090842,"S99999999","","S23000009",2058,"S99999999","S99999999","","",""
"AB1 3EJ","AB1  3EJ","AB1 3EJ","198001","199606","S99999999","S99999999","S12000033","S13002846","S99999999","0","394666","0804653","1","S08000020","S99999999","S92000003","S99999999","0","S14000002","S15000001","S09000001","S22000047","S03000012","S30000026","99ZZ00","S00000084","01C39","S99999999","S01000064","S02000012","1","5A1","S00089048","S01006625","S02001257","S34003081","S03000012","S99999999","S99999999","1","7A1",57.132759,-2.089752,"S99999999","","S23000009",3148,"S99999999","S99999999","","",""
"AB1 3EL","AB1  3EL","AB1 3EL","198001","199606","S99999999","S99999999","S12000033","S13002846","S99999999","0","394718","0804565","1","S08000020","S99999999","S92000003","S99999999","0","S14000002","S15000001","S09000001","S22000047","S03000012","S30000026","99ZZ00","S00000086","01C39","S99999999","S01000064","S02000012","1","5B1","S00089050","S01006625","S02001257","S34003081","S03000012","S99999999","S99999999","1","7A1",57.131969,-2.088891,"S99999999","","S23000009",3148,"S99999999","S99999999","","",""
"AB1 3EN","AB1  3EN","AB1 3EN","198001","199606","S99999999","S99999999","S12000033","S13002846","S99999999","0","394795","0804567","1","S08000020","S99999999","S92000003","S99999999","0","S14000002","S15000001","S09000001","S22000047","S03000012","S30000026","99ZZ00","S00000086","01C39","S99999999","S01000064","S02000012","1","5B1","S00089050","S01006625","S02001257","S34003081","S03000012","S99999999","S99999999","1","7A1",57.131988,-2.087619,"S99999999","","S23000009",3148,"S99999999","S99999999","","",""
"AB1 3EP","AB1  3EP","AB1 3EP","198001","199606","S99999999","S99999999","S12000033","S13002846","S99999999","0","394779","0804829","1","S08000020","S99999999","S92000003","S99999999","0","S14000002","S15000001","S09000001","S22000047","S03000012","S30000026","99ZZ00","S00000088","01C39","S99999999","S01000064","S02000012","1","5B1","S00089052","S01006625","S02001257","S34003081","S03000012","S99999999","S99999999","1","7A1",57.134341,-2.087889,"S99999999","","S23000009",3148,"S99999999","S99999999","","",""
"AB1 3EQ","AB1  3EQ","AB1 3EQ","198001","199606","S99999999","S99999999","S12000033","S13002846","S99999999","0","394877","0804874","1","S08000020","S99999999","S92000003","S99999999","0","S14000002","S15000001","S09000001","S22000047","S03000012","S30000026","99ZZ00","S00001537","01C39","S99999999","S01000069","S02000012","1","5A1","S00090592","S01006626","S02001257","S34003081","S03000012","S99999999","S99999999","1","7B3",57.134747,-2.086271,"S99999999","","S23000009",1300,"S99999999","S99999999","","",""
"AB1 3ER","AB1  3ER","AB1 3ER","198001","199606","S99999999","S99999999","S12000033","S13002846","S99999999","0","394697","0804838","1","S08000020","S99999999","S92000003","S99999999","0","S14000002","S15000001","S09000001","S22000047","S03000012","S30000026","99ZZ00","S00000088","01C39","S99999999","S01000064","S02000012","1","5B1","S00089052","S01006625","S02001257","S34003081","S03000012","S99999999","S99999999","1","7A1",57.134421,-2.089244,"S99999999","","S23000009",3148,"S99999999","S99999999","","",""
"AB1 3ES","AB1  3ES","AB1 3ES","198001","199606","S99999999","S99999999","S12000033","S13002846","S99999999","0","394898","0804921","1","S08000020","S99999999","S92000003","S99999999","0","S14000002","S15000001","S09000001","S22000047","S03000012","S30000026","99ZZ00","S00001537","01C39","S99999999","S01000069","S02000012","1","5A1","S00090592","S01006626","S02001257","S34003081","S03000012","S99999999","S99999999","1","7B3",57.135169,-2.085925,"S99999999","","S23000009",1300,"S99999999","S99999999","","",""
"AB1 3ET","AB1  3ET","AB1 3ET","198001","199606","S99999999","S99999999","S12000033","S13002846","S99999999","0","394462","0804755","1","S08000020","S99999999","S92000003","S99999999","0","S14000002","S15000001","S09000001","S22000047","S03000012","S30000026","99ZZ00","S00000090","01C39","S99999999","S01000066","S02000012","1","2A1","S00089046","S01006624","S02001257","S34003141","S03000012","S99999999","S99999999","1","5A3",57.133673,-2.093124,"S99999999","","S23000009",2058,"S99999999","S99999999","","",""
"AB1 3EU","AB1  3EU","AB1 3EU","198001","199606","S99999999","S99999999","S12000033","S13002846","S99999999","0","394825","0804636","1","S08000020","S99999999","S92000003","S99999999","0","S14000002","S15000001","S09000001","S22000047","S03000012","S30000026","99ZZ00","S00000085","01C39","S99999999","S01000064","S02000012","1","5C2","S00089049","S01006625","S02001257","S34003081","S03000012","S99999999","S99999999","1","7C3",57.132608,-2.087125,"S99999999","","S23000009",3148,"S99999999","S99999999","","",""
"AB1 3EW","AB1  3EW","AB1 3EW","198001","199606","S99999999","S99999999","S12000033","S13002846","S99999999","0","394942","0804595","1","S08000020","S99999999","S92000003","S99999999","0","S14000002","S15000001","S09000001","S22000047","S03000012","S30000026","99ZZ00","S00000120","01C39","S99999999","S01000055","S02000012","1","5B2","S00089086","S01006629","S02001257","S34003081","S03000012","S99999999","S99999999","1","7C3",57.132241,-2.085191,"S99999999","","S23000009",1081,"S99999999","S99999999","","",""
"AB1 3EX","AB1  3EX","AB1 3EX","198001","199606","S99999999","S99999999","S12000033","S13002846","S99999999","0","394544","0804773","1","S08000020","S99999999","S92000003","S99999999","0","S14000002","S15000001","S09000001","S22000047","S03000012","S30000026","99ZZ00","S00000089","01C39","S99999999","S01000066","S02000012","1","2A1","S00089053","S01006624","S02001257","S34003141","S03000012","S99999999","S99999999","1","3C1",57.133836,-2.091770,"S99999999","","S23000009",2058,"S99999999","S99999999","","",""
"AB1 3EY","AB1  3EY","AB1 3EY","198001","199606","S99999999","S99999999","S12000033","S13002846","S99999999","0","394658","0804739","1","S08000020","S99999999","S92000003","S99999999","0","S14000002","S15000001","S09000001","S22000047","S03000012","S30000026","99ZZ00","S00000088","01C39","S99999999","S01000064","S02000012","1","5B1","S00089052","S01006625","S02001257","S34003081","S03000012","S99999999","S99999999","1","7A1",57.133531,-2.089886,"S99999999","","S23000009",3148,"S99999999","S99999999","","",""
"AB1 3HA","AB1  3HA","AB1 3HA","198001","199606","S99999999","S99999999","S12000033","S13002846","S99999999","0","394804","0804722","1","S08000020","S99999999","S92000003","S99999999","0","S14000002","S15000001","S09000001","S22000047","S03000012","S30000026","99ZZ00","S00000117","01C39","S99999999","S01000069","S02000012","1","5C1","S00089083","S01006626","S02001257","S34003081","S03000012","S99999999","S99999999","1","7B1",57.133380,-2.087473,"S99999999","","S23000009",1300,"S99999999","S99999999","","",""
"AB1 3HB","AB1  3HB","AB1 3HB","198001","199606","S99999999","S99999999","S12000033","S13002846","S99999999","0","394804","0804763","1","S08000020","S99999999","S92000003","S99999999","0","S14000002","S15000001","S09000001","S22000047","S03000012","S30000026","99ZZ00","S00000117","01C39","S99999999","S01000069","S02000012","1","5C1","S00089083","S01006626","S02001257","S34003081","S03000012","S99999999","S99999999","1","7B1",57.133749,-2.087474,"S99999999","","S23000009",1300,"S99999999","S99999999","","",""
"AB1 3HD","AB1  3HD","AB1 3HD","198001","199606","S99999999","S99999999","S12000033","S13002846","S99999999","0","394996","0804678","1","S08000020","S99999999","S92000003","S99999999","0","S14000002","S15000001","S09000001","S22000047","S03000012","S30000026","99ZZ00","S00000119","01C39","S99999999","S01000069","S02000012","1","5C1","S00089085","S01006626","S02001257","S34003128","S03000012","S99999999","S99999999","1","7C3",57.132987,-2.084301,"S99999999","","S23000009",1300,"S99999999","S99999999","","",""
"AB1 3HE","AB1  3HE","AB1 3HE","198001","199606","S99999999","S99999999","S12000033","S13002846","S99999999","0","394976","0804877","1","S08000020","S99999999","S92000003","S99999999","0","S14000002","S15000001","S09000001","S22000047","S03000012","S30000026","99ZZ00","S00001538","01C39","S99999999","S01000069","S02000012","1","5A1","S00090593","S01006626","S02001257","S34003128","S03000012","S99999999","S99999999","1","7B1",57.134775,-2.084635,"S99999999","","S23000009",1300,"S99999999","S99999999","","",""
"AB1 3HF","AB1  3HF","AB1 3HF","198001","199606","S99999999","S99999999","S12000033","S13002846","S99999999","0","394853","0804800","1","S08000020","S99999999","S92000003","S99999999","0","S14000002","S15000001","S09000001","S22000047","S03000012","S30000026","99ZZ00","S00000117","01C39","S99999999","S01000069","S02000012","1","5C1","S00089083","S01006626","S02001257","S34003081","S03000012","S99999999","S99999999","1","7B1",57.134082,-2.086666,"S99999999","","S23000009",1300,"S99999999","S99999999","","",""
"AB1 3HH","AB1  3HH","AB1 3HH","198001","199606","S99999999","S99999999","S12000033","S13002846","S99999999","0","394901","0804670","1","S08000020","S99999999","S92000003","S99999999","0","S14000002","S15000001","S09000001","S22000047","S03000012","S30000026","99ZZ00","S00000119","01C39","S99999999","S01000069","S02000012","1","5C1","S00089085","S01006626","S02001257","S34003128","S03000012","S99999999","S99999999","1","7C3",57.132914,-2.085870,"S99999999","","S23000009",1300,"S99999999","S99999999","","",""
"AB1 3HJ","AB1  3HJ","AB1 3HJ","198001","199606","S99999999","S99999999","S12000033","S13002846","S99999999","0","395031","0804655","1","S08000020","S99999999","S92000003","S99999999","0","S14000002","S15000001","S09000001","S22000047","S03000012","S30000026","99ZZ00","S00000120","01C39","S99999999","S01000055","S02000012","1","5B2","S00089086","S01006629","S02001257","S34003081","S03000012","S99999999","S99999999","1","7C3",57.132781,-2.083722,"S99999999","","S23000009",1081,"S99999999","S99999999","","",""
"AB1 3HL","AB1  3HL","AB1 3HL","198001","199606","S99999999","S99999999","S12000033","S13002846","S99999999","0","395151","0804690","1","S08000020","S99999999","S92000003","S99999999","0","S14000002","S15000001","S09000001","S22000047","S03000012","S30000026","99ZZ00","S00000118","01C39","S99999999","S01000055","S02000012","1","5C2","S00089084","S01006629","S02001257","S34003135","S03000012","S99999999","S99999999","1","7C3",57.133097,-2.081740,"S99999999","","S23000009",1081,"S99999999","S99999999","","",""
"AB1 3HN","AB1  3HN","AB1 3HN","198001","199606","S99999999","S99999999","S12000033","S13002846","S99999999","0","395125","0804735","1","S08000020","S99999999","S92000003","S99999999","0","S14000002","S15000001","S09000001","S22000047","S03000012","S30000026","99ZZ00","S00000114","01C39","S99999999","S01000071","S02000015","1","5C2","S00089080","S01006632","S02001258","S34003128","S03000012","S99999999","S99999999","1","7B1",57.133501,-2.082171,"S99999999","","S23000009",1288,"S99999999","S99999999","","",""
"AB1 3HP","AB1  3HP","AB1 3HP","198001","199606","S99999999","S99999999","S12000033","S13002846","S99999999","0","395110","0804615","1","S08000020","S99999999","S92000003","S99999999","0","S14000002","S15000001","S09000001","S22000047","S03000012","S30000026","99ZZ00","S00000118","01C39","S99999999","S01000055","S02000012","1","5C2","S00089084","S01006629","S02001257","S34003135","S03000012","S99999999","S99999999","1","7C3",57.132423,-2.082416,"S99999999","","S23000009",1081,"S99999999","S99999999","","",""
"AB1 3HR","AB1  3HR","AB1 3HR","198001","199606","S99999999","S99999999","S12000033","S13002846","S99999999","0","394826","0804445","1","S08000020","S99999999","S92000003","S99999999","0","S14000002","S15000001","S09000001","S22000047","S03000012","S30000026","99ZZ00","S00000078","01C40","S99999999","S01000055","S02000012","1","5B2","S00089041","S01006629","S02001257","S34003135","S03000012","S99999999","S99999999","1","7D3",57.130892,-2.087104,"S99999999","","S23000009",1081,"S99999999","S99999999","","",""
"AB1 3HS","AB1  3HS","AB1 3HS","198001","199606","S99999999","S99999999","S12000033","S13002846","S99999999","0","394883","0804523","1","S08000020","S99999999","S92000003","S99999999","0","S14000002","S15000001","S09000001","S22000047","S03000012","S30000026","99ZZ00","S00000078","01C40","S99999999","S01000055","S02000012","1","5B2","S00089041","S01006629","S02001257","S34003135","S03000012","S99999999","S99999999","1","7D3",57.131594,-2.086164,"S99999999","","S23000009",1081,"S99999999","S99999999","","",""
"AB1 3HT","AB1  3HT","AB1 3HT","198001","199606","S99999999","S99999999","S12000033","S13002846","S99999999","0","394804","0804490","1","S08000020","S99999999","S92000003","S99999999","0","S14000002","S15000001","S09000001","S22000047","S03000012","S30000026","99ZZ00","S00000078","01C40","S99999999","S01000055","S02000012","1","5B2","S00089041","S01006629","S02001257","S34003135","S03000012","S99999999","S99999999","1","7D3",57.131296,-2.087468,"S99999999","","S23000009",1081,"S99999999","S99999999","","",""
"AB1 3HU","AB1  3HU","AB1 3HU","198001","199606","S99999999","S99999999","S12000033","S13002846","S99999999","0","394632","0804431","1","S08000020","S99999999","S92000003","S99999999","0","S14000002","S15000001","S09000001","S22000047","S03000012","S30000026","99ZZ00","S00000080","01C40","S99999999","S01000055","S02000012","1","5C2","S00089043","S01006629","S02001257","S34003081","S03000012","S99999999","S99999999","1","7B1",57.130764,-2.090308,"S99999999","","S23000009",1081,"S99999999","S99999999","","",""
"AB1 3HW","AB1  3HW","AB1 3HW","198001","199606","S99999999","S99999999","S12000033","S13002846","S99999999","0","394516","0804437","1","S08000020","S99999999","S92000003","S99999999","0","S14000002","S15000001","S09000001","S22000047","S03000012","S30000026","99ZZ00","S00000080","01C40","S99999999","S01000055","S02000012","1","5C2","S00089043","S01006629","S02001257","S34003081","S03000012","S99999999","S99999999","1","7B1",57.130817,-2.092225,"S99999999","","S23000009",1081,"S99999999","S99999999","","",""
"AB1 3HX","AB1  3HX","AB1 3HX","198001","199606","S99999999","S99999999","S12000033","S13002846","S99999999","0","394618","0804385","1","S08000020","S99999999","S92000003","S99999999","0","S14000002","S15000001","S09000001","S22000047","S03000012","S30000026","99ZZ00","S00000077","01C40","S99999999","S01000055","S02000012","1","5C1","S00089040","S01006629","S02001257","S34002980","S03000012","S99999999","S99999999","1","7B1",57.130351,-2.090539,"S99999999","","S23000009",1081,"S99999999","S99999999","","",""
"AB1 3HY","AB1  3HY","AB1 3HY","198001","199606","S99999999","S99999999","S12000033","S13002846","S99999999","0","394490","0804388","1","S08000020","S99999999","S92000003","S99999999","0","S14000002","S15000001","S09000001","S22000047","S03000012","S30000026","99ZZ00","S00000081","01C40","S99999999","S01000055","S02000012","1","5C2","S00089044","S01006629","S02001257","S34002980","S03000012","S99999999","S99999999","1","7B1",57.130376,-2.092653,"S99999999","","S23000009",1081,"S99999999","S99999999","","",""
"AB1 3JA","AB1  3JA","AB1 3JA","198001","199606","S99999999","S99999999","S12000033","S13002846","S99999999","0","394443","0804410","1","S08000020","S99999999","S92000003","S99999999","0","S14000002","S15000001","S09000001","S22000047","S03000012","S30000026","99ZZ00","S00000081","01C40","S99999999","S01000055","S02000012","1","5C2","S00089044","S01006629","S02001257","S34002980","S03000012","S99999999","S99999999","1","7B1",57.130573,-2.093430,"S99999999","","S23000009",1081,"S99999999","S99999999","","",""
"AB1 3JB","AB1  3JB","AB1 3JB","198001","199606","S99999999","S99999999","S12000033","S13002846","S99999999","0","394458","0804470","1","S08000020","S99999999","S92000003","S99999999","0","S14000002","S15000001","S09000001","S22000047","S03000012","S30000026","99ZZ00","S00000079","01C40","S99999999","S01000055","S02000012","1","5C2","S00089042","S01006629","S02001257","S34002980","S03000012","S99999999","S99999999","1","3C2",57.131113,-2.093184,"S99999999","","S23000009",1081,"S99999999","S99999999","","",""
"AB1 3JD","AB1  3JD","AB1 3JD","198001","199606","S99999999","S99999999","S12000033","S13002846","S99999999","0","394876","0805012","1","S08000020","S99999999","S92000003","S99999999","0","S14000002","S15000001","S09000001","S22000047","S03000012","S30000026","99ZZ00","S00000111","01C39","S99999999","S01000069","S02000012","1","2A1","S00089077","S01006626","S02001257","S34003128","S03000012","S99999999","S99999999","1","2C2",57.135986,-2.086290,"S99999999","","S23000009",1300,"S99999999","S99999999","","",""
"AB1 3JE","AB1  3JE","AB1 3JE","198001","199606","S99999999","S99999999","S12000033","S13002846","S99999999","0","394956","0804996","1","S08000020","S99999999","S92000003","S99999999","0","S14000002","S15000001","S09000001","S22000047","S03000012","S30000026","99ZZ00","S00000111","01C39","S99999999","S01000069","S02000012","1","2A1","S00089077","S01006626","S02001257","S34003128","S03000012","S99999999","S99999999","1","2C2",57.135844,-2.084968,"S99999999","","S23000009",1300,"S99999999","S99999999","","",""
"AB1 3JH","AB1  3JH","AB1 3JH","198001","199606","S99999999","S99999999","S12000033","S13002846","S99999999","0","395047","0804992","1","S08000020","S99999999","S92000003","S99999999","0","S14000002","S15000001","S09000001","S22000047","S03000012","S30000026","99ZZ00","S00000110","01C39","S99999999","S01000069","S02000012","1","5C2","S00089076","S01006626","S02001257","S34003128","S03000012","S99999999","S99999999","1","7B1",57.135809,-2.083464,"S99999999","","S23000009",1300,"S99999999","S99999999","","",""
"AB1 3JJ","AB1  3JJ","AB1 3JJ","198001","199606","S99999999","S99999999","S12000033","S13002846","S99999999","0","395171","0804999","1","S08000020","S99999999","S92000003","S99999999","0","S14000002","S15000001","S09000001","S22000047","S03000012","S30000026","99ZZ00","S00000113","01C39","S99999999","S01000069","S02000012","1","5C1","S00089079","S01006626","S02001257","S34003128","S03000012","S99999999","S99999999","1","7B1",57.135873,-2.081416,"S99999999","","S23000009",1300,"S99999999","S99999999","","",""
"AB1 3JL","AB1  3JL","AB1 3JL","197308","197612","S99999999","S99999999","S12000033","S13002846","S99999999","0","395170","0805010","8","S08000020","S99999999","S92000003","S99999999","0","S14000002","S15000001","S09000001","S22000047","S03000012","S30000026","99ZZ00","S00000113","01C39","S99999999","S01000069","S02000012","1","5C1","S00089079","S01006626","S02001257","S34003128","S03000012","S99999999","S99999999","1","7B1",57.135972,-2.081433,"S99999999","","S23000009",1300,"S99999999","S99999999","","",""
"AB1 3JN","AB1  3JN","AB1 3JN","198001","199606","S99999999","S99999999","S12000033","S13002846","S99999999","0","395065","0804929","1","S08000020","S99999999","S92000003","S99999999","0","S14000002","S15000001","S09000001","S22000047","S03000012","S30000026","99ZZ00","S00000110","01C39","S99999999","S01000069","S02000012","1","5C2","S00089076","S01006626","S02001257","S34003128","S03000012","S99999999","S99999999","1","7B1",57.135243,-2.083166,"S99999999","","S23000009",1300,"S99999999","S99999999","","",""
"AB1 3JP","AB1  3JP","AB1 3JP","198001","199606","S99999999","S99999999","S12000033","S13002846","S99999999","0","395365","0804970","1","S08000020","S99999999","S92000003","S99999999","0","S14000002","S15000001","S09000001","S22000047","S03000012","S30000026","99ZZ00","S00000134","01C40","S99999999","S01000071","S02000015","1","5C2","S00089101","S01006632","S02001258","S34003083","S03000012","S99999999","S99999999","1","3C2",57.135614,-2.078210,"S99999999","","S23000009",1288,"S99999999","S99999999","","",""
"AB1 3JQ","AB1  3JQ","AB1 3JQ","198001","199606","S99999999","S99999999","S12000033","S13002846","S99999999","0","395344","0805006","1","S08000020","S99999999","S92000003","S99999999","0","S14000002","S15000001","S09000001","S22000047","S03000012","S30000026","99ZZ00","S00000135","01C40","S99999999","S01000071","S02000015","1","5C2","S00089102","S01006632","S02001258","S34003083","S03000012","S99999999","S99999999","1","7B1",57.135938,-2.078558,"S99999999","","S23000009",1288,"S99999999","S99999999","","",""
"AB1 3JR","AB1  3JR","AB1 3JR","198001","199606","S99999999","S99999999","S12000033","S13002846","S99999999","0","395123","0804892","1","S08000020","S99999999","S92000003","S99999999","0","S14000002","S15000001","S09000001","S22000047","S03000012","S30000026","99ZZ00","S00000112","01C39","S99999999","S01000069","S02000012","1","5A2","S00089078","S01006626","S02001257","S34003128","S03000012","S99999999","S99999999","1","7B3",57.134911,-2.082207,"S99999999","","S23000009",1300,"S99999999","S99999999","","",""
"AB1 3JS","AB1  3JS","AB1 3JS","198001","199606","S99999999","S99999999","S12000033","S13002846","S99999999","0","395273","0805065","1","S08000020","S99999999","S92000003","S99999999","0","S14000002","S15000001","S09000001","S22000047","S03000012","S30000026","99ZZ00","S00000136","01C40","S99999999","S01000071","S02000015","1","2A1","S00089103","S01006632","S02001258","S34003083","S03000012","S99999999","S99999999","1","2C2",57.136467,-2.079732,"S99999999","","S23000009",1288,"S99999999","S99999999","","",""
"AB1 3JT","AB1  3JT","AB1 3JT","198001","199606","S99999999","S99999999","S12000033","S13002846","S99999999","0","395287","0804957","1","S08000020","S99999999","S92000003","S99999999","0","S14000002","S15000001","S09000001","S22000047","S03000012","S30000026","99ZZ00","S00000121","01C39","S99999999","S01000071","S02000015","1","5C2","S00089087","S01006632","S02001258","S34003128","S03000012","S99999999","S99999999","1","7A1",57.135497,-2.079499,"S99999999","","S23000009",1288,"S99999999","S99999999","","",""
"AB1 3JU","AB1  3JU","AB1 3JU","198001","199606","S99999999","S99999999","S12000033","S13002846","S99999999","0","395129","0804844","1","S08000020","S99999999","S92000003","S99999999","0","S14000002","S15000001","S09000001","S22000047","S03000012","S30000026","99ZZ00","S00000116","01C39","S99999999","S01000071","S02000015","1","5A1","S00089082","S01006632","S02001258","S34003128","S03000012","S99999999","S99999999","1","7B1",57.134480,-2.082107,"S99999999","","S23000009",1288,"S99999999","S99999999","","",""
"AB1 3JW","AB1  3JW","AB1 3JW","198001","199606","S99999999","S99999999","S12000033","S13002846","S99999999","0","395155","0804808","1","S08000020","S99999999","S92000003","S99999999","0","S14000002","S15000001","S09000001","S22000047","S03000012","S30000026","99ZZ00","S00000115","01C39","S99999999","S01000071","S02000015","1","5A1","S00089081","S01006632","S02001258","S34003128","S03000012","S99999999","S99999999","1","7B3",57.134157,-2.081677,"S99999999","","S23000009",1288,"S99999999","S99999999","","",""
"AB1 3JX","AB1  3JX","AB1 3JX","198001","199606","S99999999","S99999999","S12000033","S13002846","S99999999","0","395292","0804851","1","S08000020","S99999999","S92000003","S99999999","0","S14000002","S15000001","S09000001","S22000047","S03000012","S30000026","99ZZ00","S00000121","01C39","S99999999","S01000071","S02000015","1","5C2","S00089087","S01006632","S02001258","S34003128","S03000012","S99999999","S99999999","1","7A1",57.134545,-2.079414,"S99999999","","S23000009",1288,"S99999999","S99999999","","",""
"AB1 3JY","AB1  3JY","AB1 3JY","198001","199606","S99999999","S99999999","S12000033","S13002846","S99999999","0","395297","0804768","1","S08000020","S99999999","S92000003","S99999999","0","S14000002","S15000001","S09000001","S22000047","S03000012","S30000026","99ZZ00","S00000123","01C40","S99999999","S01000070","S02000015","1","5B4","S00089089","S01006635","S02001258","S34003135","S03000012","S99999999","S99999999","1","7A3",57.133799,-2.079330,"S99999999","","S23000009",1480,"S99999999","S99999999","","",""
"AB1 3JZ","AB1  3JZ","AB1 3JZ","198001","199606","S99999999","S99999999","S12000033","S13002846","S99999999","0","395323","0804841","1","S08000020","S99999999","S92000003","S99999999","0","S14000002","S15000001","S09000001","S22000047","S03000012","S30000026","99ZZ00","S00000132","01C40","S99999999","S01000070","S02000015","1","5C2","S00089099","S01006635","S02001258","S34003135","S03000012","S99999999","S99999999","1","7B1",57.134455,-2.078902,"S99999999","","S23000009",1480,"S99999999","S99999999","","",""
"AB1 3LA","AB1  3LA","AB1 3LA","198001","199606","S99999999","S99999999","S12000033","S13002846","S99999999","0","395250","0804907","1","S08000020","S99999999","S92000003","S99999999","0","S14000002","S15000001","S09000001","S22000047","S03000012","S30000026","99ZZ00","S00000121","01C39","S99999999","S01000071","S02000015","1","5C2","S00089087","S01006632","S02001258","S34003128","S03000012","S99999999","S99999999","1","7A1",57.135047,-2.080109,"S99999999","","S23000009",1288,"S99999999","S99999999","","",""
"AB1 3LB","AB1  3LB","AB1 3LB","198001","199606","S99999999","S99999999","S12000033","S13002846","S99999999","0","395367","0804886","1","S08000020","S99999999","S92000003","S99999999","0","S14000002","S15000001","S09000001","S22000047","S03000012","S30000026","99ZZ00","S00000131","01C40","S99999999","S01000071","S02000015","1","5C2","S00089097","S01006632","S02001258","S34003135","S03000012","S99999999","S99999999","1","7B1",57.134860,-2.078176,"S99999999","","S23000009",1288,"S99999999","S99999999","","",""
"AB1 3LD","AB1  3LD","AB1 3LD","198001","199606","S99999999","S99999999","S12000033","S13002846","S99999999","0","395342","0804923","1","S08000020","S99999999","S92000003","S99999999","0","S14000002","S15000001","S09000001","S22000047","S03000012","S30000026","99ZZ00","S00000131","01C40","S99999999","S01000071","S02000015","1","5C2","S00089098","S01006632","S02001258","S34003135","S03000012","S99999999","S99999999","1","7B1",57.135192,-2.078589,"S99999999","","S23000009",1288,"S99999999","S99999999","","",""
"AB1 3LE","AB1  3LE","AB1 3LE","198001","199606","S99999999","S99999999","S12000033","S13002846","S99999999","0","395453","0804905","1","S08000020","S99999999","S92000003","S99999999","0","S14000002","S15000001","S09000001","S22000047","S03000012","S30000026","99ZZ00","S00001419","01C40","S99999999","S01000070","S02000015","1","5C2","S00090464","S01006635","S02001258","S34003142","S03000012","S99999999","S99999999","1","3C2",57.135031,-2.076755,"S99999999","","S23000009",1480,"S99999999","S99999999","","",""
"AB1 3LF","AB1  3LF","AB1 3LF","198001","199606","S99999999","S99999999","S12000033","S13002846","S99999999","0","395498","0804993","1","S08000020","S99999999","S92000003","S99999999","0","S14000002","S15000001","S09000001","S22000047","S03000012","S30000026","99ZZ00","S00001420","01C40","S99999999","S01000070","S02000015","1","5B1","S00090465","S01006635","S02001258","S34003083","S03000012","S99999999","S99999999","1","7A3",57.135822,-2.076013,"S99999999","","S23000009",1480,"S99999999","S99999999","","",""
"AB1 3LG","AB1  3LG","AB1 3LG","198001","199606","S99999999","S99999999","S12000033","S13002846","S99999999","0","395797","0805147","1","S08000020","S99999999","S92000003","S99999999","0","S14000002","S15000001","S09000001","S22000047","S03000012","S30000026","99ZZ00","S00000144","01C40","S99999999","S01000082","S02000015","1","5C3","S00089111","S01006631","S02001258","S34003062","S03000012","S99999999","S99999999","1","7A1",57.137209,-2.071076,"S99999999","","S23000009",1207,"S99999999","S99999999","","",""
"AB1 3LH","AB1  3LH","AB1 3LH","198001","199606","S99999999","S99999999","S12000033","S13002846","S99999999","0","395909","0805186","1","S08000020","S99999999","S92000003","S99999999","0","S14000002","S15000001","S09000001","S22000047","S03000012","S30000026","99ZZ00","S00000141","01C40","S99999999","S01000082","S02000015","1","5C2","S00089108","S01006631","S02001258","S34003038","S03000012","S99999999","S99999999","1","7B1",57.137560,-2.069226,"S99999999","","S23000009",1207,"S99999999","S99999999","","",""
"AB1 3LL","AB1  3LL","AB1 3LL","198001","199606","S99999999","S99999999","S12000033","S13002846","S99999999","0","395334","0804774","1","S08000020","S99999999","S92000003","S99999999","0","S14000002","S15000001","S09000001","S22000047","S03000012","S30000026","99ZZ00","S00000132","01C40","S99999999","S01000070","S02000015","1","5C2","S00089099","S01006635","S02001258","S34003135","S03000012","S99999999","S99999999","1","7B1",57.133853,-2.078719,"S99999999","","S23000009",1480,"S99999999","S99999999","","",""
"AB1 3LN","AB1  3LN","AB1 3LN","198001","199606","S99999999","S99999999","S12000033","S13002846","S99999999","0","395579","0804981","1","S08000020","S99999999","S92000003","S99999999","0","S14000002","S15000001","S09000001","S22000047","S03000012","S30000026","99ZZ00","S00000133","01C40","S99999999","S01000070","S02000015","1","5B2","S00089100","S01006635","S02001258","S34003083","S03000012","S99999999","S99999999","1","7C1",57.135715,-2.074675,"S99999999","","S23000009",1480,"S99999999","S99999999","","",""
"AB1 3LP","AB1  3LP","AB1 3LP","198001","199606","S99999999","S99999999","S12000033","S13002846","S99999999","0","395577","0805013","1","S08000020","S99999999","S92000003","S99999999","0","S14000002","S15000001","S09000001","S22000047","S03000012","S30000026","99ZZ00","S00000133","01C40","S99999999","S01000070","S02000015","1","5B2","S00089100","S01006635","S02001258","S34003083","S03000012","S99999999","S99999999","1","7C1",57.136003,-2.074709,"S99999999","","S23000009",1480,"S99999999","S99999999","","",""
"AB1 3LQ","AB1  3LQ","AB1 3LQ","198001","199606","S99999999","S99999999","S12000033","S13002846","S99999999","0","395682","0805056","1","S08000020","S99999999","S92000003","S99999999","0","S14000002","S15000001","S09000001","S22000047","S03000012","S30000026","99ZZ00","S00001539","01C40","S99999999","S01000082","S02000015","1","5A2","S00090594","S01006631","S02001258","S34003083","S03000012","S99999999","S99999999","1","7D3",57.136390,-2.072975,"S99999999","","S23000009",1207,"S99999999","S99999999","","",""
"AB1 3LS","AB1  3LS","AB1 3LS","198001","199606","S99999999","S99999999","S12000033","S13002846","S99999999","0","394742","0805300","1","S08000020","S99999999","S92000003","S99999999","0","S14000002","S15000001","S09000001","S22000047","S03000012","S30000026","99ZZ00","S00000102","01C39","S99999999","S01000084","S02000012","1","2A1","S00089068","S01006627","S02001257","S34003074","S03000012","S99999999","S99999999","1","7B1",57.138572,-2.088510,"S99999999","","S23000009",1238,"S99999999","S99999999","","",""
"AB1 3LT","AB1  3LT","AB1 3LT","198001","199606","S99999999","S99999999","S12000033","S13002846","S99999999","0","394769","0805238","1","S08000020","S99999999","S92000003","S99999999","0","S14000002","S15000001","S09000001","S22000047","S03000012","S30000026","99ZZ00","S00000104","01C39","S99999999","S01000084","S02000012","1","5C2","S00089070","S01006628","S02001257","S34003074","S03000012","S99999999","S99999999","1","2C2",57.138015,-2.088063,"S99999999","","S23000009",2163,"S99999999","S99999999","","",""
"AB1 3LU","AB1  3LU","AB1 3LU","198001","199606","S99999999","S99999999","S12000033","S13002846","S99999999","0","394796","0805202","1","S08000020","S99999999","S92000003","S99999999","0","S14000002","S15000001","S09000001","S22000047","S03000012","S30000026","99ZZ00","S00000103","01C39","S99999999","S01000078","S02000012","1","2A1","S00089070","S01006628","S02001257","S34003074","S03000012","S99999999","S99999999","1","2C2",57.137692,-2.087616,"S99999999","","S23000009",2163,"S99999999","S99999999","","",""
"AB1 3LX","AB1  3LX","AB1 3LX","198001","199606","S99999999","S99999999","S12000033","S13002846","S99999999","0","394845","0805150","1","S08000020","S99999999","S92000003","S99999999","0","S14000002","S15000001","S09000001","S22000047","S03000012","S30000026","99ZZ00","S00001535","01C39","S99999999","S01000084","S02000012","1","5C2","S00090590","S01006627","S02001257","S34003083","S03000012","S99999999","S99999999","1","3C2",57.137226,-2.086805,"S99999999","","S23000009",1238,"S99999999","S99999999","","",""
"AB1 3LY","AB1  3LY","AB1 3LY","198001","199606","S99999999","S99999999","S12000033","S13002846","S99999999","0","394905","0805121","1","S08000020","S99999999","S92000003","S99999999","0","S14000002","S15000001","S09000001","S22000047","S03000012","S30000026","99ZZ00","S00000103","01C39","S99999999","S01000078","S02000012","1","2A1","S00089069","S01006628","S02001257","S34003128","S03000012","S99999999","S99999999","1","7B1",57.136966,-2.085813,"S99999999","","S23000009",2163,"S99999999","S99999999","","",""
"AB1 3NA","AB1  3NA","AB1 3NA","198001","199606","S99999999","S99999999","S12000033","S13002846","S99999999","0","394972","0805099","1","S08000020","S99999999","S92000003","S99999999","0","S14000002","S15000001","S09000001","S22000047","S03000012","S30000026","99ZZ00","S00000107","01C39","S99999999","S01000084","S02000012","1","2A1","S00089073","S01006627","S02001257","S34003128","S03000012","S99999999","S99999999","1","2C2",57.136769,-2.084706,"S99999999","","S23000009",1238,"S99999999","S99999999","","",""
"AB1 3NB","AB1  3NB","AB1 3NB","198001","199606","S99999999","S99999999","S12000033","S13002846","S99999999","0","395004","0805097","1","S08000020","S99999999","S92000003","S99999999","0","S14000002","S15000001","S09000001","S22000047","S03000012","S30000026","99ZZ00","S00000106","01C39","S99999999","S01000084","S02000012","1","2A1","S00089072","S01006627","S02001257","S34003128","S03000012","S99999999","S99999999","1","2C2",57.136751,-2.084177,"S99999999","","S23000009",1238,"S99999999","S99999999","","",""
"AB1 3ND","AB1  3ND","AB1 3ND","198001","199606","S99999999","S99999999","S12000033","S13002846","S99999999","0","395044","0805098","1","S08000020","S99999999","S92000003","S99999999","0","S14000002","S15000001","S09000001","S22000047","S03000012","S30000026","99ZZ00","S00000106","01C39","S99999999","S01000084","S02000012","1","2A1","S00089072","S01006627","S02001257","S34003128","S03000012","S99999999","S99999999","1","2C2",57.136761,-2.083516,"S99999999","","S23000009",1238,"S99999999","S99999999","","",""
"AB1 3NE","AB1  3NE","AB1 3NE","198001","199606","S99999999","S99999999","S12000033","S13002846","S99999999","0","395137","0805103","1","S08000020","S99999999","S92000003","S99999999","0","S14000002","S15000001","S09000001","S22000047","S03000012","S30000026","99ZZ00","S00000105","01C39","S99999999","S01000084","S02000012","1","2A1","S00089071","S01006627","S02001257","S34003128","S03000012","S99999999","S99999999","1","7B1",57.136807,-2.081980,"S99999999","","S23000009",1238,"S99999999","S99999999","","",""
"AB1 3NF","AB1  3NF","AB1 3NF","198001","199606","S99999999","S99999999","S12000033","S13002846","S99999999","0","395675","0805114","1","S08000020","S99999999","S92000003","S99999999","0","S14000002","S15000001","S09000001","S22000047","S03000012","S30000026","99ZZ00","S00001539","01C40","S99999999","S01000082","S02000015","1","5A2","S00090594","S01006631","S02001258","S34003083","S03000012","S99999999","S99999999","1","7D3",57.136911,-2.073091,"S99999999","","S23000009",1207,"S99999999","S99999999","","",""
"AB1 3NH","AB1  3NH","AB1 3NH","198001","199606","S99999999","S99999999","S12000033","S13002846","S99999999","0","395218","0805098","1","S08000020","S99999999","S92000003","S99999999","0","S14000002","S15000001","S09000001","S22000047","S03000012","S30000026","99ZZ00","S00001536","01C39","S99999999","S01000084","S02000012","1","5C2","S00090591","S01006627","S02001257","S34003083","S03000012","S99999999","S99999999","1","2C2",57.136763,-2.080641,"S99999999","","S23000009",1238,"S99999999","S99999999","","",""
"AB1 3NJ","AB1  3NJ","AB1 3NJ","198001","199606","S99999999","S99999999","S12000033","S13002846","S99999999","0","394915","0805067","1","S08000020","S99999999","S92000003","S99999999","0","S14000002","S15000001","S09000001","S22000047","S03000012","S30000026","99ZZ00","S00000107","01C39","S99999999","S01000084","S02000012","1","2A1","S00089073","S01006627","S02001257","S34003128","S03000012","S99999999","S99999999","1","2C2",57.136481,-2.085647,"S99999999","","S23000009",1238,"S99999999","S99999999","","",""
"AB1 3NL","AB1  3NL","AB1 3NL","198001","199606","S99999999","S99999999","S12000033","S13002846","S99999999","0","395007","0805061","1","S08000020","S99999999","S92000003","S99999999","0","S14000002","S15000001","S09000001","S22000047","S03000012","S30000026","99ZZ00","S00000106","01C39","S99999999","S01000084","S02000012","1","2A1","S00089072","S01006627","S02001257","S34003128","S03000012","S99999999","S99999999","1","2C2",57.136428,-2.084127,"S99999999","","S23000009",1238,"S99999999","S99999999","","",""
"AB1 3NN","AB1  3NN","AB1 3NN","198001","199606","S99999999","S99999999","S12000033","S13002846","S99999999","0","395079","0805057","1","S08000020","S99999999","S92000003","S99999999","0","S14000002","S15000001","S09000001","S22000047","S03000012","S30000026","99ZZ00","S00001355","01C39","S99999999","S01000084","S02000012","1","2A1","S00090388","S01006627","S02001257","S34003128","S03000012","S99999999","S99999999","1","2C2",57.136393,-2.082937,"S99999999","","S23000009",1238,"S99999999","S99999999","","",""
"AB1 3NP","AB1  3NP","AB1 3NP","198001","199606","S99999999","S99999999","S12000033","S13002846","S99999999","0","395199","0805064","1","S08000020","S99999999","S92000003","S99999999","0","S14000002","S15000001","S09000001","S22000047","S03000012","S30000026","99ZZ00","S00001355","01C39","S99999999","S01000084","S02000012","1","2A1","S00090388","S01006627","S02001257","S34003128","S03000012","S99999999","S99999999","1","2C2",57.136457,-2.080955,"S99999999","","S23000009",1238,"S99999999","S99999999","","",""
"AB1 3NQ","AB1  3NQ","AB1 3NQ","198001","199606","S99999999","S99999999","S12000033","S13002846","S99999999","0","395319","0805112","1","S08000020","S99999999","S92000003","S99999999","0","S14000002","S15000001","S09000001","S22000047","S03000012","S30000026","99ZZ00","S00001535","01C39","S99999999","S01000084","S02000012","1","5C2","S00090589","S01006627","S02001257","S34003083","S03000012","S99999999","S99999999","1","3D2",57.136890,-2.078973,"S99999999","","S23000009",1238,"S99999999","S99999999","","",""
"AB1 3NR","AB1  3NR","AB1 3NR","198001","199606","S99999999","S99999999","S12000033","S13002846","S99999999","0","395290","0805070","1","S08000020","S99999999","S92000003","S99999999","0","S14000002","S15000001","S09000001","S22000047","S03000012","S30000026","99ZZ00","S00000136","01C40","S99999999","S01000071","S02000015","1","2A1","S00089103","S01006632","S02001258","S34003083","S03000012","S99999999","S99999999","1","2C2",57.136512,-2.079451,"S99999999","","S23000009",1288,"S99999999","S99999999","","",""
"AB1 3NS","AB1  3NS","AB1 3NS","198001","199606","S99999999","S99999999","S12000033","S13002846","S99999999","0","395357","0805074","1","S08000020","S99999999","S92000003","S99999999","0","S14000002","S15000001","S09000001","S22000047","S03000012","S30000026","99ZZ00","S00000136","01C40","S99999999","S01000071","S02000015","1","2A1","S00089103","S01006632","S02001258","S34003083","S03000012","S99999999","S99999999","1","2C2",57.136549,-2.078344,"S99999999","","S23000009",1288,"S99999999","S99999999","","",""
"AB1 3NT","AB1  3NT","AB1 3NT","198001","199606","S99999999","S99999999","S12000033","S13002846","S99999999","0","395441","0805117","1","S08000020","S99999999","S92000003","S99999999","0","S14000002","S15000001","S09000001","S22000047","S03000012","S30000026","99ZZ00","S00001539","01C40","S99999999","S01000082","S02000015","1","5A2","S00090594","S01006631","S02001258","S34003083","S03000012","S99999999","S99999999","1","7D3",57.136936,-2.076957,"S99999999","","S23000009",1207,"S99999999","S99999999","","",""
"AB1 3NU","AB1  3NU","AB1 3NU","198001","199606","S99999999","S99999999","S12000033","S13002846","S99999999","0","395497","0805091","1","S08000020","S99999999","S92000003","S99999999","0","S14000002","S15000001","S09000001","S22000047","S03000012","S30000026","99ZZ00","S00000133","01C40","S99999999","S01000070","S02000015","1","5B2","S00089100","S01006635","S02001258","S34003083","S03000012","S99999999","S99999999","1","7C1",57.136703,-2.076032,"S99999999","","S23000009",1480,"S99999999","S99999999","","",""
"AB1 3NW","AB1  3NW","AB1 3NW","198610","199606","S99999999","S99999999","S12000033","S13002846","S99999999","0","395111","0805109","1","S08000020","S99999999","S92000003","S99999999","0","S14000002","S15000001","S09000001","S22000047","S03000012","S30000026","99ZZ00","S00000105","01C39","S99999999","S01000084","S02000012","1","2A1","S00089071","S01006627","S02001257","S34003128","S03000012","S99999999","S99999999","1","7B1",57.136860,-2.082409,"S99999999","","S23000009",1238,"S99999999","S99999999","","",""
"AB1 3NX","AB1  3NX","AB1 3NX","198001","199606","S99999999","S99999999","S12000033","S13002846","S99999999","0","395681","0805195","1","S08000020","S99999999","S92000003","S99999999","0","S14000002","S15000001","S09000001","S22000047","S03000012","S30000026","99ZZ00","S00000142","01C39","S99999999","S01000082","S02000015","1","2A1","S00089109","S01006631","S02001258","S34002996","S03000012","S99999999","S99999999","1","3C2",57.137639,-2.072994,"S99999999","","S23000009",1207,"S99999999","S99999999","","",""
"AB1 3NY","AB1  3NY","AB1 3NY","198001","199606","S99999999","S99999999","S12000033","S13002846","S99999999","0","395703","0805162","1","S08000020","S99999999","S92000003","S99999999","0","S14000002","S15000001","S09000001","S22000047","S03000012","S30000026","99ZZ00","S00000142","01C39","S99999999","S01000082","S02000015","1","2A1","S00089109","S01006631","S02001258","S34002996","S03000012","S99999999","S99999999","1","3C2",57.137343,-2.072630,"S99999999","","S23000009",1207,"S99999999","S99999999","","",""
"AB1 3PA","AB1  3PA","AB1 3PA","198001","199606","S99999999","S99999999","S12000033","S13002846","S99999999","0","395838","0805203","1","S08000020","S99999999","S92000003","S99999999","0","S14000002","S15000001","S09000001","S22000047","S03000012","S30000026","99ZZ00","S00000140","01C40","S99999999","S01000082","S02000015","1","5B3","S00089107","S01006631","S02001258","S34002996","S03000012","S99999999","S99999999","1","7B1",57.137712,-2.070400,"S99999999","","S23000009",1207,"S99999999","S99999999","","",""
"AB1 3PB","AB1  3PB","AB1 3PB","198001","199606","S99999999","S99999999","S12000033","S13002846","S99999999","0","394802","0805345","1","S08000020","S99999999","S92000003","S99999999","0","S14000002","S15000001","S09000001","S22000047","S03000012","S30000026","99ZZ00","S00000102","01C39","S99999999","S01000084","S02000012","1","2A1","S00089068","S01006627","S02001257","S34003074","S03000012","S99999999","S99999999","1","7B1",57.138977,-2.087520,"S99999999","","S23000009",1238,"S99999999","S99999999","","",""
"AB1 3PE","AB1  3PE","AB1 3PE","198001","199606","S99999999","S99999999","S12000033","S13002846","S99999999","0","395481","0805240","1","S08000020","S99999999","S92000003","S99999999","0","S14000002","S15000001","S09000001","S22000047","S03000012","S30000026","99ZZ00","S00000139","01C39","S99999999","S01000082","S02000015","1","6B1","S00089106","S01006631","S02001258","S34003038","S03000012","S99999999","S99999999","1","7A1",57.138041,-2.076299,"S99999999","","S23000009",1207,"S99999999","S99999999","","",""
"AB1 3PJ","AB1  3PJ","AB1 3PJ","199205","199606","S99999999","S99999999","S12000033","S13002846","S99999999","0","395034","0805236","1","S08000020","S99999999","S92000003","S99999999","0","S14000002","S15000001","S09000001","S22000047","S03000012","S30000026","99ZZ00","S00001535","01C39","S99999999","S01000084","S02000012","1","5C2","S00090590","S01006627","S02001257","S34003083","S03000012","S99999999","S99999999","1","3C2",57.138000,-2.083684,"S99999999","","S23000009",1238,"S99999999","S99999999","","",""
"AB1 3PL","AB1  3PL","AB1 3PL","198001","199606","S99999999","S99999999","S12000033","S13002846","S99999999","0","394761","0805288","1","S08000020","S99999999","S92000003","S99999999","0","S14000002","S15000001","S09000001","S22000047","S03000012","S30000026","99ZZ00","S00000104","01C39","S99999999","S01000084","S02000012","1","5C2","S00089070","S01006628","S02001257","S34003074","S03000012","S99999999","S99999999","1","2C2",57.138464,-2.088196,"S99999999","","S23000009",2163,"S99999999","S99999999","","",""
"AB1 3PN","AB1  3PN","AB1 3PN","198001","199606","S99999999","S99999999","S12000033","S13002846","S99999999","0","394811","0805253","1","S08000020","S99999999","S92000003","S99999999","0","S14000002","S15000001","S09000001","S22000047","S03000012","S30000026","99ZZ00","S00000104","01C39","S99999999","S01000084","S02000012","1","5C2","S00089070","S01006628","S02001257","S34003074","S03000012","S99999999","S99999999","1","2C2",57.138151,-2.087369,"S99999999","","S23000009",2163,"S99999999","S99999999","","",""
"AB1 3PP","AB1  3PP","AB1 3PP","198001","199606","S99999999","S99999999","S12000033","S13002846","S99999999","0","395110","0805252","1","S08000020","S99999999","S92000003","S99999999","0","S14000002","S15000001","S09000001","S22000047","S03000012","S30000026","99ZZ00","S00001535","01C39","S99999999","S01000084","S02000012","1","5C2","S00090590","S01006627","S02001257","S34003083","S03000012","S99999999","S99999999","1","3C2",57.138145,-2.082429,"S99999999","","S23000009",1238,"S99999999","S99999999","","",""
"AB1 3PQ","AB1  3PQ","AB1 3PQ","197308","198011","S99999999","S99999999","S12000033","S13002846","S99999999","0","395410","0805250","8","S08000020","S99999999","S92000003","S99999999","0","S14000002","S15000001","S09000001","S22000047","S03000012","S30000026","99ZZ00","S00000139","01C39","S99999999","S01000082","S02000015","1","6B1","S00089106","S01006631","S02001258","S34003038","S03000012","S99999999","S99999999","1","7A1",57.138130,-2.077472,"S99999999","","S23000009",1207,"S99999999","S99999999","","",""
"AB1 3PR","AB1  3PR","AB1 3PR","198001","199606","S99999999","S99999999","S12000033","S13002846","S99999999","0","395395","0805302","1","S08000020","S99999999","S92000003","S99999999","0","S14000002","S15000001","S09000001","S22000047","S03000012","S30000026","99ZZ00","S00000139","01C39","S99999999","S01000082","S02000015","1","6B1","S00089106","S01006631","S02001258","S34003038","S03000012","S99999999","S99999999","1","7A1",57.138597,-2.077721,"S99999999","","S23000009",1207,"S99999999","S99999999","","",""
"AB1 3PS","AB1  3PS","AB1 3PS","198001","199606","S99999999","S99999999","S12000033","S13002846","S99999999","0","395536","0805411","1","S08000020","S99999999","S92000003","S99999999","0","S14000002","S15000001","S09000001","S22000047","S03000012","S30000026","99ZZ00","S00000139","01C39","S99999999","S01000082","S02000015","1","6B1","S00089106","S01006631","S02001258","S34003038","S03000012","S99999999","S99999999","1","7A1",57.139578,-2.075393,"S99999999","","S23000009",1207,"S99999999","S99999999","","",""
"AB1 3PT","AB1  3PT","AB1 3PT","197308","197612","S99999999","S99999999","S12000033","S13002846","S99999999","0","395550","0805380","8","S08000020","S99999999","S92000003","S99999999","0","S14000002","S15000001","S09000001","S22000047","S03000012","S30000026","99ZZ00","S00000139","01C39","S99999999","S01000082","S02000015","1","6B1","S00089106","S01006631","S02001258","S34003038","S03000012","S99999999","S99999999","1","7A1",57.139299,-2.075161,"S99999999","","S23000009",1207,"S99999999","S99999999","","",""
"AB1 3PU","AB1  3PU","AB1 3PU","197308","197612","S99999999","S99999999","S12000033","S13002846","S99999999","0","395550","0805390","8","S08000020","S99999999","S92000003","S99999999","0","S14000002","S15000001","S09000001","S22000047","S03000012","S30000026","99ZZ00","S00000139","01C39","S99999999","S01000082","S02000015","1","6B1","S00089106","S01006631","S02001258","S34003038","S03000012","S99999999","S99999999","1","7A1",57.139389,-2.075162,"S99999999","","S23000009",1207,"S99999999","S99999999","","",""
"AB1 3PX","AB1  3PX","AB1 3PX","197308","197705","S99999999","S99999999","S12000033","S13002846","S99999999","0","395540","0805340","8","S08000020","S99999999","S92000003","S99999999","0","S14000002","S15000001","S09000001","S22000047","S03000012","S30000026","99ZZ00","S00000139","01C39","S99999999","S01000082","S02000015","1","6B1","S00089106","S01006631","S02001258","S34003038","S03000012","S99999999","S99999999","1","7A1",57.138940,-2.075326,"S99999999","","S23000009",1207,"S99999999","S99999999","","",""
"AB1 3PY","AB1  3PY","AB1 3PY","197308","197612","S99999999","S99999999","S12000033","S13002846","S99999999","0","395540","0805350","8","S08000020","S99999999","S92000003","S99999999","0","S14000002","S15000001","S09000001","S22000047","S03000012","S30000026","99ZZ00","S00000139","01C39","S99999999","S01000082","S02000015","1","6B1","S00089106","S01006631","S02001258","S34003038","S03000012","S99999999","S99999999","1","7A1",57.139030,-2.075326,"S99999999","","S23000009",1207,"S99999999","S99999999","","",""
"AB1 3QA","AB1  3QA","AB1 3QA","198001","199606","S99999999","S99999999","S12000033","S13002846","S99999999","0","395566","0805311","1","S08000020","S99999999","S92000003","S99999999","0","S14000002","S15000001","S09000001","S22000047","S03000012","S30000026","99ZZ00","S00000138","01C39","S99999999","S01000082","S02000015","1","2B1","S00089105","S01006631","S02001258","S34002996","S03000012","S99999999","S99999999","1","7B3",57.138680,-2.074896,"S99999999","","S23000009",1207,"S99999999","S99999999","","",""
"AB1 3QB","AB1  3QB","AB1 3QB","198001","199606","S99999999","S99999999","S12000033","S13002846","S99999999","0","395569","0805313","1","S08000020","S99999999","S92000003","S99999999","0","S14000002","S15000001","S09000001","S22000047","S03000012","S30000026","99ZZ00","S00000138","01C39","S99999999","S01000082","S02000015","1","2B1","S00089105","S01006631","S02001258","S34002996","S03000012","S99999999","S99999999","1","7B3",57.138698,-2.074846,"S99999999","","S23000009",1207,"S99999999","S99999999","","",""
"AB1 3QD","AB1  3QD","AB1 3QD","198001","199606","S99999999","S99999999","S12000033","S13002846","S99999999","0","395646","0805297","1","S08000020","S99999999","S92000003","S99999999","0","S14000002","S15000001","S09000001","S22000047","S03000012","S30000026","99ZZ00","S00000138","01C39","S99999999","S01000082","S02000015","1","2B1","S00089105","S01006631","S02001258","S34002996","S03000012","S99999999","S99999999","1","7B3",57.138555,-2.073574,"S99999999","","S23000009",1207,"S99999999","S99999999","","",""
"AB1 3QE","AB1  3QE","AB1 3QE","198001","199606","S99999999","S99999999","S12000033","S13002846","S99999999","0","395593","0805225","1","S08000020","S99999999","S92000003","S99999999","0","S14000002","S15000001","S09000001","S22000047","S03000012","S30000026","99ZZ00","S00001539","01C40","S99999999","S01000082","S02000015","1","5A2","S00090594","S01006631","S02001258","S34003083","S03000012","S99999999","S99999999","1","7D3",57.137907,-2.074448,"S99999999","","S23000009",1207,"S99999999","S99999999","","",""
